-- ============================================================
-- 04_trips_members.sql
-- trip.trips, trip.trip_regions, trip.trip_members, trip.trip_invites
-- 22 trips across multiple regions; members + invites
-- ============================================================

BEGIN;

-- ------------------------------------------------------------
-- trip.trips (22 trips)
-- Pattern: c0000000-0000-4000-8000-0000000000NN
-- ------------------------------------------------------------

-- ---- Trip 1: 제주도 3박 4일 감성 여행 (owner: u02 박서연) ----
INSERT INTO trip.trips (id, owner_user_id, title, display_destination, status, itinerary_version) VALUES
  ('c0000000-0000-4000-8000-000000000001','a0000000-0000-4000-8000-000000000002','제주도 3박 4일 감성 여행','제주특별자치도','ACTIVE', 7);

-- ---- Trip 2: 부산 해운대 가족여행 (owner: u03 이도윤) ----
INSERT INTO trip.trips (id, owner_user_id, title, display_destination, status, itinerary_version) VALUES
  ('c0000000-0000-4000-8000-000000000002','a0000000-0000-4000-8000-000000000003','부산 해운대 가족여행','부산광역시','ACTIVE', 4);

-- ---- Trip 3: 강릉 바다 카페 투어 (owner: u04 최민서) ----
INSERT INTO trip.trips (id, owner_user_id, title, display_destination, status, itinerary_version) VALUES
  ('c0000000-0000-4000-8000-000000000003','a0000000-0000-4000-8000-000000000004','강릉 바다 카페 투어','강원특별자치도','ACTIVE', 3);

-- ---- Trip 4: 경주 역사 탐방 (owner: u05 정예준) ----
INSERT INTO trip.trips (id, owner_user_id, title, display_destination, status, itinerary_version) VALUES
  ('c0000000-0000-4000-8000-000000000004','a0000000-0000-4000-8000-000000000005','경주 역사 탐방 2박 3일','경상북도','ACTIVE', 5);

-- ---- Trip 5: 여수 밤바다 로맨틱 (owner: u06 강하준) ----
INSERT INTO trip.trips (id, owner_user_id, title, display_destination, status, itinerary_version) VALUES
  ('c0000000-0000-4000-8000-000000000005','a0000000-0000-4000-8000-000000000006','여수 밤바다 로맨틱 데이트','전라남도','ACTIVE', 2);

-- ---- Trip 6: 속초·양양 서핑 여행 (owner: u07 윤서아) ----
INSERT INTO trip.trips (id, owner_user_id, title, display_destination, status, itinerary_version) VALUES
  ('c0000000-0000-4000-8000-000000000006','a0000000-0000-4000-8000-000000000007','속초·양양 서핑 여행','강원특별자치도','ACTIVE', 6);

-- ---- Trip 7: 전주 한옥마을 미식 여행 (owner: u08 조지아) ----
INSERT INTO trip.trips (id, owner_user_id, title, display_destination, status, itinerary_version) VALUES
  ('c0000000-0000-4000-8000-000000000007','a0000000-0000-4000-8000-000000000008','전주 한옥마을 미식 여행','전북특별자치도','ACTIVE', 2);

-- ---- Trip 8: 거제·통영 남해안 드라이브 (owner: u09 임시우) ----
INSERT INTO trip.trips (id, owner_user_id, title, display_destination, status, itinerary_version) VALUES
  ('c0000000-0000-4000-8000-000000000008','a0000000-0000-4000-8000-000000000009','거제·통영 남해안 드라이브','경상남도','ACTIVE', 3);

-- ---- Trip 9: 서울 도심 힐링 데이트 (owner: u10 배수빈) ----
INSERT INTO trip.trips (id, owner_user_id, title, display_destination, status, itinerary_version) VALUES
  ('c0000000-0000-4000-8000-000000000009','a0000000-0000-4000-8000-000000000010','서울 도심 힐링 데이트 코스','서울특별시','ACTIVE', 1);

-- ---- Trip 10: 평창 겨울 스키 여행 (owner: u11 오지호) ----
INSERT INTO trip.trips (id, owner_user_id, title, display_destination, status, itinerary_version) VALUES
  ('c0000000-0000-4000-8000-000000000010','a0000000-0000-4000-8000-000000000011','평창 겨울 스키 여행','강원특별자치도','ARCHIVED', 4);

-- ---- Trip 11: 제주 서귀포 워케이션 (owner: u12 한서준) ----
INSERT INTO trip.trips (id, owner_user_id, title, display_destination, status, itinerary_version) VALUES
  ('c0000000-0000-4000-8000-000000000011','a0000000-0000-4000-8000-000000000012','제주 서귀포 워케이션 1주일','제주특별자치도','ACTIVE', 8);

-- ---- Trip 12: 담양 대나무숲 나들이 (owner: u13 신지유) ----
INSERT INTO trip.trips (id, owner_user_id, title, display_destination, status, itinerary_version) VALUES
  ('c0000000-0000-4000-8000-000000000012','a0000000-0000-4000-8000-000000000013','담양 대나무숲 힐링 나들이','전라남도','ACTIVE', 1);

-- ---- Trip 13: 순천만 자연 탐방 (owner: u14 권도현) ----
INSERT INTO trip.trips (id, owner_user_id, title, display_destination, status, itinerary_version) VALUES
  ('c0000000-0000-4000-8000-000000000013','a0000000-0000-4000-8000-000000000014','순천만 습지 자연 탐방','전라남도','ACTIVE', 2);

-- ---- Trip 14: 가평·청평 당일치기 (owner: u15 백하린) ----
INSERT INTO trip.trips (id, owner_user_id, title, display_destination, status, itinerary_version) VALUES
  ('c0000000-0000-4000-8000-000000000014','a0000000-0000-4000-8000-000000000015','가평 청평 호수 당일치기','경기도','ACTIVE', 1);

-- ---- Trip 15: 부산 송정 감성 카페 (owner: u01 김지훈) ----
INSERT INTO trip.trips (id, owner_user_id, title, display_destination, status, itinerary_version) VALUES
  ('c0000000-0000-4000-8000-000000000015','a0000000-0000-4000-8000-000000000001','부산 송정 감성 카페 투어','부산광역시','ACTIVE', 3);

-- ---- Trip 16: 안동 하회마을 전통 체험 (owner: u17 전예원) ----
INSERT INTO trip.trips (id, owner_user_id, title, display_destination, status, itinerary_version) VALUES
  ('c0000000-0000-4000-8000-000000000016','a0000000-0000-4000-8000-000000000017','안동 하회마을 전통 체험','경상북도','ACTIVE', 1);

-- ---- Trip 17: 보령 머드축제 여행 (owner: u18 황준서) ----
INSERT INTO trip.trips (id, owner_user_id, title, display_destination, status, itinerary_version) VALUES
  ('c0000000-0000-4000-8000-000000000017','a0000000-0000-4000-8000-000000000018','보령 머드축제 여름 여행','충청남도','ACTIVE', 2);

-- ---- Trip 18: 태안 해안 국립공원 트레킹 (owner: u19 류하윤) ----
INSERT INTO trip.trips (id, owner_user_id, title, display_destination, status, itinerary_version) VALUES
  ('c0000000-0000-4000-8000-000000000018','a0000000-0000-4000-8000-000000000019','태안 해안 국립공원 트레킹','충청남도','ACTIVE', 1);

-- ---- Trip 19: 수원 화성 역사 산책 (owner: u20 고서윤) ----
INSERT INTO trip.trips (id, owner_user_id, title, display_destination, status, itinerary_version) VALUES
  ('c0000000-0000-4000-8000-000000000019','a0000000-0000-4000-8000-000000000020','수원 화성 역사 산책','경기도','ACTIVE', 1);

-- ---- Trip 20: 제주 동쪽 코스 드라이브 (owner: u02 박서연) ----
INSERT INTO trip.trips (id, owner_user_id, title, display_destination, status, itinerary_version) VALUES
  ('c0000000-0000-4000-8000-000000000020','a0000000-0000-4000-8000-000000000002','제주 동쪽 코스 드라이브','제주특별자치도','ACTIVE', 3);

-- ---- Trip 21: 강릉 커피 축제 (owner: u04 최민서) ----
INSERT INTO trip.trips (id, owner_user_id, title, display_destination, status, itinerary_version) VALUES
  ('c0000000-0000-4000-8000-000000000021','a0000000-0000-4000-8000-000000000004','강릉 커피 축제 가을 여행','강원특별자치도','ACTIVE', 2);

-- ---- Trip 22: 고창 보리수풀 힐링 (owner: u13 신지유) ----
INSERT INTO trip.trips (id, owner_user_id, title, display_destination, status, itinerary_version) VALUES
  ('c0000000-0000-4000-8000-000000000022','a0000000-0000-4000-8000-000000000013','고창 보리밭 힐링 여행','전북특별자치도','ACTIVE', 1)
ON CONFLICT (id) DO NOTHING;

-- ------------------------------------------------------------
-- trip.trip_regions
-- ------------------------------------------------------------
INSERT INTO trip.trip_regions (trip_id, legal_region_code, sort_order) VALUES
  ('c0000000-0000-4000-8000-000000000001','5011000000',0),
  ('c0000000-0000-4000-8000-000000000001','5013000000',1),
  ('c0000000-0000-4000-8000-000000000002','2626000000',0),
  ('c0000000-0000-4000-8000-000000000002','2635000000',1),
  ('c0000000-0000-4000-8000-000000000003','4215000000',0),
  ('c0000000-0000-4000-8000-000000000004','4713000000',0),
  ('c0000000-0000-4000-8000-000000000005','4613000000',0),
  ('c0000000-0000-4000-8000-000000000006','4221000000',0),
  ('c0000000-0000-4000-8000-000000000006','4280000000',1),
  ('c0000000-0000-4000-8000-000000000007','4511000000',0),
  ('c0000000-0000-4000-8000-000000000008','4817000000',0),
  ('c0000000-0000-4000-8000-000000000008','4812000000',1),
  ('c0000000-0000-4000-8000-000000000009','1111000000',0),
  ('c0000000-0000-4000-8000-000000000009','1168000000',1),
  ('c0000000-0000-4000-8000-000000000010','4276000000',0),
  ('c0000000-0000-4000-8000-000000000011','5013000000',0),
  ('c0000000-0000-4000-8000-000000000012','4624000000',0),
  ('c0000000-0000-4000-8000-000000000013','4611000000',0),
  ('c0000000-0000-4000-8000-000000000014','4117000000',0),
  ('c0000000-0000-4000-8000-000000000015','2635052000',0),
  ('c0000000-0000-4000-8000-000000000016','4790000000',0),
  ('c0000000-0000-4000-8000-000000000017','4476000000',0),
  ('c0000000-0000-4000-8000-000000000018','4482500000',0),
  ('c0000000-0000-4000-8000-000000000019','4113000000',0),
  ('c0000000-0000-4000-8000-000000000020','5011025000',0),
  ('c0000000-0000-4000-8000-000000000021','4215067000',0),
  ('c0000000-0000-4000-8000-000000000022','4518000000',0)
ON CONFLICT (trip_id, legal_region_code) DO NOTHING;

-- ------------------------------------------------------------
-- trip.trip_members
-- OWNER + MEMBER per trip, some with LEFT/REMOVED for history
-- ------------------------------------------------------------
INSERT INTO trip.trip_members (id, trip_id, user_id, role, status)
SELECT seed_id::uuid, seed_trip_id::uuid, seed_user_id::uuid, 'MEMBER', seed_status
FROM (VALUES
  -- Trip 1 (제주도 감성) — u02 OWNER, u01/u04/u07 MEMBERS
  ('e1000000-0000-4000-8000-000000000001','c0000000-0000-4000-8000-000000000001','a0000000-0000-4000-8000-000000000002','OWNER','ACTIVE'),
  ('e1000000-0000-4000-8000-000000000002','c0000000-0000-4000-8000-000000000001','a0000000-0000-4000-8000-000000000001','MEMBER','ACTIVE'),
  ('e1000000-0000-4000-8000-000000000003','c0000000-0000-4000-8000-000000000001','a0000000-0000-4000-8000-000000000004','MEMBER','ACTIVE'),
  ('e1000000-0000-4000-8000-000000000004','c0000000-0000-4000-8000-000000000001','a0000000-0000-4000-8000-000000000007','MEMBER','ACTIVE'),
  -- Trip 2 (부산 가족)
  ('e1000000-0000-4000-8000-000000000005','c0000000-0000-4000-8000-000000000002','a0000000-0000-4000-8000-000000000003','OWNER','ACTIVE'),
  ('e1000000-0000-4000-8000-000000000006','c0000000-0000-4000-8000-000000000002','a0000000-0000-4000-8000-000000000006','MEMBER','ACTIVE'),
  ('e1000000-0000-4000-8000-000000000007','c0000000-0000-4000-8000-000000000002','a0000000-0000-4000-8000-000000000010','MEMBER','ACTIVE'),
  -- Trip 3 (강릉 카페)
  ('e1000000-0000-4000-8000-000000000008','c0000000-0000-4000-8000-000000000003','a0000000-0000-4000-8000-000000000004','OWNER','ACTIVE'),
  ('e1000000-0000-4000-8000-000000000009','c0000000-0000-4000-8000-000000000003','a0000000-0000-4000-8000-000000000007','MEMBER','ACTIVE'),
  ('e1000000-0000-4000-8000-000000000010','c0000000-0000-4000-8000-000000000003','a0000000-0000-4000-8000-000000000012','MEMBER','ACTIVE'),
  -- Trip 4 (경주 역사)
  ('e1000000-0000-4000-8000-000000000011','c0000000-0000-4000-8000-000000000004','a0000000-0000-4000-8000-000000000005','OWNER','ACTIVE'),
  ('e1000000-0000-4000-8000-000000000012','c0000000-0000-4000-8000-000000000004','a0000000-0000-4000-8000-000000000008','MEMBER','ACTIVE'),
  -- Trip 5 (여수 로맨틱)
  ('e1000000-0000-4000-8000-000000000013','c0000000-0000-4000-8000-000000000005','a0000000-0000-4000-8000-000000000006','OWNER','ACTIVE'),
  ('e1000000-0000-4000-8000-000000000014','c0000000-0000-4000-8000-000000000005','a0000000-0000-4000-8000-000000000013','MEMBER','ACTIVE'),
  -- Trip 6 (속초 양양 서핑)
  ('e1000000-0000-4000-8000-000000000015','c0000000-0000-4000-8000-000000000006','a0000000-0000-4000-8000-000000000007','OWNER','ACTIVE'),
  ('e1000000-0000-4000-8000-000000000016','c0000000-0000-4000-8000-000000000006','a0000000-0000-4000-8000-000000000009','MEMBER','ACTIVE'),
  ('e1000000-0000-4000-8000-000000000017','c0000000-0000-4000-8000-000000000006','a0000000-0000-4000-8000-000000000011','MEMBER','ACTIVE'),
  -- Trip 7 (전주 미식)
  ('e1000000-0000-4000-8000-000000000018','c0000000-0000-4000-8000-000000000007','a0000000-0000-4000-8000-000000000008','OWNER','ACTIVE'),
  ('e1000000-0000-4000-8000-000000000019','c0000000-0000-4000-8000-000000000007','a0000000-0000-4000-8000-000000000014','MEMBER','ACTIVE'),
  -- Trip 8 (거제 통영)
  ('e1000000-0000-4000-8000-000000000020','c0000000-0000-4000-8000-000000000008','a0000000-0000-4000-8000-000000000009','OWNER','ACTIVE'),
  ('e1000000-0000-4000-8000-000000000021','c0000000-0000-4000-8000-000000000008','a0000000-0000-4000-8000-000000000015','MEMBER','ACTIVE'),
  -- Trip 9 (서울 데이트)
  ('e1000000-0000-4000-8000-000000000022','c0000000-0000-4000-8000-000000000009','a0000000-0000-4000-8000-000000000010','OWNER','ACTIVE'),
  ('e1000000-0000-4000-8000-000000000023','c0000000-0000-4000-8000-000000000009','a0000000-0000-4000-8000-000000000017','MEMBER','ACTIVE'),
  -- Trip 10 (평창 스키)
  ('e1000000-0000-4000-8000-000000000024','c0000000-0000-4000-8000-000000000010','a0000000-0000-4000-8000-000000000011','OWNER','ACTIVE'),
  ('e1000000-0000-4000-8000-000000000025','c0000000-0000-4000-8000-000000000010','a0000000-0000-4000-8000-000000000018','MEMBER','LEFT'),
  -- Trip 11 (제주 워케이션)
  ('e1000000-0000-4000-8000-000000000026','c0000000-0000-4000-8000-000000000011','a0000000-0000-4000-8000-000000000012','OWNER','ACTIVE'),
  -- Trip 12 (담양)
  ('e1000000-0000-4000-8000-000000000027','c0000000-0000-4000-8000-000000000012','a0000000-0000-4000-8000-000000000013','OWNER','ACTIVE'),
  ('e1000000-0000-4000-8000-000000000028','c0000000-0000-4000-8000-000000000012','a0000000-0000-4000-8000-000000000019','MEMBER','ACTIVE'),
  -- Trip 13 (순천만)
  ('e1000000-0000-4000-8000-000000000029','c0000000-0000-4000-8000-000000000013','a0000000-0000-4000-8000-000000000014','OWNER','ACTIVE'),
  -- Trip 14 (가평)
  ('e1000000-0000-4000-8000-000000000030','c0000000-0000-4000-8000-000000000014','a0000000-0000-4000-8000-000000000015','OWNER','ACTIVE'),
  ('e1000000-0000-4000-8000-000000000031','c0000000-0000-4000-8000-000000000014','a0000000-0000-4000-8000-000000000020','MEMBER','ACTIVE'),
  -- Trip 15 (부산 송정)
  ('e1000000-0000-4000-8000-000000000032','c0000000-0000-4000-8000-000000000015','a0000000-0000-4000-8000-000000000001','OWNER','ACTIVE'),
  ('e1000000-0000-4000-8000-000000000033','c0000000-0000-4000-8000-000000000015','a0000000-0000-4000-8000-000000000002','MEMBER','ACTIVE'),
  -- Trip 16 (안동)
  ('e1000000-0000-4000-8000-000000000034','c0000000-0000-4000-8000-000000000016','a0000000-0000-4000-8000-000000000017','OWNER','ACTIVE'),
  -- Trip 17 (보령)
  ('e1000000-0000-4000-8000-000000000035','c0000000-0000-4000-8000-000000000017','a0000000-0000-4000-8000-000000000018','OWNER','ACTIVE'),
  ('e1000000-0000-4000-8000-000000000036','c0000000-0000-4000-8000-000000000017','a0000000-0000-4000-8000-000000000020','MEMBER','ACTIVE'),
  -- Trip 18 (태안)
  ('e1000000-0000-4000-8000-000000000037','c0000000-0000-4000-8000-000000000018','a0000000-0000-4000-8000-000000000019','OWNER','ACTIVE'),
  -- Trip 19 (수원)
  ('e1000000-0000-4000-8000-000000000038','c0000000-0000-4000-8000-000000000019','a0000000-0000-4000-8000-000000000020','OWNER','ACTIVE'),
  -- Trip 20 (제주 동쪽)
  ('e1000000-0000-4000-8000-000000000039','c0000000-0000-4000-8000-000000000020','a0000000-0000-4000-8000-000000000002','OWNER','ACTIVE'),
  ('e1000000-0000-4000-8000-000000000040','c0000000-0000-4000-8000-000000000020','a0000000-0000-4000-8000-000000000005','MEMBER','ACTIVE'),
  -- Trip 21 (강릉 커피축제)
  ('e1000000-0000-4000-8000-000000000041','c0000000-0000-4000-8000-000000000021','a0000000-0000-4000-8000-000000000004','OWNER','ACTIVE'),
  ('e1000000-0000-4000-8000-000000000042','c0000000-0000-4000-8000-000000000021','a0000000-0000-4000-8000-000000000010','MEMBER','ACTIVE'),
  -- Trip 22 (고창)
  ('e1000000-0000-4000-8000-000000000043','c0000000-0000-4000-8000-000000000022','a0000000-0000-4000-8000-000000000013','OWNER','ACTIVE'),
  ('e1000000-0000-4000-8000-000000000044','c0000000-0000-4000-8000-000000000022','a0000000-0000-4000-8000-000000000019','MEMBER','REMOVED')
) AS seed(seed_id, seed_trip_id, seed_user_id, ignored_role, seed_status)
ON CONFLICT DO NOTHING;

-- ------------------------------------------------------------
-- trip.trip_invites
-- PENDING, ACCEPTED, REVOKED, EXPIRED for testing
-- ------------------------------------------------------------
INSERT INTO trip.trip_invites (id, trip_id, created_by_user_id, invitee_user_id, invite_code, invite_token_hash, status, expires_at, accepted_by_user_id, accepted_at, revoked_at) VALUES
  ('f1000000-0000-4000-8000-000000000001','c0000000-0000-4000-8000-000000000001','a0000000-0000-4000-8000-000000000002','a0000000-0000-4000-8000-000000000004','CODE-JEJU-001','token_hash_001','ACCEPTED','2026-06-01 23:59:59+09','a0000000-0000-4000-8000-000000000004','2026-05-28 10:00:00+09',NULL),
  ('f1000000-0000-4000-8000-000000000002','c0000000-0000-4000-8000-000000000001','a0000000-0000-4000-8000-000000000002','a0000000-0000-4000-8000-000000000007','CODE-JEJU-002','token_hash_002','ACCEPTED','2026-06-01 23:59:59+09','a0000000-0000-4000-8000-000000000007','2026-05-29 15:00:00+09',NULL),
  ('f1000000-0000-4000-8000-000000000003','c0000000-0000-4000-8000-000000000003','a0000000-0000-4000-8000-000000000004','a0000000-0000-4000-8000-000000000012','CODE-GNG-001', 'token_hash_003','ACCEPTED','2026-06-10 23:59:59+09','a0000000-0000-4000-8000-000000000012','2026-06-05 09:30:00+09',NULL),
  ('f1000000-0000-4000-8000-000000000004','c0000000-0000-4000-8000-000000000006','a0000000-0000-4000-8000-000000000007','a0000000-0000-4000-8000-000000000011','CODE-SURF-001','token_hash_004','ACCEPTED','2026-06-15 23:59:59+09','a0000000-0000-4000-8000-000000000011','2026-06-08 14:00:00+09',NULL),
  ('f1000000-0000-4000-8000-000000000005','c0000000-0000-4000-8000-000000000002','a0000000-0000-4000-8000-000000000003','a0000000-0000-4000-8000-000000000010','CODE-BUSAN-01','token_hash_005','ACCEPTED','2026-06-20 23:59:59+09','a0000000-0000-4000-8000-000000000010','2026-06-09 11:00:00+09',NULL),
  ('f1000000-0000-4000-8000-000000000006','c0000000-0000-4000-8000-000000000001','a0000000-0000-4000-8000-000000000002','a0000000-0000-4000-8000-000000000009','CODE-JEJU-003','token_hash_006','PENDING', '2026-07-01 23:59:59+09',NULL,NULL,NULL),
  ('f1000000-0000-4000-8000-000000000007','c0000000-0000-4000-8000-000000000004','a0000000-0000-4000-8000-000000000005','a0000000-0000-4000-8000-000000000014','CODE-GJ-001',  'token_hash_007','PENDING', '2026-06-30 23:59:59+09',NULL,NULL,NULL),
  ('f1000000-0000-4000-8000-000000000008','c0000000-0000-4000-8000-000000000008','a0000000-0000-4000-8000-000000000009','a0000000-0000-4000-8000-000000000020','CODE-GEO-001', 'token_hash_008','PENDING', '2026-07-05 23:59:59+09',NULL,NULL,NULL),
  ('f1000000-0000-4000-8000-000000000009','c0000000-0000-4000-8000-000000000011','a0000000-0000-4000-8000-000000000012','a0000000-0000-4000-8000-000000000018','CODE-JEJU-WK', 'token_hash_009','REVOKED', '2026-06-25 23:59:59+09',NULL,NULL,'2026-06-10 08:00:00+09'),
  ('f1000000-0000-4000-8000-000000000010','c0000000-0000-4000-8000-000000000010','a0000000-0000-4000-8000-000000000011','a0000000-0000-4000-8000-000000000019','CODE-SKI-001', 'token_hash_010','EXPIRED', '2026-03-01 23:59:59+09',NULL,NULL,NULL)
ON CONFLICT (id) DO NOTHING;

COMMIT;
