-- ============================================================
-- 07_preference.sql
-- preference.preference_tags, place_tag_enrichments,
-- place_tag_enrichment_tags, user_place_reactions,
-- user_swipe_events, user_preference_tag_weights,
-- user_saved_places
-- ============================================================
-- Tag pattern:       2b000000-0000-4000-8000-0000000000NN
-- Enrichment:        6e000000-0000-4000-8000-0000000000NN
-- Reaction/Swipe/Saved: bigserial or UUID
-- ============================================================

BEGIN;

-- ============================================================
-- Preference Tags (hierarchical — parent + child)
-- ============================================================
INSERT INTO preference.preference_tags (id, code, display_name, parent_tag_id, description, is_active) VALUES
  -- Top-level categories
  ('2b000000-0000-4000-8000-000000000001','nature',      '자연/풍경',      NULL, '자연경관 관련 태그',                true),
  ('2b000000-0000-4000-8000-000000000002','food',        '음식',            NULL, '맛집/음식 태그',                    true),
  ('2b000000-0000-4000-8000-000000000003','culture',     '문화/역사',       NULL, '역사 문화 태그',                    true),
  ('2b000000-0000-4000-8000-000000000004','activity',    '액티비티',        NULL, '레저/스포츠 태그',                  true),
  ('2b000000-0000-4000-8000-000000000005','relax',       '휴양/힐링',       NULL, '휴식 관련 태그',                    true),
  ('2b000000-0000-4000-8000-000000000006','photo',       '사진/감성',       NULL, '인생샷 명소 태그',                  true),
  ('2b000000-0000-4000-8000-000000000007','cafe',        '카페',            NULL, '카페/디저트 태그',                  true),
  -- Children of nature
  ('2b000000-0000-4000-8000-000000000011','ocean',       '바다/해변',       '2b000000-0000-4000-8000-000000000001','해변, 바다 명소', true),
  ('2b000000-0000-4000-8000-000000000012','mountain',    '산/등산',         '2b000000-0000-4000-8000-000000000001','산, 국립공원',   true),
  ('2b000000-0000-4000-8000-000000000013','waterfall',   '폭포',            '2b000000-0000-4000-8000-000000000001','폭포 명소',      true),
  -- Children of food
  ('2b000000-0000-4000-8000-000000000021','seafood',     '해산물',          '2b000000-0000-4000-8000-000000000002','해산물 맛집',    true),
  ('2b000000-0000-4000-8000-000000000022','local-food',  '향토음식',        '2b000000-0000-4000-8000-000000000002','지역 향토음식',  true),
  ('2b000000-0000-4000-8000-000000000023','dessert',     '디저트',          '2b000000-0000-4000-8000-000000000002','디저트, 베이커리',true),
  -- Children of culture
  ('2b000000-0000-4000-8000-000000000031','temple',      '사찰',            '2b000000-0000-4000-8000-000000000003','사찰, 불교문화', true),
  ('2b000000-0000-4000-8000-000000000032','hanok',       '한옥',            '2b000000-0000-4000-8000-000000000003','한옥마을, 전통', true),
  ('2b000000-0000-4000-8000-000000000033','museum',      '박물관',          '2b000000-0000-4000-8000-000000000003','박물관, 전시',   true),
  -- Children of activity
  ('2b000000-0000-4000-8000-000000000041','surfing',     '서핑',            '2b000000-0000-4000-8000-000000000004','서핑 명소',      true),
  ('2b000000-0000-4000-8000-000000000042','skiing',      '스키',            '2b000000-0000-4000-8000-000000000004','스키장',         true),
  ('2b000000-0000-4000-8000-000000000043','hiking',      '트레킹',          '2b000000-0000-4000-8000-000000000004','등산, 트레킹',   true),
  -- Children of relax
  ('2b000000-0000-4000-8000-000000000051','hot-spring',  '온천',            '2b000000-0000-4000-8000-000000000005','온천, 스파',     true),
  ('2b000000-0000-4000-8000-000000000052','beach-rest',  '해변 휴양',       '2b000000-0000-4000-8000-000000000005','해변에서 휴식', true),
  -- Children of photo
  ('2b000000-0000-4000-8000-000000000061','sunset',      '일몰 명소',       '2b000000-0000-4000-8000-000000000006','일몰 사진 명소', true),
  ('2b000000-0000-4000-8000-000000000062','sunrise',     '일출 명소',       '2b000000-0000-4000-8000-000000000006','일출 사진 명소', true),
  ('2b000000-0000-4000-8000-000000000063','night-view',  '야경',            '2b000000-0000-4000-8000-000000000006','야경 명소',      true),
  -- Children of cafe
  ('2b000000-0000-4000-8000-000000000071','ocean-cafe',  '오션뷰 카페',     '2b000000-0000-4000-8000-000000000007','바다 보이는 카페',true),
  ('2b000000-0000-4000-8000-000000000072','roastery',    '로스터리',        '2b000000-0000-4000-8000-000000000007','직접 로스팅 카페',true)
ON CONFLICT (id) DO NOTHING;

-- ============================================================
-- Place Tag Enrichments (external places from KAKAO)
-- At least 25 enrichments for pagination + search
-- ============================================================
INSERT INTO preference.place_tag_enrichments (id, provider, external_place_id, source_modified_at, source_hash, status, model_provider, model_name, prompt_version, tag_dictionary_version, enriched_at) VALUES
  ('6e000000-0000-4000-8000-000000000001','KAKAO','11897234','2026-05-01 00:00:00+09','hash_pl001','SUCCEEDED','anthropic','claude-sonnet-4-6','v1.2','v3.0','2026-05-02 10:00:00+09'),
  ('6e000000-0000-4000-8000-000000000002','KAKAO','27534592','2026-05-01 00:00:00+09','hash_pl002','SUCCEEDED','anthropic','claude-sonnet-4-6','v1.2','v3.0','2026-05-02 10:05:00+09'),
  ('6e000000-0000-4000-8000-000000000003','KAKAO','8239472', '2026-05-01 00:00:00+09','hash_pl003','SUCCEEDED','anthropic','claude-sonnet-4-6','v1.2','v3.0','2026-05-02 10:10:00+09'),
  ('6e000000-0000-4000-8000-000000000004','KAKAO','78923471','2026-05-01 00:00:00+09','hash_pl004','SUCCEEDED','anthropic','claude-sonnet-4-6','v1.2','v3.0','2026-05-02 10:15:00+09'),
  ('6e000000-0000-4000-8000-000000000005','KAKAO','81234567','2026-05-01 00:00:00+09','hash_pl005','SUCCEEDED','anthropic','claude-sonnet-4-6','v1.2','v3.0','2026-05-02 10:20:00+09'),
  ('6e000000-0000-4000-8000-000000000006','KAKAO','26748591','2026-05-01 00:00:00+09','hash_pl006','SUCCEEDED','anthropic','claude-sonnet-4-6','v1.2','v3.0','2026-05-02 10:25:00+09'),
  ('6e000000-0000-4000-8000-000000000007','KAKAO','89712346','2026-05-01 00:00:00+09','hash_pl007','SUCCEEDED','anthropic','claude-sonnet-4-6','v1.2','v3.0','2026-05-02 10:30:00+09'),
  ('6e000000-0000-4000-8000-000000000008','KAKAO','24591827','2026-05-01 00:00:00+09','hash_pl008','SUCCEEDED','anthropic','claude-sonnet-4-6','v1.2','v3.0','2026-05-02 10:35:00+09'),
  ('6e000000-0000-4000-8000-000000000009','KAKAO','72384729','2026-05-01 00:00:00+09','hash_pl009','SUCCEEDED','anthropic','claude-sonnet-4-6','v1.2','v3.0','2026-05-02 10:40:00+09'),
  ('6e000000-0000-4000-8000-000000000010','KAKAO','21384710','2026-05-01 00:00:00+09','hash_pl010','SUCCEEDED','anthropic','claude-sonnet-4-6','v1.2','v3.0','2026-05-02 10:45:00+09'),
  ('6e000000-0000-4000-8000-000000000011','KAKAO','18273645','2026-05-01 00:00:00+09','hash_pl011','SUCCEEDED','anthropic','claude-sonnet-4-6','v1.2','v3.0','2026-05-02 10:50:00+09'),
  ('6e000000-0000-4000-8000-000000000012','KAKAO','38475869','2026-05-01 00:00:00+09','hash_pl012','SUCCEEDED','anthropic','claude-sonnet-4-6','v1.2','v3.0','2026-05-02 10:55:00+09'),
  ('6e000000-0000-4000-8000-000000000013','KAKAO','12131415','2026-05-01 00:00:00+09','hash_pl013','SUCCEEDED','anthropic','claude-sonnet-4-6','v1.2','v3.0','2026-05-02 11:00:00+09'),
  ('6e000000-0000-4000-8000-000000000014','KAKAO','24252627','2026-05-01 00:00:00+09','hash_pl014','SUCCEEDED','anthropic','claude-sonnet-4-6','v1.2','v3.0','2026-05-02 11:05:00+09'),
  ('6e000000-0000-4000-8000-000000000015','KAKAO','11223344','2026-05-01 00:00:00+09','hash_pl015','SUCCEEDED','anthropic','claude-sonnet-4-6','v1.2','v3.0','2026-05-02 11:10:00+09'),
  ('6e000000-0000-4000-8000-000000000016','KAKAO','16171819','2026-05-01 00:00:00+09','hash_pl016','SUCCEEDED','anthropic','claude-sonnet-4-6','v1.2','v3.0','2026-05-02 11:15:00+09'),
  ('6e000000-0000-4000-8000-000000000017','KAKAO','77889910','2026-05-01 00:00:00+09','hash_pl017','SUCCEEDED','anthropic','claude-sonnet-4-6','v1.2','v3.0','2026-05-02 11:20:00+09'),
  ('6e000000-0000-4000-8000-000000000018','KAKAO','99001122','2026-05-01 00:00:00+09','hash_pl018','SUCCEEDED','anthropic','claude-sonnet-4-6','v1.2','v3.0','2026-05-02 11:25:00+09'),
  ('6e000000-0000-4000-8000-000000000019','KAKAO','84729103','2026-05-01 00:00:00+09','hash_pl019','SUCCEEDED','anthropic','claude-sonnet-4-6','v1.2','v3.0','2026-05-02 11:30:00+09'),
  ('6e000000-0000-4000-8000-000000000020','KAKAO','91827364','2026-05-01 00:00:00+09','hash_pl020','SUCCEEDED','anthropic','claude-sonnet-4-6','v1.2','v3.0','2026-05-02 11:35:00+09'),
  ('6e000000-0000-4000-8000-000000000021','KAKAO','20212223','2026-05-01 00:00:00+09','hash_pl021','SUCCEEDED','anthropic','claude-sonnet-4-6','v1.2','v3.0','2026-05-02 11:40:00+09'),
  ('6e000000-0000-4000-8000-000000000022','KAKAO','31323334','2026-05-01 00:00:00+09','hash_pl022','SUCCEEDED','anthropic','claude-sonnet-4-6','v1.2','v3.0','2026-05-02 11:45:00+09'),
  ('6e000000-0000-4000-8000-000000000023','KAKAO','33343536','2026-05-01 00:00:00+09','hash_pl023','SUCCEEDED','anthropic','claude-sonnet-4-6','v1.2','v3.0','2026-05-02 11:50:00+09'),
  ('6e000000-0000-4000-8000-000000000024','KAKAO','14151617','2026-05-01 00:00:00+09','hash_pl024','SUCCEEDED','anthropic','claude-sonnet-4-6','v1.2','v3.0','2026-05-02 11:55:00+09'),
  ('6e000000-0000-4000-8000-000000000025','KAKAO','28374658','2026-05-01 00:00:00+09','hash_pl025','SUCCEEDED','anthropic','claude-sonnet-4-6','v1.2','v3.0','2026-05-02 12:00:00+09')
ON CONFLICT (id) DO NOTHING;

-- ============================================================
-- Place Tag Enrichment Tags (links enrichments to tags)
-- ============================================================
INSERT INTO preference.place_tag_enrichment_tags (enrichment_id, tag_id, confidence, weight, rank_order, rationale) VALUES
  -- 11897234 제주공항 — not very taggable
  ('6e000000-0000-4000-8000-000000000001','2b000000-0000-4000-8000-000000000001',0.3000,0.5000,1,'공항 주변 자연 풍경'),
  -- 27534592 동문시장
  ('6e000000-0000-4000-8000-000000000002','2b000000-0000-4000-8000-000000000022',0.9500,1.2000,1,'동문시장 향토 음식 다수'),
  ('6e000000-0000-4000-8000-000000000002','2b000000-0000-4000-8000-000000000021',0.8000,1.0000,2,'해산물 식당 다수'),
  -- 8239472 까사 빛나는 오브렐
  ('6e000000-0000-4000-8000-000000000003','2b000000-0000-4000-8000-000000000071',0.9200,1.3000,1,'오션뷰 카페'),
  ('6e000000-0000-4000-8000-000000000003','2b000000-0000-4000-8000-000000000063',0.8500,1.0000,2,'노을 보이는 야경 카페'),
  -- 78923471 성산일출봉
  ('6e000000-0000-4000-8000-000000000004','2b000000-0000-4000-8000-000000000062',0.9800,1.5000,1,'대표적 일출 명소'),
  ('6e000000-0000-4000-8000-000000000004','2b000000-0000-4000-8000-000000000011',0.9000,1.3000,2,'해안 절경'),
  -- 81234567 우도
  ('6e000000-0000-4000-8000-000000000005','2b000000-0000-4000-8000-000000000011',0.9500,1.4000,1,'해변 명소'),
  ('6e000000-0000-4000-8000-000000000005','2b000000-0000-4000-8000-000000000041',0.7000,0.8000,2,'자전거/스노클링'),
  -- 26748591 정방폭포
  ('6e000000-0000-4000-8000-000000000006','2b000000-0000-4000-8000-000000000013',0.9700,1.4000,1,'바다로 떨어지는 폭포'),
  -- 89712346 주상절리대
  ('6e000000-0000-4000-8000-000000000007','2b000000-0000-4000-8000-000000000063',0.8500,1.1000,1,'주상절리 야경 명소'),
  -- 24591827 한라산
  ('6e000000-0000-4000-8000-000000000008','2b000000-0000-4000-8000-000000000012',0.9900,1.5000,1,'한국 최고봉 등산 코스'),
  ('6e000000-0000-4000-8000-000000000008','2b000000-0000-4000-8000-000000000043',0.9000,1.3000,2,'등산 트레킹 명소'),
  -- 72384729 해운대
  ('6e000000-0000-4000-8000-000000000009','2b000000-0000-4000-8000-000000000052',0.9500,1.4000,1,'해운대 해변 휴양'),
  ('6e000000-0000-4000-8000-000000000009','2b000000-0000-4000-8000-000000000063',0.8000,1.0000,2,'해운대 야경'),
  -- 21384710 광안리
  ('6e000000-0000-4000-8000-000000000010','2b000000-0000-4000-8000-000000000063',0.9200,1.3000,1,'광안대로 야경 명소'),
  ('6e000000-0000-4000-8000-000000000010','2b000000-0000-4000-8000-000000000011',0.9000,1.2000,2,'광안리 해변'),
  -- 18273645 안목 커피거리
  ('6e000000-0000-4000-8000-000000000011','2b000000-0000-4000-8000-000000000072',0.9500,1.4000,1,'로스터리 카페 거리'),
  ('6e000000-0000-4000-8000-000000000011','2b000000-0000-4000-8000-000000000071',0.8500,1.1000,2,'바다 보이는 카페'),
  -- 38475869 토즈 커피
  ('6e000000-0000-4000-8000-000000000012','2b000000-0000-4000-8000-000000000071',0.9000,1.2000,1,'오션뷰 카페'),
  -- 12131415 양양 해수욕장
  ('6e000000-0000-4000-8000-000000000013','2b000000-0000-4000-8000-000000000041',0.9500,1.5000,1,'서핑 명소'),
  ('6e000000-0000-4000-8000-000000000013','2b000000-0000-4000-8000-000000000011',0.8500,1.1000,2,'해변'),
  -- 24252627 오설록 뮤지엄
  ('6e000000-0000-4000-8000-000000000014','2b000000-0000-4000-8000-000000000072',0.9700,1.4000,1,'오설록 티 뮤지엄 로스터리'),
  -- 11223344 불국사
  ('6e000000-0000-4000-8000-000000000015','2b000000-0000-4000-8000-000000000031',0.9900,1.5000,1,'UNESCO 세계문화유산 사찰'),
  ('6e000000-0000-4000-8000-000000000015','2b000000-0000-4000-8000-000000000033',0.7000,0.8000,2,'불교 문화 유적'),
  -- 16171819 전주 한옥마을
  ('6e000000-0000-4000-8000-000000000016','2b000000-0000-4000-8000-000000000032',0.9800,1.5000,1,'전주 한옥마을'),
  ('6e000000-0000-4000-8000-000000000016','2b000000-0000-4000-8000-000000000022',0.9000,1.2000,2,'전주 비빔밥 향토음식'),
  -- 77889910 여수 엑스포
  ('6e000000-0000-4000-8000-000000000017','2b000000-0000-4000-8000-000000000063',0.8500,1.0000,1,'엑스포 야경'),
  -- 99001122 향일암
  ('6e000000-0000-4000-8000-000000000018','2b000000-0000-4000-8000-000000000031',0.8000,1.0000,1,'해안 사찰'),
  ('6e000000-0000-4000-8000-000000000018','2b000000-0000-4000-8000-000000000061',0.9000,1.3000,2,'일몰 명소'),
  -- 84729103 더베이 101
  ('6e000000-0000-4000-8000-000000000019','2b000000-0000-4000-8000-000000000063',0.9500,1.3000,1,'마린시티 야경 명소'),
  -- 91827364 기장 동백섬
  ('6e000000-0000-4000-8000-000000000020','2b000000-0000-4000-8000-000000000011',0.8500,1.1000,1,'기장 해안 절경'),
  -- 20212223 북촌 한옥마을
  ('6e000000-0000-4000-8000-000000000021','2b000000-0000-4000-8000-000000000032',0.9000,1.2000,1,'서울 한옥마을'),
  ('6e000000-0000-4000-8000-000000000021','2b000000-0000-4000-8000-000000000006',0.8500,1.0000,2,'사진 명소'),
  -- 31323334 송정 해수욕장
  ('6e000000-0000-4000-8000-000000000022','2b000000-0000-4000-8000-000000000052',0.9000,1.2000,1,'송정 해변 휴양'),
  ('6e000000-0000-4000-8000-000000000022','2b000000-0000-4000-8000-000000000071',0.8800,1.1000,2,'송정 감성 카페'),
  -- 33343536 대천해수욕장
  ('6e000000-0000-4000-8000-000000000023','2b000000-0000-4000-8000-000000000052',0.9000,1.2000,1,'대천 해변 휴양'),
  -- 14151617 설악산
  ('6e000000-0000-4000-8000-000000000024','2b000000-0000-4000-8000-000000000012',0.9900,1.5000,1,'설악산 국립공원'),
  ('6e000000-0000-4000-8000-000000000024','2b000000-0000-4000-8000-000000000043',0.9500,1.4000,2,'등산 트레킹'),
  -- 28374658 경포대
  ('6e000000-0000-4000-8000-000000000025','2b000000-0000-4000-8000-000000000011',0.8500,1.1000,1,'경포호 해변')
ON CONFLICT (enrichment_id, tag_id) DO NOTHING;

-- ============================================================
-- User Place Reactions (LIKE / NOPE / SUPER_LIKE)
-- Multiple users reacting to multiple places — for swipe feed & search
-- ============================================================
INSERT INTO preference.user_place_reactions (id, user_id, provider, external_place_id, reaction, reaction_count, first_reacted_at, last_reacted_at, place_tag_enrichment_id) VALUES
  -- User u02 reactions
  ('7e000000-0000-4000-8000-000000000001','a0000000-0000-4000-8000-000000000002','KAKAO','78923471','SUPER_LIKE',1,'2026-05-03 10:00:00+09','2026-05-03 10:00:00+09','6e000000-0000-4000-8000-000000000004'),
  ('7e000000-0000-4000-8000-000000000002','a0000000-0000-4000-8000-000000000002','KAKAO','81234567','LIKE',      1,'2026-05-03 10:05:00+09','2026-05-03 10:05:00+09','6e000000-0000-4000-8000-000000000005'),
  ('7e000000-0000-4000-8000-000000000003','a0000000-0000-4000-8000-000000000002','KAKAO','26748591','LIKE',      1,'2026-05-03 10:10:00+09','2026-05-03 10:10:00+09','6e000000-0000-4000-8000-000000000006'),
  ('7e000000-0000-4000-8000-000000000004','a0000000-0000-4000-8000-000000000002','KAKAO','8239472', 'SUPER_LIKE',1,'2026-05-03 10:15:00+09','2026-05-03 10:15:00+09','6e000000-0000-4000-8000-000000000003'),
  ('7e000000-0000-4000-8000-000000000005','a0000000-0000-4000-8000-000000000002','KAKAO','24591827','LIKE',      1,'2026-05-03 10:20:00+09','2026-05-03 10:20:00+09','6e000000-0000-4000-8000-000000000008'),
  ('7e000000-0000-4000-8000-000000000006','a0000000-0000-4000-8000-000000000002','KAKAO','11897234','NOPE',      1,'2026-05-03 10:25:00+09','2026-05-03 10:25:00+09','6e000000-0000-4000-8000-000000000001'),
  -- User u04 reactions
  ('7e000000-0000-4000-8000-000000000010','a0000000-0000-4000-8000-000000000004','KAKAO','18273645','SUPER_LIKE',1,'2026-05-04 09:00:00+09','2026-05-04 09:00:00+09','6e000000-0000-4000-8000-000000000011'),
  ('7e000000-0000-4000-8000-000000000011','a0000000-0000-4000-8000-000000000004','KAKAO','38475869','LIKE',      1,'2026-05-04 09:05:00+09','2026-05-04 09:05:00+09','6e000000-0000-4000-8000-000000000012'),
  ('7e000000-0000-4000-8000-000000000012','a0000000-0000-4000-8000-000000000004','KAKAO','28374658','LIKE',      1,'2026-05-04 09:10:00+09','2026-05-04 09:10:00+09','6e000000-0000-4000-8000-000000000025'),
  ('7e000000-0000-4000-8000-000000000013','a0000000-0000-4000-8000-000000000004','KAKAO','27534592','LIKE',      1,'2026-05-04 09:15:00+09','2026-05-04 09:15:00+09','6e000000-0000-4000-8000-000000000002'),
  -- User u07 reactions
  ('7e000000-0000-4000-8000-000000000020','a0000000-0000-4000-8000-000000000007','KAKAO','78923471','LIKE',      1,'2026-05-05 11:00:00+09','2026-05-05 11:00:00+09','6e000000-0000-4000-8000-000000000004'),
  ('7e000000-0000-4000-8000-000000000021','a0000000-0000-4000-8000-000000000007','KAKAO','81234567','SUPER_LIKE',1,'2026-05-05 11:05:00+09','2026-05-05 11:05:00+09','6e000000-0000-4000-8000-000000000005'),
  ('7e000000-0000-4000-8000-000000000022','a0000000-0000-4000-8000-000000000007','KAKAO','72384729','LIKE',      1,'2026-05-05 11:10:00+09','2026-05-05 11:10:00+09','6e000000-0000-4000-8000-000000000009'),
  ('7e000000-0000-4000-8000-000000000023','a0000000-0000-4000-8000-000000000007','KAKAO','21384710','LIKE',      1,'2026-05-05 11:15:00+09','2026-05-05 11:15:00+09','6e000000-0000-4000-8000-000000000010'),
  -- User u03 reactions
  ('7e000000-0000-4000-8000-000000000030','a0000000-0000-4000-8000-000000000003','KAKAO','72384729','LIKE',      1,'2026-05-06 14:00:00+09','2026-05-06 14:00:00+09','6e000000-0000-4000-8000-000000000009'),
  ('7e000000-0000-4000-8000-000000000031','a0000000-0000-4000-8000-000000000003','KAKAO','21384710','LIKE',      1,'2026-05-06 14:05:00+09','2026-05-06 14:05:00+09','6e000000-0000-4000-8000-000000000010'),
  ('7e000000-0000-4000-8000-000000000032','a0000000-0000-4000-8000-000000000003','KAKAO','84729103','SUPER_LIKE',1,'2026-05-06 14:10:00+09','2026-05-06 14:10:00+09','6e000000-0000-4000-8000-000000000019'),
  -- User u01 reactions
  ('7e000000-0000-4000-8000-000000000040','a0000000-0000-4000-8000-000000000001','KAKAO','31323334','LIKE',      1,'2026-05-07 15:00:00+09','2026-05-07 15:00:00+09','6e000000-0000-4000-8000-000000000022'),
  ('7e000000-0000-4000-8000-000000000041','a0000000-0000-4000-8000-000000000001','KAKAO','72384729','LIKE',      1,'2026-05-07 15:05:00+09','2026-05-07 15:05:00+09','6e000000-0000-4000-8000-000000000009'),
  -- User u05 reactions
  ('7e000000-0000-4000-8000-000000000050','a0000000-0000-4000-8000-000000000005','KAKAO','11223344','LIKE',      1,'2026-05-08 10:00:00+09','2026-05-08 10:00:00+09','6e000000-0000-4000-8000-000000000015'),
  ('7e000000-0000-4000-8000-000000000051','a0000000-0000-4000-8000-000000000005','KAKAO','16171819','SUPER_LIKE',1,'2026-05-08 10:05:00+09','2026-05-08 10:05:00+09','6e000000-0000-4000-8000-000000000016'),
  -- User u06 reactions
  ('7e000000-0000-4000-8000-000000000060','a0000000-0000-4000-8000-000000000006','KAKAO','77889910','LIKE',      1,'2026-05-09 12:00:00+09','2026-05-09 12:00:00+09','6e000000-0000-4000-8000-000000000017'),
  ('7e000000-0000-4000-8000-000000000061','a0000000-0000-4000-8000-000000000006','KAKAO','99001122','SUPER_LIKE',1,'2026-05-09 12:05:00+09','2026-05-09 12:05:00+09','6e000000-0000-4000-8000-000000000018'),
  -- User u08 reactions
  ('7e000000-0000-4000-8000-000000000070','a0000000-0000-4000-8000-000000000008','KAKAO','16171819','LIKE',      1,'2026-05-10 16:00:00+09','2026-05-10 16:00:00+09','6e000000-0000-4000-8000-000000000016'),
  ('7e000000-0000-4000-8000-000000000071','a0000000-0000-4000-8000-000000000008','KAKAO','11223344','LIKE',      1,'2026-05-10 16:05:00+09','2026-05-10 16:05:00+09','6e000000-0000-4000-8000-000000000015'),
  -- User u10 reactions
  ('7e000000-0000-4000-8000-000000000080','a0000000-0000-4000-8000-000000000010','KAKAO','20212223','LIKE',      1,'2026-05-11 09:00:00+09','2026-05-11 09:00:00+09','6e000000-0000-4000-8000-000000000021'),
  -- User u12 reactions
  ('7e000000-0000-4000-8000-000000000090','a0000000-0000-4000-8000-000000000012','KAKAO','24252627','SUPER_LIKE',1,'2026-05-12 11:00:00+09','2026-05-12 11:00:00+09','6e000000-0000-4000-8000-000000000014'),
  -- User u09 reactions
  ('7e000000-0000-4000-8000-000000000100','a0000000-0000-4000-8000-000000000009','KAKAO','12131415','LIKE',      1,'2026-05-13 13:00:00+09','2026-05-13 13:00:00+09','6e000000-0000-4000-8000-000000000013'),
  ('7e000000-0000-4000-8000-000000000101','a0000000-0000-4000-8000-000000000009','KAKAO','14151617','LIKE',      1,'2026-05-13 13:05:00+09','2026-05-13 13:05:00+09','6e000000-0000-4000-8000-000000000024')
ON CONFLICT (id) DO NOTHING;

-- ============================================================
-- User Swipe Events (event log — one row per swipe action)
-- ============================================================
INSERT INTO preference.user_swipe_events (user_id, provider, external_place_id, reaction, previous_reaction, feed_context, place_tag_enrichment_id, occurred_at) VALUES
  ('a0000000-0000-4000-8000-000000000002','KAKAO','78923471','SUPER_LIKE',NULL,'{"session":"feed_001"}','6e000000-0000-4000-8000-000000000004','2026-05-03 10:00:00+09'),
  ('a0000000-0000-4000-8000-000000000002','KAKAO','81234567','LIKE',      NULL,'{"session":"feed_001"}','6e000000-0000-4000-8000-000000000005','2026-05-03 10:05:00+09'),
  ('a0000000-0000-4000-8000-000000000002','KAKAO','26748591','LIKE',      NULL,'{"session":"feed_001"}','6e000000-0000-4000-8000-000000000006','2026-05-03 10:10:00+09'),
  ('a0000000-0000-4000-8000-000000000002','KAKAO','8239472', 'SUPER_LIKE',NULL,'{"session":"feed_001"}','6e000000-0000-4000-8000-000000000003','2026-05-03 10:15:00+09'),
  ('a0000000-0000-4000-8000-000000000002','KAKAO','24591827','LIKE',      NULL,'{"session":"feed_001"}','6e000000-0000-4000-8000-000000000008','2026-05-03 10:20:00+09'),
  ('a0000000-0000-4000-8000-000000000002','KAKAO','11897234','NOPE',      NULL,'{"session":"feed_001"}','6e000000-0000-4000-8000-000000000001','2026-05-03 10:25:00+09'),
  ('a0000000-0000-4000-8000-000000000004','KAKAO','18273645','SUPER_LIKE',NULL,'{"session":"feed_002"}','6e000000-0000-4000-8000-000000000011','2026-05-04 09:00:00+09'),
  ('a0000000-0000-4000-8000-000000000004','KAKAO','38475869','LIKE',      NULL,'{"session":"feed_002"}','6e000000-0000-4000-8000-000000000012','2026-05-04 09:05:00+09'),
  ('a0000000-0000-4000-8000-000000000004','KAKAO','28374658','LIKE',      NULL,'{"session":"feed_002"}','6e000000-0000-4000-8000-000000000025','2026-05-04 09:10:00+09'),
  ('a0000000-0000-4000-8000-000000000004','KAKAO','27534592','LIKE',      NULL,'{"session":"feed_002"}','6e000000-0000-4000-8000-000000000002','2026-05-04 09:15:00+09'),
  ('a0000000-0000-4000-8000-000000000007','KAKAO','78923471','LIKE',      NULL,'{"session":"feed_003"}','6e000000-0000-4000-8000-000000000004','2026-05-05 11:00:00+09'),
  ('a0000000-0000-4000-8000-000000000007','KAKAO','81234567','SUPER_LIKE',NULL,'{"session":"feed_003"}','6e000000-0000-4000-8000-000000000005','2026-05-05 11:05:00+09'),
  ('a0000000-0000-4000-8000-000000000007','KAKAO','72384729','LIKE',      NULL,'{"session":"feed_003"}','6e000000-0000-4000-8000-000000000009','2026-05-05 11:10:00+09'),
  ('a0000000-0000-4000-8000-000000000007','KAKAO','21384710','LIKE',      NULL,'{"session":"feed_003"}','6e000000-0000-4000-8000-000000000010','2026-05-05 11:15:00+09'),
  ('a0000000-0000-4000-8000-000000000003','KAKAO','72384729','LIKE',      NULL,'{"session":"feed_004"}','6e000000-0000-4000-8000-000000000009','2026-05-06 14:00:00+09'),
  ('a0000000-0000-4000-8000-000000000003','KAKAO','21384710','LIKE',      NULL,'{"session":"feed_004"}','6e000000-0000-4000-8000-000000000010','2026-05-06 14:05:00+09'),
  ('a0000000-0000-4000-8000-000000000003','KAKAO','84729103','SUPER_LIKE',NULL,'{"session":"feed_004"}','6e000000-0000-4000-8000-000000000019','2026-05-06 14:10:00+09'),
  ('a0000000-0000-4000-8000-000000000001','KAKAO','31323334','LIKE',      NULL,'{"session":"feed_005"}','6e000000-0000-4000-8000-000000000022','2026-05-07 15:00:00+09'),
  ('a0000000-0000-4000-8000-000000000001','KAKAO','72384729','LIKE',      NULL,'{"session":"feed_005"}','6e000000-0000-4000-8000-000000000009','2026-05-07 15:05:00+09'),
  ('a0000000-0000-4000-8000-000000000005','KAKAO','11223344','LIKE',      NULL,'{"session":"feed_006"}','6e000000-0000-4000-8000-000000000015','2026-05-08 10:00:00+09'),
  ('a0000000-0000-4000-8000-000000000005','KAKAO','16171819','SUPER_LIKE',NULL,'{"session":"feed_006"}','6e000000-0000-4000-8000-000000000016','2026-05-08 10:05:00+09'),
  ('a0000000-0000-4000-8000-000000000006','KAKAO','77889910','LIKE',      NULL,'{"session":"feed_007"}','6e000000-0000-4000-8000-000000000017','2026-05-09 12:00:00+09'),
  ('a0000000-0000-4000-8000-000000000006','KAKAO','99001122','SUPER_LIKE',NULL,'{"session":"feed_007"}','6e000000-0000-4000-8000-000000000018','2026-05-09 12:05:00+09'),
  ('a0000000-0000-4000-8000-000000000008','KAKAO','16171819','LIKE',      NULL,'{"session":"feed_008"}','6e000000-0000-4000-8000-000000000016','2026-05-10 16:00:00+09'),
  ('a0000000-0000-4000-8000-000000000010','KAKAO','20212223','LIKE',      NULL,'{"session":"feed_009"}','6e000000-0000-4000-8000-000000000021','2026-05-11 09:00:00+09'),
  ('a0000000-0000-4000-8000-000000000012','KAKAO','24252627','SUPER_LIKE',NULL,'{"session":"feed_010"}','6e000000-0000-4000-8000-000000000014','2026-05-12 11:00:00+09'),
  ('a0000000-0000-4000-8000-000000000009','KAKAO','12131415','LIKE',      NULL,'{"session":"feed_011"}','6e000000-0000-4000-8000-000000000013','2026-05-13 13:00:00+09');

-- ============================================================
-- User Preference Tag Weights (computed from reactions)
-- ============================================================
INSERT INTO preference.user_preference_tag_weights (user_id, tag_id, raw_score, normalized_score, like_count, super_like_count, nope_count, updated_at) VALUES
  -- u02: nature/ocean/sunset heavy
  ('a0000000-0000-4000-8000-000000000002','2b000000-0000-4000-8000-000000000011',4.5000,0.9700,3,1,0,'2026-05-03 10:30:00+09'),
  ('a0000000-0000-4000-8000-000000000002','2b000000-0000-4000-8000-000000000062',1.5000,0.8500,0,1,0,'2026-05-03 10:30:00+09'),
  ('a0000000-0000-4000-8000-000000000002','2b000000-0000-4000-8000-000000000013',1.4000,0.8200,1,0,0,'2026-05-03 10:30:00+09'),
  ('a0000000-0000-4000-8000-000000000002','2b000000-0000-4000-8000-000000000071',1.3000,0.8000,0,1,0,'2026-05-03 10:30:00+09'),
  ('a0000000-0000-4000-8000-000000000002','2b000000-0000-4000-8000-000000000012',1.5000,0.8500,1,0,0,'2026-05-03 10:30:00+09'),
  ('a0000000-0000-4000-8000-000000000002','2b000000-0000-4000-8000-000000000043',1.3000,0.8000,1,0,0,'2026-05-03 10:30:00+09'),
  ('a0000000-0000-4000-8000-000000000002','2b000000-0000-4000-8000-000000000063',1.0000,0.7000,0,1,0,'2026-05-03 10:30:00+09'),
  -- u04: cafe/coffee heavy
  ('a0000000-0000-4000-8000-000000000004','2b000000-0000-4000-8000-000000000072',1.4000,0.8200,1,0,0,'2026-05-04 09:20:00+09'),
  ('a0000000-0000-4000-8000-000000000004','2b000000-0000-4000-8000-000000000071',1.2000,0.7800,1,0,0,'2026-05-04 09:20:00+09'),
  ('a0000000-0000-4000-8000-000000000004','2b000000-0000-4000-8000-000000000011',1.1000,0.7500,1,0,0,'2026-05-04 09:20:00+09'),
  ('a0000000-0000-4000-8000-000000000004','2b000000-0000-4000-8000-000000000022',1.0000,0.7000,1,0,0,'2026-05-04 09:20:00+09'),
  -- u07: ocean/beach/nightview heavy
  ('a0000000-0000-4000-8000-000000000007','2b000000-0000-4000-8000-000000000011',2.5000,0.9200,2,0,0,'2026-05-05 11:20:00+09'),
  ('a0000000-0000-4000-8000-000000000007','2b000000-0000-4000-8000-000000000063',1.9000,0.8800,2,0,0,'2026-05-05 11:20:00+09'),
  ('a0000000-0000-4000-8000-000000000007','2b000000-0000-4000-8000-000000000052',1.8000,0.8700,2,0,0,'2026-05-05 11:20:00+09'),
  -- u03: nightview/beach heavy
  ('a0000000-0000-4000-8000-000000000003','2b000000-0000-4000-8000-000000000063',2.3000,0.9100,2,1,0,'2026-05-06 14:15:00+09'),
  ('a0000000-0000-4000-8000-000000000003','2b000000-0000-4000-8000-000000000052',2.0000,0.8900,2,0,0,'2026-05-06 14:15:00+09'),
  -- u05: temple/hanok
  ('a0000000-0000-4000-8000-000000000005','2b000000-0000-4000-8000-000000000031',1.0000,0.7000,1,0,0,'2026-05-08 10:10:00+09'),
  ('a0000000-0000-4000-8000-000000000005','2b000000-0000-4000-8000-000000000032',1.5000,0.8500,0,1,0,'2026-05-08 10:10:00+09'),
  ('a0000000-0000-4000-8000-000000000005','2b000000-0000-4000-8000-000000000022',1.2000,0.7800,0,1,0,'2026-05-08 10:10:00+09'),
  -- u06: sunset/temple
  ('a0000000-0000-4000-8000-000000000006','2b000000-0000-4000-8000-000000000061',1.3000,0.8000,0,1,0,'2026-05-09 12:10:00+09'),
  ('a0000000-0000-4000-8000-000000000006','2b000000-0000-4000-8000-000000000031',1.0000,0.7000,1,0,0,'2026-05-09 12:10:00+09'),
  -- u01: beach
  ('a0000000-0000-4000-8000-000000000001','2b000000-0000-4000-8000-000000000052',1.1000,0.7500,1,0,0,'2026-05-07 15:10:00+09'),
  ('a0000000-0000-4000-8000-000000000001','2b000000-0000-4000-8000-000000000011',1.0000,0.7000,1,0,0,'2026-05-07 15:10:00+09'),
  -- u08: hanok/temple
  ('a0000000-0000-4000-8000-000000000008','2b000000-0000-4000-8000-000000000032',1.0000,0.7000,1,0,0,'2026-05-10 16:10:00+09'),
  ('a0000000-0000-4000-8000-000000000008','2b000000-0000-4000-8000-000000000031',1.0000,0.7000,1,0,0,'2026-05-10 16:10:00+09'),
  -- u10: photo
  ('a0000000-0000-4000-8000-000000000010','2b000000-0000-4000-8000-000000000006',1.0000,0.7000,1,0,0,'2026-05-11 09:05:00+09'),
  -- u12: roastery
  ('a0000000-0000-4000-8000-000000000012','2b000000-0000-4000-8000-000000000072',1.4000,0.8200,0,1,0,'2026-05-12 11:05:00+09'),
  -- u09: surfing/mountain
  ('a0000000-0000-4000-8000-000000000009','2b000000-0000-4000-8000-000000000041',1.0000,0.7000,1,0,0,'2026-05-13 13:10:00+09'),
  ('a0000000-0000-4000-8000-000000000009','2b000000-0000-4000-8000-000000000012',1.5000,0.8500,0,1,0,'2026-05-13 13:10:00+09')
ON CONFLICT (user_id, tag_id) DO NOTHING;

-- ============================================================
-- User Saved Places (SUPER_LIKE triggers save)
-- ============================================================
INSERT INTO preference.user_saved_places (id, user_id, provider, external_place_id) VALUES
  ('8e000000-0000-4000-8000-000000000001','a0000000-0000-4000-8000-000000000002','KAKAO','78923471'),
  ('8e000000-0000-4000-8000-000000000002','a0000000-0000-4000-8000-000000000002','KAKAO','8239472'),
  ('8e000000-0000-4000-8000-000000000003','a0000000-0000-4000-8000-000000000004','KAKAO','18273645'),
  ('8e000000-0000-4000-8000-000000000004','a0000000-0000-4000-8000-000000000007','KAKAO','81234567'),
  ('8e000000-0000-4000-8000-000000000005','a0000000-0000-4000-8000-000000000003','KAKAO','84729103'),
  ('8e000000-0000-4000-8000-000000000006','a0000000-0000-4000-8000-000000000005','KAKAO','16171819'),
  ('8e000000-0000-4000-8000-000000000007','a0000000-0000-4000-8000-000000000006','KAKAO','99001122'),
  ('8e000000-0000-4000-8000-000000000008','a0000000-0000-4000-8000-000000000012','KAKAO','24252627')
ON CONFLICT (id) DO NOTHING;

COMMIT;
