-- Generated by seeds/build_demo_dashboard_dump.sh. Do not edit directly.
\set ON_ERROR_STOP on


-- BEGIN seeds/soomgil_demo_seoul_daejeon.sql

-- Soomgil local demo dataset: Seoul + Daejeon
-- Target schema: Flyway V1..V37
-- Safe to re-run: deterministic identifiers and ON CONFLICT clauses are used throughout.
-- Apply after migrations:
--   docker compose exec -T postgres psql -U soomgil -d soomgil < seeds/soomgil_demo_seoul_daejeon.sql

BEGIN;

SET LOCAL TIME ZONE 'Asia/Seoul';

-- ---------------------------------------------------------------------------
-- Users: a small but socially connected local community
-- Demo password hash is intentionally non-production and shared by seed users.
-- ---------------------------------------------------------------------------
WITH seed(n, display_name, bio, image_seed, joined_days_ago) AS (
  VALUES
    (1, '서울산책러 민지', '퇴근 후 골목과 공원을 걷습니다. 조용한 카페와 노을을 좋아해요.', 'minji-walk', 420),
    (2, '대전토박이 준호', '대전의 빵, 과학, 오래된 동네를 기록합니다.', 'junho-daejeon', 390),
    (3, '주말여행자 수빈', '주말이면 카메라 하나 들고 가볍게 떠나요.', 'subin-weekend', 330),
    (4, '빵지순례 예린', '성심당부터 동네 빵집까지, 빵을 따라 여행합니다.', 'yerin-bread', 310),
    (5, '야경수집가 도윤', '도시의 불빛과 늦은 밤 산책 코스를 모으는 중.', 'doyun-night', 295),
    (6, '아이와여행 지우', '아이와 함께 배우고 쉬는 여행을 찾고 있어요.', 'jiwoo-family', 270),
    (7, '건축덕후 현우', '오래된 건물과 새로 태어난 공간을 좋아합니다.', 'hyunwoo-arch', 250),
    (8, '초록수집가 나연', '수목원, 숲, 강변이라면 어디든 좋아요.', 'nayeon-green', 225),
    (9, '맛있는지도 태호', '시장과 노포 중심으로 여행 동선을 짭니다.', 'taeho-food', 210),
    (10, '사진하는 유나', '빛이 예쁜 시간과 장소를 기록합니다.', 'yuna-photo', 198),
    (11, '느린여행 세진', '한 동네에 오래 머무는 여행을 선호해요.', 'sejin-slow', 176),
    (12, '과학소풍 은채', '과학관과 전시를 좋아하는 호기심 많은 여행자.', 'eunchae-science', 160),
    (13, '자전거탄 민석', '강변과 자전거길 위주로 여행합니다.', 'minseok-bike', 142),
    (14, '레트로소녀 하린', '오래된 간판, 골목, 다방 감성을 찾아다녀요.', 'harin-retro', 128),
    (15, '공원피크닉 우진', '돗자리와 커피만 있으면 어디든 여행지.', 'woojin-picnic', 112),
    (16, '전시보는 소연', '미술관과 독립서점이 있는 하루를 좋아합니다.', 'soyeon-art', 96),
    (17, '등산초보 건우', '무리하지 않는 전망 좋은 코스를 찾습니다.', 'geonwoo-hike', 80),
    (18, '커플여행 다은', '둘이 걷기 좋은 로맨틱한 코스를 모아요.', 'daeun-couple', 63),
    (19, '혼행러 재민', '혼자서도 편안한 교통 좋은 여행지를 소개해요.', 'jaemin-solo', 48),
    (20, '숨길 운영자', '숨길 데모 커뮤니티를 관리합니다.', 'soomgil-admin', 500)
)
INSERT INTO auth.users (id, status, status_changed_at, last_login_at, created_at, updated_at)
SELECT md5('demo-user:' || n)::uuid, 'ACTIVE', now() - make_interval(days => joined_days_ago),
       now() - make_interval(hours => (n * 7) % 120),
       now() - make_interval(days => joined_days_ago), now() - make_interval(hours => n % 48)
FROM seed
ON CONFLICT (id) DO NOTHING;

WITH seed(n, display_name, bio, image_seed) AS (
  VALUES
    (1,'서울산책러 민지','퇴근 후 골목과 공원을 걷습니다. 조용한 카페와 노을을 좋아해요.','minji-walk'),
    (2,'대전토박이 준호','대전의 빵, 과학, 오래된 동네를 기록합니다.','junho-daejeon'),
    (3,'주말여행자 수빈','주말이면 카메라 하나 들고 가볍게 떠나요.','subin-weekend'),
    (4,'빵지순례 예린','성심당부터 동네 빵집까지, 빵을 따라 여행합니다.','yerin-bread'),
    (5,'야경수집가 도윤','도시의 불빛과 늦은 밤 산책 코스를 모으는 중.','doyun-night'),
    (6,'아이와여행 지우','아이와 함께 배우고 쉬는 여행을 찾고 있어요.','jiwoo-family'),
    (7,'건축덕후 현우','오래된 건물과 새로 태어난 공간을 좋아합니다.','hyunwoo-arch'),
    (8,'초록수집가 나연','수목원, 숲, 강변이라면 어디든 좋아요.','nayeon-green'),
    (9,'맛있는지도 태호','시장과 노포 중심으로 여행 동선을 짭니다.','taeho-food'),
    (10,'사진하는 유나','빛이 예쁜 시간과 장소를 기록합니다.','yuna-photo'),
    (11,'느린여행 세진','한 동네에 오래 머무는 여행을 선호해요.','sejin-slow'),
    (12,'과학소풍 은채','과학관과 전시를 좋아하는 호기심 많은 여행자.','eunchae-science'),
    (13,'자전거탄 민석','강변과 자전거길 위주로 여행합니다.','minseok-bike'),
    (14,'레트로소녀 하린','오래된 간판, 골목, 다방 감성을 찾아다녀요.','harin-retro'),
    (15,'공원피크닉 우진','돗자리와 커피만 있으면 어디든 여행지.','woojin-picnic'),
    (16,'전시보는 소연','미술관과 독립서점이 있는 하루를 좋아합니다.','soyeon-art'),
    (17,'등산초보 건우','무리하지 않는 전망 좋은 코스를 찾습니다.','geonwoo-hike'),
    (18,'커플여행 다은','둘이 걷기 좋은 로맨틱한 코스를 모아요.','daeun-couple'),
    (19,'혼행러 재민','혼자서도 편안한 교통 좋은 여행지를 소개해요.','jaemin-solo'),
    (20,'숨길 운영자','숨길 데모 커뮤니티를 관리합니다.','soomgil-admin')
)
INSERT INTO auth.user_profiles (user_id, display_name, profile_image_url, bio, profile_visibility, created_at, updated_at)
SELECT md5('demo-user:' || n)::uuid, display_name,
       'https://i.pravatar.cc/300?u=soomgil-' || image_seed,
       bio, 'PUBLIC', now() - make_interval(days => 500 - n * 9), now() - make_interval(hours => n)
FROM seed
ON CONFLICT (user_id) DO UPDATE SET display_name = EXCLUDED.display_name, bio = EXCLUDED.bio,
  profile_image_url = EXCLUDED.profile_image_url, updated_at = EXCLUDED.updated_at;

INSERT INTO auth.user_email_addresses
  (id, user_id, email, normalized_email, is_primary, verified_at, created_at, updated_at)
SELECT md5('demo-email:' || n)::uuid, md5('demo-user:' || n)::uuid,
       'demo' || lpad(n::text, 2, '0') || '@soomgil.local',
       'demo' || lpad(n::text, 2, '0') || '@soomgil.local', true,
       now() - make_interval(days => 200 - n), now() - make_interval(days => 220 - n), now()
FROM generate_series(1, 20) n
ON CONFLICT DO NOTHING;

INSERT INTO auth.user_settings (user_id, display_language, timezone, marketing_email_opt_in,
  marketing_email_opted_in_at, trip_invite_email_opt_in, created_at, updated_at)
SELECT md5('demo-user:' || n)::uuid, 'ko', 'Asia/Seoul', n % 3 = 0,
       CASE WHEN n % 3 = 0 THEN now() - make_interval(days => n) END, true,
       now() - make_interval(days => 240 - n), now()
FROM generate_series(1, 20) n
ON CONFLICT (user_id) DO NOTHING;

-- Shared local credential for visual/demo accounts only: Soomgil123!
INSERT INTO auth.user_password_credentials
  (user_id, password_hash, password_algorithm, password_changed_at, created_at, updated_at)
SELECT md5('demo-user:' || n)::uuid,
       '$2a$10$4zIe8rBz3.2nGyj4JC/8uug1K82T9xDq74iVLGlgN1b5hzz5YEpCe',
       'bcrypt', now() - interval '90 days', now() - interval '90 days', now()
FROM generate_series(1, 20) n
ON CONFLICT (user_id) DO UPDATE SET
  password_hash = EXCLUDED.password_hash,
  password_algorithm = EXCLUDED.password_algorithm,
  updated_at = EXCLUDED.updated_at;

INSERT INTO auth.user_policy_acceptances
  (id, user_id, policy_document_id, acceptance_method, accepted_at, created_at)
SELECT md5('demo-policy:' || n || ':' || p.id)::uuid, md5('demo-user:' || n)::uuid,
       p.id, 'EXPLICIT', now() - make_interval(days => 200 - n), now() - make_interval(days => 200 - n)
FROM generate_series(1, 20) n
CROSS JOIN auth.policy_documents p
WHERE p.id IN ('00000000-0000-0000-0000-000000000001','00000000-0000-0000-0000-000000000002')
ON CONFLICT DO NOTHING;

INSERT INTO auth.user_roles (user_id, role_id, granted_by_user_id, granted_at)
SELECT md5('demo-user:20')::uuid, id, md5('demo-user:20')::uuid, now() - interval '300 days'
FROM auth.roles WHERE code = 'ADMIN'
ON CONFLICT DO NOTHING;

-- ---------------------------------------------------------------------------
-- Region masters used by trip creation and place filtering
-- ---------------------------------------------------------------------------
INSERT INTO geo.legal_regions
  (code, name, full_name, level, parent_code, sido_code, sigungu_code, raw_status, is_active, synced_at)
VALUES
  ('1100000000','서울특별시','서울특별시','SIDO',NULL,'11',NULL,'존재',true,now()),
  ('1111000000','종로구','서울특별시 종로구','SIGUNGU','1100000000','11','11110','존재',true,now()),
  ('1114000000','중구','서울특별시 중구','SIGUNGU','1100000000','11','11140','존재',true,now()),
  ('1117000000','용산구','서울특별시 용산구','SIGUNGU','1100000000','11','11170','존재',true,now()),
  ('1120000000','성동구','서울특별시 성동구','SIGUNGU','1100000000','11','11200','존재',true,now()),
  ('1144000000','마포구','서울특별시 마포구','SIGUNGU','1100000000','11','11440','존재',true,now()),
  ('1171000000','송파구','서울특별시 송파구','SIGUNGU','1100000000','11','11710','존재',true,now()),
  ('3000000000','대전광역시','대전광역시','SIDO',NULL,'30',NULL,'존재',true,now()),
  ('3011000000','동구','대전광역시 동구','SIGUNGU','3000000000','30','30110','존재',true,now()),
  ('3014000000','중구','대전광역시 중구','SIGUNGU','3000000000','30','30140','존재',true,now()),
  ('3017000000','서구','대전광역시 서구','SIGUNGU','3000000000','30','30170','존재',true,now()),
  ('3020000000','유성구','대전광역시 유성구','SIGUNGU','3000000000','30','30200','존재',true,now()),
  ('3023000000','대덕구','대전광역시 대덕구','SIGUNGU','3000000000','30','30230','존재',true,now())
ON CONFLICT (code) DO UPDATE SET name=EXCLUDED.name, full_name=EXCLUDED.full_name,
  is_active=true, synced_at=EXCLUDED.synced_at;

INSERT INTO tourism_source.sidos (sido_code, sido_name) VALUES (1,'서울'),(3,'대전')
ON CONFLICT (sido_code) DO UPDATE SET sido_name=EXCLUDED.sido_name;

INSERT INTO tourism_source.guguns (sido_code, gugun_code, gugun_name) VALUES
  (1,1,'강남구'),(1,14,'마포구'),(1,23,'종로구'),(1,24,'중구'),(1,21,'용산구'),
  (1,16,'성동구'),(1,18,'송파구'),(3,1,'대덕구'),(3,2,'동구'),(3,3,'서구'),(3,4,'유성구'),(3,5,'중구')
ON CONFLICT (sido_code,gugun_code) DO UPDATE SET gugun_name=EXCLUDED.gugun_name;

INSERT INTO tourism_source.contenttypes (content_type_id, content_type_name) VALUES
  (12,'관광지'),(14,'문화시설'),(15,'축제/공연/행사'),(25,'여행코스'),(28,'레포츠'),(32,'숙박'),(38,'쇼핑'),(39,'음식점')
ON CONFLICT (content_type_id) DO UPDATE SET content_type_name=EXCLUDED.content_type_name;

-- ---------------------------------------------------------------------------
-- Searchable real-world places. Image endpoints are deterministic demo assets.
-- ---------------------------------------------------------------------------
WITH place(content_id,title,content_type_id,area_code,gugun,lat,lng,tel,addr,homepage,overview,seed) AS (
  VALUES
    (10001,'경복궁',12,1,23,37.579617,126.977041,'02-3700-3900','서울특별시 종로구 사직로 161','https://royal.khs.go.kr/','서울을 대표하는 조선 왕조의 법궁. 넓은 전각과 근정전, 향원정 산책이 좋다.','gyeongbokgung'),
    (10002,'북촌한옥마을',12,1,23,37.582604,126.983100,NULL,'서울특별시 종로구 계동길 37',NULL,'한옥과 골목 풍경이 이어지는 서울의 대표적인 전통 주거 지역.','bukchon'),
    (10003,'익선동 한옥거리',12,1,23,37.574340,126.989720,NULL,'서울특별시 종로구 수표로28길 일대',NULL,'작은 한옥 카페와 식당, 소품점이 모여 있는 도심 골목.','ikseondong'),
    (10004,'청계천',12,1,24,37.569030,126.978600,'02-2290-7111','서울특별시 종로구 창신동','https://www.sisul.or.kr/open_content/cheonggye/','서울 도심을 가로지르는 수변 산책로. 야간 조명이 아름답다.','cheonggyecheon'),
    (10005,'덕수궁 돌담길',12,1,24,37.565530,126.975160,NULL,'서울특별시 중구 세종대로19길 24',NULL,'덕수궁 담장을 따라 걷는 서울의 고즈넉한 산책길.','deoksugung'),
    (10006,'동대문디자인플라자 DDP',14,1,24,37.566480,127.009200,'02-2153-0000','서울특별시 중구 을지로 281','https://ddp.or.kr/','전시와 디자인, 야경을 함께 즐기는 유선형 건축 랜드마크.','ddp'),
    (10007,'N서울타워',12,1,21,37.551170,126.988220,'02-3455-9277','서울특별시 용산구 남산공원길 105','https://www.seoultower.co.kr/','서울 전경을 한눈에 볼 수 있는 남산의 전망 명소.','nseoultower'),
    (10008,'국립중앙박물관',14,1,21,37.523850,126.980470,'02-2077-9000','서울특별시 용산구 서빙고로 137','https://www.museum.go.kr/','한국의 역사와 문화를 시대별로 만나는 대형 국립 박물관.','nationalmuseum'),
    (10009,'노들섬',14,1,21,37.517790,126.958980,NULL,'서울특별시 용산구 양녕로 445','https://nodeul.org/','한강 한가운데에서 공연, 전시, 피크닉과 노을을 즐기는 복합문화공간.','nodeulisland'),
    (10010,'서울숲',12,1,16,37.544390,127.037440,'02-460-2905','서울특별시 성동구 뚝섬로 273','https://seoulforest.or.kr/','산책과 피크닉, 자전거를 즐기기 좋은 도심 속 대형 공원.','seoulforest'),
    (10011,'성수동 카페거리',12,1,16,37.544570,127.055960,NULL,'서울특별시 성동구 성수이로 일대',NULL,'낡은 공장과 창고가 카페와 편집숍으로 재생된 감각적인 거리.','seongsu'),
    (10012,'망원시장',38,1,14,37.556770,126.905650,'02-335-3591','서울특별시 마포구 포은로8길 14',NULL,'동네 먹거리와 장보기 문화를 함께 느끼는 활기찬 전통시장.','mangwonmarket'),
    (10013,'문화비축기지',14,1,14,37.571010,126.894790,'02-376-8410','서울특별시 마포구 증산로 87','https://parks.seoul.go.kr/template/sub/culturetank.do','석유 탱크를 공연장과 전시공간으로 바꾼 산업유산 재생공원.','culturetank'),
    (10014,'하늘공원',12,1,14,37.567450,126.885260,NULL,'서울특별시 마포구 하늘공원로 95',NULL,'억새와 노을, 탁 트인 서울 풍경으로 사랑받는 월드컵공원 전망 명소.','haneulpark'),
    (10015,'롯데월드타워 서울스카이',12,1,18,37.512570,127.102540,'1661-2000','서울특별시 송파구 올림픽로 300','https://seoulsky.lotteworld.com/','서울의 스카이라인을 내려다보는 초고층 전망대.','seoulsky'),
    (10016,'올림픽공원',12,1,18,37.520880,127.121200,'02-410-1114','서울특별시 송파구 올림픽로 424','https://www.ksponco.or.kr/olympicpark/','넓은 잔디와 조각 작품, 몽촌토성이 어우러진 산책 명소.','olympicpark'),
    (10017,'반포한강공원',12,1,1,37.510360,126.995930,NULL,'서울특별시 서초구 신반포로11길 40',NULL,'달빛무지개분수와 야경, 피크닉을 즐기는 한강 공원.','banpohangang'),
    (10018,'낙산공원',12,1,23,37.580660,127.007590,'02-743-7985','서울특별시 종로구 낙산길 41',NULL,'성곽길을 따라 서울 도심 야경을 감상하기 좋은 공원.','naksanpark'),
    (20001,'국립중앙과학관',14,3,4,36.375500,127.377700,'042-601-7979','대전광역시 유성구 대덕대로 481','https://www.science.go.kr/','과학 원리와 자연사를 체험형 전시로 만나는 대전 대표 과학관.','science-museum'),
    (20002,'엑스포과학공원',12,3,4,36.376200,127.388100,NULL,'대전광역시 유성구 대덕대로 480',NULL,'한빛탑과 엑스포다리 야경이 인상적인 대전의 상징적 공간.','expo-park'),
    (20003,'한밭수목원',12,3,3,36.366800,127.388500,'042-270-8452','대전광역시 서구 둔산대로 169','https://www.daejeon.go.kr/gar/','도심에서 계절 식물과 넓은 잔디를 만나는 중부권 최대 도심 수목원.','hanbat-arboretum'),
    (20004,'대전시립미술관',14,3,3,36.366400,127.385800,'042-270-7370','대전광역시 서구 둔산대로 155','https://www.daejeon.go.kr/dma/','한밭수목원과 함께 둘러보기 좋은 현대미술 전시공간.','daejeon-museum-art'),
    (20005,'유성온천 족욕체험장',12,3,4,36.355350,127.341800,NULL,'대전광역시 유성구 봉명동 574',NULL,'도심 속에서 무료로 온천 족욕을 즐기는 유성의 휴식 공간.','yuseong-footbath'),
    (20006,'성심당 본점',39,3,5,36.327680,127.427320,'1588-8069','대전광역시 중구 대종로480번길 15','https://www.sungsimdang.co.kr/','튀김소보로와 부추빵으로 유명한 대전 대표 로컬 베이커리.','sungsimdang'),
    (20007,'소제동 카페거리',12,3,2,36.335500,127.438200,NULL,'대전광역시 동구 수향길 일대',NULL,'철도관사촌의 오래된 집을 개조한 카페와 식당이 이어지는 골목.','soje-dong'),
    (20008,'우암사적공원',12,3,2,36.347250,127.457650,'042-673-9286','대전광역시 동구 충정로 53',NULL,'조선 유학자 우암 송시열의 흔적과 고즈넉한 전통 건축을 만나는 공원.','uam-park'),
    (20009,'장태산자연휴양림',12,3,3,36.216900,127.341900,'042-270-7883','대전광역시 서구 장안로 461','https://www.jangtaesan.or.kr/','메타세쿼이아 숲과 스카이웨이가 유명한 대전의 대표 자연휴양림.','jangtaesan'),
    (20010,'계족산 황톳길',28,3,1,36.405800,127.451900,NULL,'대전광역시 대덕구 장동 453-1',NULL,'맨발로 걷는 붉은 황톳길과 숲길로 유명한 치유 산책 코스.','gyejoksan'),
    (20011,'대청호 오백리길',28,3,1,36.447100,127.473300,NULL,'대전광역시 대덕구 대청로 일대',NULL,'대청호의 잔잔한 물빛과 숲을 따라 걷는 장거리 생태길.','daecheongho'),
    (20012,'대전근현대사전시관',14,3,5,36.327000,127.421900,'042-270-4537','대전광역시 중구 중앙로 101',NULL,'옛 충남도청 본관에서 대전의 근현대사를 살펴보는 전시관.','modern-history'),
    (20013,'대전오월드',12,3,5,36.288800,127.397900,'042-580-4820','대전광역시 중구 사정공원로 70','https://www.oworld.kr/','동물원, 플라워랜드, 놀이시설을 함께 즐기는 가족 테마공원.','oworld'),
    (20014,'테미오래',14,3,5,36.322900,127.421100,'042-335-5701','대전광역시 중구 보문로205번길 13',NULL,'옛 충남도지사 관사를 문화예술 공간으로 재생한 근대건축 마을.','temiorae')
)
INSERT INTO tourism_source.attractions
  (content_id,title,content_type_id,area_code,si_gun_gu_code,first_image1,first_image2,map_level,
   latitude,longitude,tel,addr1,homepage,overview,source_hash,source_modified_at,imported_at)
SELECT content_id,title,content_type_id,area_code,gugun,
       'https://picsum.photos/seed/soomgil-' || seed || '/1200/800',
       'https://picsum.photos/seed/soomgil-' || seed || '-detail/800/600', 6,
       lat,lng,tel,addr,homepage,overview,md5(title || ':' || addr),now(),now()
FROM place
ON CONFLICT (content_id) DO UPDATE SET title=EXCLUDED.title, content_type_id=EXCLUDED.content_type_id,
  area_code=EXCLUDED.area_code, si_gun_gu_code=EXCLUDED.si_gun_gu_code,
  first_image1=EXCLUDED.first_image1, first_image2=EXCLUDED.first_image2,
  latitude=EXCLUDED.latitude, longitude=EXCLUDED.longitude, tel=EXCLUDED.tel,
  addr1=EXCLUDED.addr1, homepage=EXCLUDED.homepage, overview=EXCLUDED.overview,
  source_hash=EXCLUDED.source_hash, source_modified_at=EXCLUDED.source_modified_at;

INSERT INTO tourism_source.attraction_images
  (id,attraction_no,source_provider,source_type,original_url,public_url,display_order,width,height,is_active)
SELECT md5('demo-attraction-image:' || a.content_id)::uuid, a.no, 'DEMO','PRIMARY',a.first_image1,
       a.first_image1,0,1200,800,true
FROM tourism_source.attractions a
WHERE a.content_id BETWEEN 10001 AND 20014
ON CONFLICT (id) DO UPDATE SET public_url=EXCLUDED.public_url,is_active=true;

-- Place enrichment gives the swipe/recommendation screens meaningful reasons.
INSERT INTO preference.place_tag_enrichments
  (id,provider,external_place_id,source_hash,status,model_provider,model_name,prompt_version,
   tag_dictionary_version,selection_policy_version,candidate_count,selected_count,enriched_at)
SELECT md5('demo-enrichment:' || content_id)::uuid,'KTO',content_id::text,source_hash,'SUCCEEDED',
       'CURATED','soomgil-demo-curator','demo-v1','preference-tags-v1','demo-policy-v1',4,4,now()
FROM tourism_source.attractions WHERE content_id BETWEEN 10001 AND 20014
ON CONFLICT (id) DO UPDATE SET status='SUCCEEDED',selected_count=4,enriched_at=now();

WITH mapped(content_id, tag_code, rank_order, confidence, weight) AS (
  VALUES
    (10001,'history',1,.98,1.20),(10001,'palace_fortress',2,.97,1.18),(10001,'traditional_architecture',3,.94,1.10),(10001,'photo_spot',4,.85,.90),
    (10002,'traditional',1,.96,1.15),(10002,'street_alley',2,.94,1.10),(10002,'photo_spot',3,.92,1.05),(10002,'walking',4,.84,.90),
    (10003,'street_alley',1,.96,1.10),(10003,'nostalgic',2,.91,1.05),(10003,'lively',3,.85,.88),(10003,'photo_spot',4,.83,.86),
    (10004,'waterfront',1,.96,1.14),(10004,'walking',2,.95,1.10),(10004,'urban',3,.88,.95),(10004,'night_view',4,.87,.96),
    (10005,'walking',1,.95,1.10),(10005,'history',2,.90,1.00),(10005,'romantic',3,.86,.94),(10005,'quiet',4,.82,.88),
    (10006,'architecture',1,.98,1.20),(10006,'modern',2,.95,1.12),(10006,'night_view',3,.91,1.04),(10006,'gallery_exhibition',4,.88,.96),
    (10007,'observatory',1,.99,1.25),(10007,'night_view',2,.98,1.22),(10007,'landmark',3,.97,1.18),(10007,'romantic',4,.87,.94),
    (10008,'museum',1,.99,1.20),(10008,'history',2,.96,1.15),(10008,'educational',3,.94,1.10),(10008,'indoor',4,.90,1.00),
    (10009,'waterfront',1,.93,1.05),(10009,'sunset',2,.92,1.08),(10009,'picnic',3,.91,1.02),(10009,'cultural_space',4,.87,.93),
    (10010,'park',1,.99,1.18),(10010,'nature_escape',2,.97,1.15),(10010,'picnic',3,.94,1.08),(10010,'walking',4,.93,1.06),
    (10011,'industrial_heritage',1,.91,1.05),(10011,'modern',2,.90,1.02),(10011,'street_alley',3,.88,.96),(10011,'lively',4,.86,.92),
    (10012,'local_culture',1,.94,1.10),(10012,'lively',2,.91,1.04),(10012,'street_alley',3,.83,.90),(10012,'unique',4,.81,.86),
    (10013,'industrial_heritage',1,.99,1.22),(10013,'architecture',2,.92,1.08),(10013,'cultural_space',3,.91,1.05),(10013,'unique',4,.88,.98),
    (10014,'scenic_view',1,.97,1.16),(10014,'sunset',2,.96,1.15),(10014,'walking',3,.91,1.02),(10014,'open_feeling',4,.90,1.00),
    (10015,'observatory',1,.99,1.24),(10015,'landmark',2,.98,1.20),(10015,'night_view',3,.95,1.14),(10015,'modern',4,.90,1.00),
    (10016,'park',1,.98,1.16),(10016,'walking',2,.96,1.12),(10016,'picnic',3,.94,1.08),(10016,'history',4,.80,.85),
    (10017,'waterfront',1,.98,1.18),(10017,'night_view',2,.95,1.13),(10017,'picnic',3,.94,1.08),(10017,'romantic',4,.90,1.00),
    (10018,'night_view',1,.96,1.16),(10018,'walking',2,.94,1.10),(10018,'history',3,.89,1.00),(10018,'scenic_view',4,.88,.98),
    (20001,'science_education',1,.99,1.25),(20001,'hands_on_experience',2,.95,1.14),(20001,'educational',3,.94,1.10),(20001,'indoor',4,.90,1.00),
    (20002,'landmark',1,.96,1.16),(20002,'night_view',2,.94,1.12),(20002,'science_education',3,.89,1.00),(20002,'walking',4,.84,.90),
    (20003,'arboretum',1,.99,1.22),(20003,'garden',2,.96,1.14),(20003,'walking',3,.94,1.10),(20003,'healing',4,.92,1.06),
    (20004,'gallery_exhibition',1,.98,1.19),(20004,'artistic',2,.95,1.13),(20004,'indoor',3,.91,1.02),(20004,'quiet',4,.85,.92),
    (20005,'hot_spring',1,.99,1.24),(20005,'healing',2,.97,1.16),(20005,'unique',3,.88,.96),(20005,'urban',4,.80,.85),
    (20006,'local_culture',1,.98,1.18),(20006,'lively',2,.90,1.02),(20006,'landmark',3,.86,.94),(20006,'unique',4,.82,.88),
    (20007,'nostalgic',1,.96,1.15),(20007,'street_alley',2,.95,1.12),(20007,'industrial_heritage',3,.90,1.01),(20007,'photo_spot',4,.89,1.00),
    (20008,'traditional_architecture',1,.95,1.12),(20008,'history',2,.94,1.10),(20008,'quiet',3,.90,1.01),(20008,'park',4,.84,.90),
    (20009,'forest',1,.99,1.25),(20009,'walking',2,.97,1.16),(20009,'healing',3,.96,1.14),(20009,'scenic_view',4,.92,1.05),
    (20010,'walking',1,.98,1.20),(20010,'forest',2,.96,1.15),(20010,'healing',3,.92,1.06),(20010,'hiking',4,.88,.98),
    (20011,'lake_pond',1,.98,1.20),(20011,'waterfront',2,.96,1.15),(20011,'walking',3,.92,1.06),(20011,'scenic_view',4,.90,1.02),
    (20012,'history',1,.96,1.15),(20012,'museum',2,.94,1.10),(20012,'architecture',3,.91,1.04),(20012,'indoor',4,.84,.90),
    (20013,'theme_park',1,.98,1.20),(20013,'animal_viewing',2,.95,1.14),(20013,'rides',3,.94,1.10),(20013,'hands_on_experience',4,.88,.96),
    (20014,'architecture',1,.95,1.13),(20014,'nostalgic',2,.93,1.08),(20014,'cultural_space',3,.91,1.04),(20014,'photo_spot',4,.89,1.00)
)
INSERT INTO preference.place_tag_enrichment_tags
  (enrichment_id,tag_id,confidence,weight,selection_score,rank_order,rationale)
SELECT md5('demo-enrichment:' || m.content_id)::uuid,t.id,m.confidence,m.weight,
       round((m.confidence * m.weight)::numeric,6),m.rank_order,'서울·대전 데모 장소 큐레이션'
FROM mapped m JOIN preference.preference_tags t ON t.code=m.tag_code
ON CONFLICT (enrichment_id,tag_id) DO UPDATE SET confidence=EXCLUDED.confidence,
  weight=EXCLUDED.weight,selection_score=EXCLUDED.selection_score,rank_order=EXCLUDED.rank_order;

-- ---------------------------------------------------------------------------
-- Preference history: enough reactions for personalized feeds and search cards
-- ---------------------------------------------------------------------------
INSERT INTO preference.user_place_reactions
  (id,user_id,provider,external_place_id,reaction,reaction_count,first_reacted_at,last_reacted_at,place_tag_enrichment_id)
SELECT md5('demo-reaction:' || u || ':' || a.content_id)::uuid, md5('demo-user:' || u)::uuid,
       'KTO',a.content_id::text,
       CASE WHEN (u + a.content_id) % 11 = 0 THEN 'NOPE'
            WHEN (u * 3 + a.content_id) % 7 = 0 THEN 'SUPER_LIKE' ELSE 'LIKE' END,
       1,now() - make_interval(days => ((u * 5 + a.content_id) % 80)),
       now() - make_interval(hours => ((u * 11 + a.content_id) % 240)),
       md5('demo-enrichment:' || a.content_id)::uuid
FROM generate_series(1,20) u
CROSS JOIN tourism_source.attractions a
WHERE a.content_id BETWEEN 10001 AND 20014 AND (u * 13 + a.content_id) % 4 <> 0
ON CONFLICT (user_id,provider,external_place_id) DO NOTHING;

INSERT INTO preference.user_swipe_events
  (user_id,provider,external_place_id,reaction,feed_context,place_tag_enrichment_id,occurred_at)
SELECT r.user_id,r.provider,r.external_place_id,r.reaction,
       jsonb_build_object('region',CASE WHEN r.external_place_id::int < 20000 THEN '서울' ELSE '대전' END,
                          'surface','SWIPE','seed','seoul-daejeon-demo'),
       r.place_tag_enrichment_id,r.last_reacted_at
FROM preference.user_place_reactions r
WHERE r.id::text IS NOT NULL AND r.place_tag_enrichment_id IS NOT NULL
  AND NOT EXISTS (SELECT 1 FROM preference.user_swipe_events e
                  WHERE e.user_id=r.user_id AND e.provider=r.provider
                    AND e.external_place_id=r.external_place_id AND e.occurred_at=r.last_reacted_at);

INSERT INTO preference.user_saved_places (id,user_id,provider,external_place_id,created_at)
SELECT md5('demo-save:' || u || ':' || a.content_id)::uuid,md5('demo-user:' || u)::uuid,'KTO',a.content_id::text,
       now() - make_interval(days => ((u + a.content_id) % 45))
FROM generate_series(1,20) u CROSS JOIN tourism_source.attractions a
WHERE a.content_id BETWEEN 10001 AND 20014 AND (u * 7 + a.content_id) % 6 = 0
ON CONFLICT (user_id,provider,external_place_id) DO NOTHING;

INSERT INTO preference.user_preference_tag_weights
  (user_id,tag_id,positive_evidence,negative_evidence,preference_score,like_count,super_like_count,nope_count,updated_at)
SELECT r.user_id,t.tag_id,
       sum(CASE r.reaction WHEN 'LIKE' THEN t.weight WHEN 'SUPER_LIKE' THEN t.weight*1.7 ELSE 0 END),
       sum(CASE r.reaction WHEN 'NOPE' THEN t.weight ELSE 0 END),
       greatest(0.05,least(0.95,0.5 +
         (sum(CASE WHEN r.reaction IN ('LIKE','SUPER_LIKE') THEN t.weight ELSE 0 END)
          - sum(CASE WHEN r.reaction='NOPE' THEN t.weight ELSE 0 END)) / 20.0)),
       count(*) FILTER (WHERE r.reaction='LIKE'),count(*) FILTER (WHERE r.reaction='SUPER_LIKE'),
       count(*) FILTER (WHERE r.reaction='NOPE'),now()
FROM preference.user_place_reactions r
JOIN preference.place_tag_enrichment_tags t ON t.enrichment_id=r.place_tag_enrichment_id
WHERE r.place_tag_enrichment_id::text LIKE '%'
GROUP BY r.user_id,t.tag_id
ON CONFLICT (user_id,tag_id) DO UPDATE SET positive_evidence=EXCLUDED.positive_evidence,
  negative_evidence=EXCLUDED.negative_evidence,preference_score=EXCLUDED.preference_score,
  like_count=EXCLUDED.like_count,super_like_count=EXCLUDED.super_like_count,
  nope_count=EXCLUDED.nope_count,updated_at=now();

-- ---------------------------------------------------------------------------
-- Trips, members and schedules
-- ---------------------------------------------------------------------------
WITH trips(k,owner,title,destination,status,version,created_days,updated_hours) AS (
  VALUES
    ('seoul-palace',1,'서울 궁궐과 오래된 골목 2박 3일','서울 종로·중구','ACTIVE',12,145,36),
    ('seoul-night',5,'한강부터 성곽까지 서울 야경 수집','서울 용산·종로·송파','ACTIVE',8,105,18),
    ('seongsu-picnic',3,'성수와 서울숲 느린 주말','서울 성동구','ACTIVE',6,82,12),
    ('daejeon-science',12,'아이처럼 즐기는 대전 과학 소풍','대전 유성·서구','ACTIVE',10,120,30),
    ('daejeon-bread',4,'빵과 골목을 따라 걷는 대전 1박 2일','대전 중구·동구','ACTIVE',9,98,20),
    ('daejeon-green',8,'장태산과 대청호 초록 충전','대전 서구·대덕구','ACTIVE',7,75,10),
    ('family-daejeon',6,'아이와 대전 체험 여행','대전 유성·중구','ACTIVE',5,44,7),
    ('seoul-modern',7,'서울 재생건축 탐방','서울 중구·성동·마포','ACTIVE',11,130,14),
    ('seoul-summer',18,'여름밤 서울 데이트 계획','서울 용산·송파','ACTIVE',3,12,2),
    ('daejeon-autumn',17,'가을 계족산과 온천 여행','대전 대덕·유성','ACTIVE',2,8,1)
)
INSERT INTO trip.trips (id,owner_user_id,title,display_destination,status,itinerary_version,created_at,updated_at)
SELECT md5('demo-trip:'||k)::uuid,md5('demo-user:'||owner)::uuid,title,destination,status,version,
       now()-make_interval(days=>created_days),now()-make_interval(hours=>updated_hours)
FROM trips ON CONFLICT (id) DO UPDATE SET title=EXCLUDED.title,display_destination=EXCLUDED.display_destination,
  status=EXCLUDED.status,itinerary_version=EXCLUDED.itinerary_version,updated_at=EXCLUDED.updated_at;

WITH trip_region(k,code,sort_order) AS (
  VALUES
   ('seoul-palace','1100000000',0),('seoul-night','1100000000',0),('seongsu-picnic','1100000000',0),
   ('seoul-modern','1100000000',0),('seoul-summer','1100000000',0),
   ('daejeon-science','3000000000',0),('daejeon-bread','3000000000',0),('daejeon-green','3000000000',0),
   ('family-daejeon','3000000000',0),('daejeon-autumn','3000000000',0)
)
INSERT INTO trip.trip_regions (trip_id,legal_region_code,sort_order,created_at)
SELECT md5('demo-trip:'||k)::uuid,code,sort_order,now()-interval '60 days' FROM trip_region
ON CONFLICT DO NOTHING;

WITH membership(k,u,joined_days) AS (
  VALUES
    ('seoul-palace',1,145),('seoul-palace',3,142),('seoul-palace',7,140),('seoul-palace',10,138),
    ('seoul-night',5,105),('seoul-night',10,102),('seoul-night',18,100),
    ('seongsu-picnic',3,82),('seongsu-picnic',8,80),('seongsu-picnic',15,78),('seongsu-picnic',16,76),
    ('daejeon-science',12,120),('daejeon-science',2,117),('daejeon-science',6,115),
    ('daejeon-bread',4,98),('daejeon-bread',2,96),('daejeon-bread',9,94),('daejeon-bread',14,93),
    ('daejeon-green',8,75),('daejeon-green',11,72),('daejeon-green',13,70),('daejeon-green',17,68),
    ('family-daejeon',6,44),('family-daejeon',12,42),('family-daejeon',15,40),
    ('seoul-modern',7,130),('seoul-modern',11,127),('seoul-modern',14,125),('seoul-modern',16,123),
    ('seoul-summer',18,12),('seoul-summer',5,10),
    ('daejeon-autumn',17,8),('daejeon-autumn',2,7),('daejeon-autumn',8,6)
)
INSERT INTO trip.trip_members (id,trip_id,user_id,role,status,joined_at)
SELECT md5('demo-member:'||k||':'||u)::uuid,md5('demo-trip:'||k)::uuid,md5('demo-user:'||u)::uuid,
       'MEMBER','ACTIVE',now()-make_interval(days=>joined_days)
FROM membership ON CONFLICT (trip_id,user_id) DO NOTHING;

WITH day_seed(k,d,trip_date,title) AS (
  VALUES
    ('seoul-palace',1,'2026-03-14'::date,'궁궐과 북촌'),('seoul-palace',2,'2026-03-15','익선동과 도심 산책'),('seoul-palace',3,'2026-03-16','남산과 박물관'),
    ('seoul-night',1,'2026-04-11','노을에서 야경까지'),('seoul-night',2,'2026-04-12','서울의 높은 곳'),
    ('seongsu-picnic',1,'2026-05-02','서울숲 피크닉'),('seongsu-picnic',2,'2026-05-03','성수 공간 탐방'),
    ('daejeon-science',1,'2026-03-28','과학과 전시'),('daejeon-science',2,'2026-03-29','수목원과 온천'),
    ('daejeon-bread',1,'2026-04-18','원도심 빵지순례'),('daejeon-bread',2,'2026-04-19','소제동과 전통공원'),
    ('daejeon-green',1,'2026-05-16','장태산 숲길'),('daejeon-green',2,'2026-05-17','대청호와 계족산'),
    ('family-daejeon',1,'2026-07-25','과학 체험'),('family-daejeon',2,'2026-07-26','동물과 놀이'),
    ('seoul-modern',1,'2026-02-21','DDP와 도심 건축'),('seoul-modern',2,'2026-02-22','성수와 문화비축기지'),
    ('seoul-summer',1,'2026-07-11','한강의 여름밤'),('seoul-summer',2,'2026-07-12','송파 야경'),
    ('daejeon-autumn',1,'2026-10-17','계족산 황톳길'),('daejeon-autumn',2,'2026-10-18','유성 온천 휴식')
)
INSERT INTO itinerary.itinerary_days (id,trip_id,group_type,day_number,date,title,sort_order,created_at,updated_at)
SELECT md5('demo-day:'||k||':'||d)::uuid,md5('demo-trip:'||k)::uuid,'DAY',d,trip_date,title,d-1,
       now()-interval '70 days',now()-interval '5 days'
FROM day_seed ON CONFLICT (id) DO UPDATE SET date=EXCLUDED.date,title=EXCLUDED.title,sort_order=EXCLUDED.sort_order;

WITH item_seed(k,d,s,content_id,creator) AS (
  VALUES
    ('seoul-palace',1,0,10001,1),('seoul-palace',1,1,10002,3),('seoul-palace',1,2,10005,10),
    ('seoul-palace',2,0,10003,7),('seoul-palace',2,1,10004,1),('seoul-palace',2,2,10006,3),
    ('seoul-palace',3,0,10008,10),('seoul-palace',3,1,10007,1),
    ('seoul-night',1,0,10009,5),('seoul-night',1,1,10017,18),('seoul-night',2,0,10018,10),('seoul-night',2,1,10015,5),
    ('seongsu-picnic',1,0,10010,3),('seongsu-picnic',1,1,10011,16),('seongsu-picnic',2,0,10006,7),('seongsu-picnic',2,1,10013,15),
    ('daejeon-science',1,0,20001,12),('daejeon-science',1,1,20002,2),('daejeon-science',1,2,20004,6),
    ('daejeon-science',2,0,20003,12),('daejeon-science',2,1,20005,2),
    ('daejeon-bread',1,0,20006,4),('daejeon-bread',1,1,20012,14),('daejeon-bread',1,2,20014,2),
    ('daejeon-bread',2,0,20007,9),('daejeon-bread',2,1,20008,4),
    ('daejeon-green',1,0,20009,8),('daejeon-green',2,0,20011,13),('daejeon-green',2,1,20010,17),
    ('family-daejeon',1,0,20001,6),('family-daejeon',1,1,20003,12),('family-daejeon',2,0,20013,6),('family-daejeon',2,1,20005,15),
    ('seoul-modern',1,0,10006,7),('seoul-modern',1,1,10004,14),('seoul-modern',2,0,10011,16),('seoul-modern',2,1,10013,7),
    ('seoul-summer',1,0,10009,18),('seoul-summer',1,1,10017,5),('seoul-summer',2,0,10016,18),('seoul-summer',2,1,10015,5),
    ('daejeon-autumn',1,0,20010,17),('daejeon-autumn',1,1,20011,8),('daejeon-autumn',2,0,20005,2),('daejeon-autumn',2,1,20003,17)
)
INSERT INTO itinerary.itinerary_items
  (id,trip_id,itinerary_day_id,sort_order,item_type,place_provider,external_place_id,place_name,address,
   lat,lng,thumbnail_url,source_status,created_by_user_id,updated_by_user_id,created_at,updated_at)
SELECT md5('demo-item:'||i.k||':'||i.d||':'||i.s)::uuid,md5('demo-trip:'||i.k)::uuid,
       md5('demo-day:'||i.k||':'||i.d)::uuid,i.s,'PLACE','KTO',a.content_id::text,a.title,a.addr1,
       a.latitude,a.longitude,a.first_image1,'AVAILABLE',md5('demo-user:'||i.creator)::uuid,
       md5('demo-user:'||i.creator)::uuid,now()-interval '65 days',now()-interval '4 days'
FROM item_seed i JOIN tourism_source.attractions a ON a.content_id=i.content_id
ON CONFLICT (id) DO UPDATE SET place_name=EXCLUDED.place_name,address=EXCLUDED.address,
  lat=EXCLUDED.lat,lng=EXCLUDED.lng,thumbnail_url=EXCLUDED.thumbnail_url,sort_order=EXCLUDED.sort_order;

-- Lightweight route segments connect consecutive items within each day.
INSERT INTO itinerary.trip_routes
  (id,trip_id,origin_itinerary_item_id,destination_itinerary_item_id,mode,provider,provider_profile,
   geometry_format,geometry,distance_meters,duration_seconds,confidence,created_by_user_id,created_at,updated_at)
SELECT md5('demo-route:'||o.id||':'||n.id)::uuid,o.trip_id,o.id,n.id,
       CASE WHEN abs(o.lat-n.lat)+abs(o.lng-n.lng) < .04 THEN 'WALKING' ELSE 'DRIVING' END,
       'MAPBOX',CASE WHEN abs(o.lat-n.lat)+abs(o.lng-n.lng) < .04 THEN 'walking' ELSE 'driving' END,
       'GEOJSON',jsonb_build_object('type','LineString','coordinates',jsonb_build_array(
          jsonb_build_array(o.lng,o.lat),jsonb_build_array(n.lng,n.lat))),
       round((sqrt(power((o.lat-n.lat)::numeric,2)+power((o.lng-n.lng)::numeric,2))*88000)::numeric,2),
       round((sqrt(power((o.lat-n.lat)::numeric,2)+power((o.lng-n.lng)::numeric,2))*88000/1.2)::numeric,2),
       .91,o.created_by_user_id,now()-interval '60 days',now()-interval '3 days'
FROM itinerary.itinerary_items o
JOIN itinerary.itinerary_items n ON n.itinerary_day_id=o.itinerary_day_id AND n.sort_order=o.sort_order+1
WHERE o.id::text IS NOT NULL AND o.created_at >= now()-interval '200 days'
ON CONFLICT (id) DO NOTHING;

-- Notes, checklists and chat make group trips feel actively planned.
INSERT INTO planning.trip_notes (id,trip_id,scope_type,content,created_by_user_id,updated_by_user_id)
SELECT md5('demo-note:'||t.id)::uuid,t.id,'TRIP',
       CASE WHEN t.display_destination LIKE '서울%' THEN '대중교통 위주. 해 질 무렵 야외 장소를 배치하고 비 오면 박물관으로 변경하기.'
            ELSE '대전역을 기준으로 이동. 성심당은 오전 방문, 숲 코스는 운동화 준비하기.' END,
       t.owner_user_id,t.owner_user_id
FROM trip.trips t WHERE t.id IN (SELECT md5('demo-trip:'||k)::uuid FROM (VALUES
 ('seoul-palace'),('seoul-night'),('seongsu-picnic'),('daejeon-science'),('daejeon-bread'),('daejeon-green'),
 ('family-daejeon'),('seoul-modern'),('seoul-summer'),('daejeon-autumn')) x(k))
ON CONFLICT DO NOTHING;

INSERT INTO planning.checklists (id,trip_id,scope_type,title,created_by_user_id,updated_by_user_id)
SELECT md5('demo-checklist:'||t.id)::uuid,t.id,'TRIP','여행 전 함께 확인해요',t.owner_user_id,t.owner_user_id
FROM trip.trips t WHERE t.id IN (SELECT md5('demo-trip:'||k)::uuid FROM (VALUES
 ('seoul-palace'),('seoul-night'),('seongsu-picnic'),('daejeon-science'),('daejeon-bread'),('daejeon-green'),
 ('family-daejeon'),('seoul-modern'),('seoul-summer'),('daejeon-autumn')) x(k))
ON CONFLICT DO NOTHING;

WITH contents(s,content) AS (VALUES (0,'숙소와 교통 예약 확인'),(1,'날씨 확인하고 우산 챙기기'),(2,'공용 경비 정산 준비'),(3,'보조 배터리와 편한 신발'))
INSERT INTO planning.checklist_items (id,checklist_id,sort_order,content,created_by_user_id,updated_by_user_id)
SELECT md5('demo-check-item:'||c.id||':'||x.s)::uuid,c.id,x.s,x.content,c.created_by_user_id,c.created_by_user_id
FROM planning.checklists c CROSS JOIN contents x
WHERE c.id::text IN (SELECT md5('demo-checklist:'||md5('demo-trip:'||k)::uuid)::text FROM (VALUES
 ('seoul-palace'),('seoul-night'),('seongsu-picnic'),('daejeon-science'),('daejeon-bread'),('daejeon-green'),
 ('family-daejeon'),('seoul-modern'),('seoul-summer'),('daejeon-autumn')) z(k))
ON CONFLICT (id) DO NOTHING;

WITH msg(k,u,content,minutes_ago) AS (
 VALUES
 ('seoul-palace',1,'토요일 10시에 경복궁역 5번 출구에서 만나요!',22000),('seoul-palace',3,'북촌은 주민분들 계시니까 조용히 걷자 🙌',21970),
 ('seoul-palace',10,'노을 시간 확인했어. 낙산 대신 덕수궁 돌담길 넣어뒀어.',21920),
 ('daejeon-bread',4,'성심당 오픈 시간 맞춰서 먼저 가는 걸로!',15000),('daejeon-bread',9,'점심은 중앙시장 쪽 칼국수 어때?',14950),
 ('daejeon-bread',2,'좋아. 소제동은 해 질 때 사진 예쁘더라.',14920),
 ('seongsu-picnic',15,'돗자리는 제가 가져갈게요.',8500),('seongsu-picnic',16,'서울숲 다음 전시 예약 완료!',8460),
 ('daejeon-green',17,'계족산 코스 초보도 괜찮지?',4100),('daejeon-green',8,'천천히 걸으면 괜찮아. 물 챙겨가자!',4050),
 ('seoul-summer',18,'반포 분수 시간 확인해서 일정에 적어둘게.',380),('seoul-summer',5,'끝나고 노들섬까지 가면 딱이겠다 🌙',340)
)
INSERT INTO chat.trip_chat_messages (id,trip_id,sender_user_id,content,created_at)
SELECT md5('demo-chat:'||k||':'||u||':'||minutes_ago)::uuid,md5('demo-trip:'||k)::uuid,
       md5('demo-user:'||u)::uuid,content,now()-make_interval(mins=>minutes_ago)
FROM msg ON CONFLICT (id) DO NOTHING;

-- ---------------------------------------------------------------------------
-- Trip records and media from completed journeys
-- ---------------------------------------------------------------------------
WITH completed(k) AS (VALUES ('seoul-palace'),('seoul-night'),('seongsu-picnic'),('daejeon-science'),
 ('daejeon-bread'),('daejeon-green'),('seoul-modern')),
items AS (
 SELECT i.*,row_number() OVER (PARTITION BY i.trip_id ORDER BY d.day_number,i.sort_order) rn
 FROM itinerary.itinerary_items i JOIN itinerary.itinerary_days d ON d.id=i.itinerary_day_id
 JOIN completed c ON i.trip_id=md5('demo-trip:'||c.k)::uuid
)
INSERT INTO record.trip_record_entries
 (id,trip_id,itinerary_day_id,itinerary_item_id,uploaded_by_user_id,title,caption,location_name,lat,lng,taken_at,visibility,status,created_at,updated_at)
SELECT md5('demo-record:'||i.id)::uuid,i.trip_id,i.itinerary_day_id,i.id,t.owner_user_id,
       CASE i.rn%4 WHEN 0 THEN '걷다 만난 오늘의 풍경' WHEN 1 THEN i.place_name||'에서 시작한 하루'
                    WHEN 2 THEN '계획보다 더 좋았던 순간' ELSE '우리 여행의 한 장면' END,
       CASE i.rn%3 WHEN 0 THEN '사진보다 현장에서 본 빛과 분위기가 훨씬 좋았다. 다음에도 천천히 다시 걷고 싶은 곳.'
                   WHEN 1 THEN '서두르지 않고 함께 걸어서 더 오래 기억에 남는다.'
                   ELSE '일정에 넣길 정말 잘했다. 근처 골목까지 둘러보면 반나절이 금방 간다.' END,
       i.place_name,i.lat,i.lng,d.date::timestamptz + make_interval(hours=>10+i.sort_order*2),
       'TRIP_MEMBERS','ACTIVE',d.date::timestamptz + make_interval(hours=>10+i.sort_order*2),now()-interval '10 days'
FROM items i JOIN trip.trips t ON t.id=i.trip_id JOIN itinerary.itinerary_days d ON d.id=i.itinerary_day_id
WHERE i.rn<=5
ON CONFLICT (id) DO NOTHING;

INSERT INTO media.media_files
 (id,owner_user_id,bucket,object_key,public_url,mime_type,byte_size,width,height,linked_resource_type,linked_resource_id,status,created_at)
SELECT md5('demo-record-media:'||r.id)::uuid,r.uploaded_by_user_id,'soomgil-local',
       'demo/records/'||r.id||'/cover.jpg',
       'https://picsum.photos/seed/record-'||replace(r.id::text,'-','')||'/1200/900',
       'image/jpeg',420000+(extract(day from r.taken_at)::bigint*731),1200,900,'TRIP_RECORD',r.id,'ACTIVE',r.created_at
FROM record.trip_record_entries r
WHERE r.id IN (SELECT md5('demo-record:'||i.id)::uuid FROM itinerary.itinerary_items i)
ON CONFLICT (id) DO NOTHING;

INSERT INTO record.trip_record_media (record_entry_id,media_file_id,sort_order,caption,created_at)
SELECT r.id,md5('demo-record-media:'||r.id)::uuid,0,'여행에서 직접 남긴 사진',r.created_at
FROM record.trip_record_entries r
WHERE r.id IN (SELECT md5('demo-record:'||i.id)::uuid FROM itinerary.itinerary_items i)
ON CONFLICT DO NOTHING;

-- ---------------------------------------------------------------------------
-- Community feed: published trip snapshots, media, hashtags and engagement
-- ---------------------------------------------------------------------------
WITH post_seed(k,trip_k,publisher,title,summary,published_days) AS (
 VALUES
 ('palace-post','seoul-palace',1,'봄날, 서울 궁궐에서 골목까지 천천히','경복궁 문 여는 시간에 맞춰 시작해 북촌과 익선동, 청계천까지 걸었어요. 이동이 짧아 서울 첫 여행에도 추천하는 2박 3일 코스입니다.',92),
 ('night-post','seoul-night',5,'지하철로 모은 서울 야경 네 장면','노들섬 노을에서 반포, 낙산 성곽, 서울스카이까지. 야경 좋아하는 친구들과 다녀온 동선과 촬영 시간을 남깁니다.',61),
 ('seongsu-post','seongsu-picnic',3,'서울숲 피크닉과 성수의 느린 주말','욕심내지 않고 공원과 성수 골목만 오래 걸었습니다. 돗자리 펴기 좋은 자리와 전시 동선까지 담았어요.',48),
 ('science-post','daejeon-science',12,'어른도 신나는 대전 과학 소풍','국립중앙과학관, 엑스포공원, 시립미술관을 한 동선으로 묶었어요. 비 오는 날에도 좋은 대전 1박 2일 코스!',84),
 ('bread-post','daejeon-bread',4,'성심당만 보고 갔다가 골목에 반한 대전','성심당 오픈런 뒤 근현대사전시관과 테미오래, 소제동까지. 빵 봉투 들고 걷기 좋은 원도심 코스예요.',55),
 ('green-post','daejeon-green',8,'대전에 이런 숲이? 초록 가득 1박 2일','장태산 메타세쿼이아 숲부터 대청호, 계족산 황톳길까지 걷고 왔어요. 차가 있으면 가장 편하지만 대중교통 팁도 적었습니다.',32),
 ('modern-post','seoul-modern',7,'공장을 공원으로, 서울 재생건축 여행','DDP에서 시작해 성수의 붉은 벽돌 공장과 문화비축기지까지. 건축과 공간 재생을 좋아한다면 저장해둘 코스.',110),
 ('family-post','family-daejeon',6,'아이와 갈 대전 여름 여행 미리 짜봤어요','과학관과 수목원, 오월드를 무리 없이 나눈 가족 여행 계획입니다. 실내와 야외 비율을 맞췄어요.',3),
 ('autumn-post','daejeon-autumn',17,'올가을 계족산 황톳길 같이 걸어요','황톳길을 걷고 대청호를 본 뒤 유성온천으로 마무리하는 계획. 다녀온 분들의 팁도 기다릴게요.',1)
)
INSERT INTO community.posts
 (id,source_trip_id,source_trip_version,published_by_user_id,visibility,title,summary,snapshot_version,
  moderation_status,published_at,created_at,updated_at,snapshot)
SELECT md5('demo-post:'||k)::uuid,md5('demo-trip:'||trip_k)::uuid,t.itinerary_version,
       md5('demo-user:'||publisher)::uuid,'PUBLIC',p.title,p.summary,1,'VISIBLE',
       now()-make_interval(days=>published_days),now()-make_interval(days=>published_days),
       now()-make_interval(days=>greatest(published_days-1,0)),'{"days":[],"routes":[],"authorDisplay":null}'::jsonb
FROM post_seed p JOIN trip.trips t ON t.id=md5('demo-trip:'||p.trip_k)::uuid
ON CONFLICT (id) DO UPDATE SET title=EXCLUDED.title,summary=EXCLUDED.summary,
  source_trip_version=EXCLUDED.source_trip_version,updated_at=EXCLUDED.updated_at;

-- Build the exact application snapshot shape from the source itinerary.
UPDATE community.posts p
SET snapshot=jsonb_build_object(
 'days',COALESCE((
   SELECT jsonb_agg(jsonb_build_object(
     'id',d.id,'tripId',d.trip_id,'groupType',d.group_type,'dayNumber',d.day_number,
     'date',d.date,'title',d.title,'sortOrder',d.sort_order,
     'items',COALESCE((SELECT jsonb_agg(jsonb_build_object(
       'id',i.id,'itineraryDayId',i.itinerary_day_id,'sortOrder',i.sort_order,'itemType',i.item_type,
       'placeRef',jsonb_build_object('provider',i.place_provider,'externalPlaceId',i.external_place_id),
       'placeName',i.place_name,'address',i.address,'lat',i.lat,'lng',i.lng,
       'thumbnailUrl',i.thumbnail_url,'sourceStatus',i.source_status) ORDER BY i.sort_order)
       FROM itinerary.itinerary_items i WHERE i.itinerary_day_id=d.id AND i.deleted_at IS NULL),'[]'::jsonb)
   ) ORDER BY d.sort_order) FROM itinerary.itinerary_days d WHERE d.trip_id=p.source_trip_id),'[]'::jsonb),
 'routes',COALESCE((SELECT jsonb_agg(jsonb_build_object(
   'id',r.id,'originItineraryItemId',r.origin_itinerary_item_id,
   'destinationItineraryItemId',r.destination_itinerary_item_id,'mode',r.mode,'provider',r.provider,
   'providerProfile',r.provider_profile,'geometryFormat',r.geometry_format,'geometry',r.geometry,
   'distanceMeters',r.distance_meters,'durationSeconds',r.duration_seconds,'confidence',r.confidence)
   ORDER BY r.created_at) FROM itinerary.trip_routes r WHERE r.trip_id=p.source_trip_id AND r.deleted_at IS NULL),'[]'::jsonb),
 'authorDisplay',(SELECT jsonb_build_object('id',u.user_id,'displayName',u.display_name,
   'profileImageUrl',u.profile_image_url) FROM auth.user_profiles u WHERE u.user_id=p.published_by_user_id)
)
WHERE p.id IN (SELECT md5('demo-post:'||k)::uuid FROM (VALUES ('palace-post'),('night-post'),('seongsu-post'),
 ('science-post'),('bread-post'),('green-post'),('modern-post'),('family-post'),('autumn-post')) x(k));

-- Keep the normalized snapshot tables populated as well as the canonical JSONB snapshot.
INSERT INTO community.post_snapshot_days
  (id,post_id,group_type,day_number,date,title,sort_order)
SELECT md5('demo-post-day:'||p.id||':'||d.id)::uuid,p.id,d.group_type,d.day_number,d.date,d.title,d.sort_order
FROM community.posts p JOIN itinerary.itinerary_days d ON d.trip_id=p.source_trip_id
WHERE p.id IN (SELECT md5('demo-post:'||k)::uuid FROM (VALUES ('palace-post'),('night-post'),('seongsu-post'),
 ('science-post'),('bread-post'),('green-post'),('modern-post'),('family-post'),('autumn-post')) x(k))
ON CONFLICT (id) DO NOTHING;

INSERT INTO community.post_snapshot_items
  (id,post_id,snapshot_day_id,sort_order,place_provider,external_place_id,source_status,
   place_name,address,lat,lng,thumbnail_url)
SELECT md5('demo-post-item:'||p.id||':'||i.id)::uuid,p.id,
       md5('demo-post-day:'||p.id||':'||d.id)::uuid,i.sort_order,i.place_provider,i.external_place_id,
       i.source_status,i.place_name,i.address,i.lat,i.lng,i.thumbnail_url
FROM community.posts p
JOIN itinerary.itinerary_days d ON d.trip_id=p.source_trip_id
JOIN itinerary.itinerary_items i ON i.itinerary_day_id=d.id AND i.deleted_at IS NULL
WHERE p.id IN (SELECT md5('demo-post:'||k)::uuid FROM (VALUES ('palace-post'),('night-post'),('seongsu-post'),
 ('science-post'),('bread-post'),('green-post'),('modern-post'),('family-post'),('autumn-post')) x(k))
ON CONFLICT (id) DO NOTHING;

INSERT INTO community.post_snapshot_routes
  (id,post_id,origin_snapshot_item_id,destination_snapshot_item_id,mode,geometry_format,
   geometry,distance_meters,duration_seconds)
SELECT md5('demo-post-route:'||p.id||':'||r.id)::uuid,p.id,
       md5('demo-post-item:'||p.id||':'||r.origin_itinerary_item_id)::uuid,
       md5('demo-post-item:'||p.id||':'||r.destination_itinerary_item_id)::uuid,
       r.mode,r.geometry_format,r.geometry,r.distance_meters,r.duration_seconds
FROM community.posts p
JOIN itinerary.trip_routes r ON r.trip_id=p.source_trip_id AND r.deleted_at IS NULL
JOIN community.post_snapshot_items origin_item
  ON origin_item.id = md5('demo-post-item:'||p.id||':'||r.origin_itinerary_item_id)::uuid
JOIN community.post_snapshot_items destination_item
  ON destination_item.id = md5('demo-post-item:'||p.id||':'||r.destination_itinerary_item_id)::uuid
WHERE p.id IN (SELECT md5('demo-post:'||k)::uuid FROM (VALUES ('palace-post'),('night-post'),('seongsu-post'),
 ('science-post'),('bread-post'),('green-post'),('modern-post'),('family-post'),('autumn-post')) x(k))
ON CONFLICT (id) DO NOTHING;

WITH tags(name,normalized) AS (VALUES
 ('서울여행','서울여행'),('대전여행','대전여행'),('주말여행','주말여행'),('뚜벅이여행','뚜벅이여행'),
 ('야경명소','야경명소'),('빵지순례','빵지순례'),('아이와가볼만한곳','아이와가볼만한곳'),
 ('숲여행','숲여행'),('골목여행','골목여행'),('데이트코스','데이트코스'),('건축여행','건축여행'),('리트립추천','리트립추천'))
INSERT INTO community.hashtags (id,name,normalized_name,usage_count)
SELECT md5('demo-hashtag:'||normalized)::uuid,name,normalized,0 FROM tags
ON CONFLICT (normalized_name) DO UPDATE SET name=EXCLUDED.name;

WITH mapping(post_k,tag) AS (VALUES
 ('palace-post','서울여행'),('palace-post','뚜벅이여행'),('palace-post','골목여행'),('palace-post','리트립추천'),
 ('night-post','서울여행'),('night-post','야경명소'),('night-post','데이트코스'),
 ('seongsu-post','서울여행'),('seongsu-post','주말여행'),('seongsu-post','데이트코스'),
 ('science-post','대전여행'),('science-post','아이와가볼만한곳'),('science-post','뚜벅이여행'),
 ('bread-post','대전여행'),('bread-post','빵지순례'),('bread-post','골목여행'),('bread-post','리트립추천'),
 ('green-post','대전여행'),('green-post','숲여행'),('green-post','주말여행'),
 ('modern-post','서울여행'),('modern-post','건축여행'),('modern-post','골목여행'),
 ('family-post','대전여행'),('family-post','아이와가볼만한곳'),
 ('autumn-post','대전여행'),('autumn-post','숲여행'),('autumn-post','리트립추천'))
INSERT INTO community.post_hashtags(post_id,hashtag_id)
SELECT md5('demo-post:'||post_k)::uuid,md5('demo-hashtag:'||tag)::uuid FROM mapping
ON CONFLICT DO NOTHING;

UPDATE community.hashtags h SET usage_count=(SELECT count(*) FROM community.post_hashtags ph WHERE ph.hashtag_id=h.id)
WHERE h.id::text IS NOT NULL;

-- A cover asset per post, plus a second gallery image for richer cards/details.
INSERT INTO media.media_files
 (id,owner_user_id,bucket,object_key,public_url,mime_type,byte_size,width,height,linked_resource_type,linked_resource_id,status,created_at)
SELECT md5('demo-post-media:'||p.id||':'||s)::uuid,p.published_by_user_id,'soomgil-local',
       'demo/community/'||p.id||'/'||s||'.jpg',
       'https://picsum.photos/seed/community-'||replace(p.id::text,'-','')||'-'||s||'/1200/800',
       'image/jpeg',510000+s*29000,1200,800,'COMMUNITY_POST',p.id,'ACTIVE',p.published_at
FROM community.posts p CROSS JOIN generate_series(0,1) s
WHERE p.id IN (SELECT md5('demo-post:'||k)::uuid FROM (VALUES ('palace-post'),('night-post'),('seongsu-post'),
 ('science-post'),('bread-post'),('green-post'),('modern-post'),('family-post'),('autumn-post')) x(k))
ON CONFLICT (id) DO NOTHING;

UPDATE community.posts p SET cover_media_file_id=md5('demo-post-media:'||p.id||':0')::uuid
WHERE p.id IN (SELECT md5('demo-post:'||k)::uuid FROM (VALUES ('palace-post'),('night-post'),('seongsu-post'),
 ('science-post'),('bread-post'),('green-post'),('modern-post'),('family-post'),('autumn-post')) x(k));

INSERT INTO community.post_media(id,post_id,media_file_id,sort_order,caption,created_at)
SELECT md5('demo-post-media-link:'||p.id||':'||s)::uuid,p.id,md5('demo-post-media:'||p.id||':'||s)::uuid,s,
       CASE s WHEN 0 THEN '여행의 대표 장면' ELSE '코스에서 오래 기억에 남은 순간' END,p.published_at
FROM community.posts p CROSS JOIN generate_series(0,1) s
WHERE p.id IN (SELECT md5('demo-post:'||k)::uuid FROM (VALUES ('palace-post'),('night-post'),('seongsu-post'),
 ('science-post'),('bread-post'),('green-post'),('modern-post'),('family-post'),('autumn-post')) x(k))
ON CONFLICT DO NOTHING;

-- Dense but varied social engagement.
INSERT INTO community.post_likes(post_id,user_id,created_at)
SELECT p.id,md5('demo-user:'||u)::uuid,p.published_at+make_interval(hours=>u*9)
FROM community.posts p CROSS JOIN generate_series(1,20) u
WHERE p.id IN (SELECT md5('demo-post:'||k)::uuid FROM (VALUES ('palace-post'),('night-post'),('seongsu-post'),
 ('science-post'),('bread-post'),('green-post'),('modern-post'),('family-post'),('autumn-post')) x(k))
  AND (get_byte(decode(md5(p.id::text||u),'hex'),0)+u)%4<>0
  AND md5('demo-user:'||u)::uuid<>p.published_by_user_id
ON CONFLICT DO NOTHING;

WITH comment(post_k,u,content,days_after) AS (VALUES
 ('palace-post',11,'북촌에서 익선동으로 넘어갈 때 도보로 괜찮았나요?',1),
 ('palace-post',1,'네! 중간에 카페 한 번 쉬면 여유롭게 걸을 만했어요.',1),
 ('palace-post',14,'돌담길까지 넣은 동선 너무 좋네요. 바로 저장했어요.',2),
 ('night-post',10,'낙산공원 사진은 몇 시쯤 찍으셨어요? 빛이 정말 예뻐요.',1),
 ('night-post',5,'해 지고 30분쯤 뒤예요. 삼각대 없어도 난간 활용하면 괜찮아요!',1),
 ('seongsu-post',15,'서울숲 피크닉 자리는 주말 몇 시 전에 가야 할까요?',2),
 ('seongsu-post',3,'11시 전에는 꽤 여유 있었어요. 그늘 쪽은 조금 빨리 차더라고요.',2),
 ('science-post',6,'아이랑 가면 과학관에서 몇 시간 정도 잡는 게 좋을까요?',1),
 ('science-post',12,'최소 3시간 추천해요. 체험 예약 가능한 전시는 먼저 확인하세요!',1),
 ('science-post',19,'비 오는 날 대전 코스로 딱이네요.',3),
 ('bread-post',9,'이 동선 그대로 리트립했어요. 칼국수집도 끼워 넣으려고요 😋',1),
 ('bread-post',14,'테미오래가 생각보다 사진 찍기 정말 좋았어요.',2),
 ('bread-post',2,'대전역 보관함에 빵 맡기면 걷기 훨씬 편합니다!',2),
 ('green-post',17,'장태산 스카이웨이 고소공포증 있어도 괜찮나요?',1),
 ('green-post',8,'아래 숲길만 걸어도 충분히 좋아요. 무리하지 않아도 됩니다.',1),
 ('modern-post',16,'전시 좋아하는 친구랑 이 코스 꼭 가보고 싶어요.',4),
 ('modern-post',7,'DDP 전시 일정 확인하고 가면 더 알차요!',4),
 ('family-post',12,'과학관 체험은 온라인 예약 열리면 금방 마감돼요.',1),
 ('autumn-post',8,'10월 중순이면 숲 색도 예쁘고 걷기 딱 좋겠네요.',0),
 ('autumn-post',2,'걷고 나서 족욕으로 마무리하는 코스 찬성!',0)
)
INSERT INTO community.post_comments
 (id,post_id,author_user_id,content,depth,moderation_status,created_at,updated_at)
SELECT md5('demo-comment:'||post_k||':'||u||':'||days_after)::uuid,md5('demo-post:'||post_k)::uuid,
       md5('demo-user:'||u)::uuid,content,0,'VISIBLE',p.published_at+make_interval(days=>days_after,hours=>u),
       p.published_at+make_interval(days=>days_after,hours=>u)
FROM comment c JOIN community.posts p ON p.id=md5('demo-post:'||c.post_k)::uuid
ON CONFLICT (id) DO NOTHING;

-- ---------------------------------------------------------------------------
-- Retrips: copied independent trips with provenance and copied itinerary
-- ---------------------------------------------------------------------------
WITH retrip(k,post_k,u,title,created_days) AS (VALUES
 ('retrip-palace','palace-post',19,'혼자 걷는 서울 궁궐과 골목',18),
 ('retrip-bread','bread-post',3,'친구들과 대전 빵지순례',11),
 ('retrip-science','science-post',6,'우리 가족 대전 과학여행',6),
 ('retrip-green','green-post',17,'초보도 걷는 대전 숲 코스',3)
)
INSERT INTO trip.trips
 (id,owner_user_id,title,display_destination,status,itinerary_version,retripped_from_post_id,
  retripped_from_snapshot_version,created_at,updated_at)
SELECT md5('demo-trip:'||r.k)::uuid,md5('demo-user:'||r.u)::uuid,r.title,
       CASE WHEN r.post_k='palace-post' THEN '서울 종로·중구' ELSE '대전광역시' END,
       'ACTIVE',1,md5('demo-post:'||r.post_k)::uuid,1,now()-make_interval(days=>r.created_days),now()-interval '3 hours'
FROM retrip r ON CONFLICT (id) DO NOTHING;

WITH retrip(k,post_k,u) AS (VALUES
 ('retrip-palace','palace-post',19),('retrip-bread','bread-post',3),
 ('retrip-science','science-post',6),('retrip-green','green-post',17))
INSERT INTO trip.trip_members(id,trip_id,user_id,role,status,joined_at)
SELECT md5('demo-member:'||k||':'||u)::uuid,md5('demo-trip:'||k)::uuid,md5('demo-user:'||u)::uuid,
       'MEMBER','ACTIVE',now()-interval '5 days' FROM retrip
ON CONFLICT (trip_id,user_id) DO NOTHING;

WITH retrip(k,post_k) AS (VALUES
 ('retrip-palace','palace-post'),('retrip-bread','bread-post'),
 ('retrip-science','science-post'),('retrip-green','green-post')),
src AS (SELECT r.k,r.post_k,p.source_trip_id,new_t.id new_trip_id
        FROM retrip r JOIN community.posts p ON p.id=md5('demo-post:'||r.post_k)::uuid
        JOIN trip.trips new_t ON new_t.id=md5('demo-trip:'||r.k)::uuid)
INSERT INTO itinerary.itinerary_days(id,trip_id,group_type,day_number,date,title,sort_order,created_at,updated_at)
SELECT md5('demo-retrip-day:'||s.k||':'||d.id)::uuid,s.new_trip_id,d.group_type,d.day_number,
       current_date+10+d.day_number,d.title,d.sort_order,now()-interval '4 days',now()
FROM src s JOIN itinerary.itinerary_days d ON d.trip_id=s.source_trip_id
ON CONFLICT (id) DO NOTHING;

WITH retrip(k,post_k,u) AS (VALUES
 ('retrip-palace','palace-post',19),('retrip-bread','bread-post',3),
 ('retrip-science','science-post',6),('retrip-green','green-post',17)),
src AS (SELECT r.*,p.source_trip_id,md5('demo-trip:'||r.k)::uuid new_trip_id
        FROM retrip r JOIN community.posts p ON p.id=md5('demo-post:'||r.post_k)::uuid)
INSERT INTO itinerary.itinerary_items
 (id,trip_id,itinerary_day_id,sort_order,item_type,place_provider,external_place_id,place_name,address,lat,lng,
  thumbnail_url,source_status,created_by_user_id,updated_by_user_id,created_at,updated_at)
SELECT md5('demo-retrip-item:'||s.k||':'||i.id)::uuid,s.new_trip_id,
       md5('demo-retrip-day:'||s.k||':'||i.itinerary_day_id)::uuid,i.sort_order,i.item_type,
       i.place_provider,i.external_place_id,i.place_name,i.address,i.lat,i.lng,i.thumbnail_url,i.source_status,
       md5('demo-user:'||s.u)::uuid,md5('demo-user:'||s.u)::uuid,now()-interval '4 days',now()
FROM src s JOIN itinerary.itinerary_items i ON i.trip_id=s.source_trip_id AND i.deleted_at IS NULL
ON CONFLICT (id) DO NOTHING;

WITH retrip(k,post_k,u) AS (VALUES
 ('retrip-palace','palace-post',19),('retrip-bread','bread-post',3),
 ('retrip-science','science-post',6),('retrip-green','green-post',17))
INSERT INTO community.post_retrips(id,post_id,user_id,new_trip_id,snapshot_version,created_at)
SELECT md5('demo-retrip:'||k)::uuid,md5('demo-post:'||post_k)::uuid,md5('demo-user:'||u)::uuid,
       md5('demo-trip:'||k)::uuid,1,now()-interval '2 days' FROM retrip
ON CONFLICT DO NOTHING;

-- ---------------------------------------------------------------------------
-- Social graph, notifications and operational traces
-- ---------------------------------------------------------------------------
INSERT INTO social.user_follows(follower_user_id,following_user_id,status,created_at,updated_at)
SELECT md5('demo-user:'||a)::uuid,md5('demo-user:'||b)::uuid,'ACTIVE',
       now()-make_interval(days=>((a*7+b*3)%120)),now()-make_interval(hours=>((a+b)%72))
FROM generate_series(1,20) a CROSS JOIN generate_series(1,20) b
WHERE a<>b AND ((a*7+b*11)%5=0 OR b IN (1,2,3,4,8,12))
ON CONFLICT (follower_user_id,following_user_id) DO NOTHING;

INSERT INTO notification.notifications
 (id,recipient_user_id,actor_user_id,trip_id,type,title,body,payload,read_at,created_at)
SELECT md5('demo-notification:like:'||l.post_id||':'||l.user_id)::uuid,p.published_by_user_id,l.user_id,
       p.source_trip_id,'COMMUNITY_POST_LIKED','새로운 좋아요','회원님이 여행 게시물을 좋아합니다.',
       jsonb_build_object('postId',p.id),CASE WHEN row_number() OVER (ORDER BY l.created_at)%3=0 THEN l.created_at+interval '2 hours' END,l.created_at
FROM community.post_likes l JOIN community.posts p ON p.id=l.post_id
WHERE p.id IN (SELECT md5('demo-post:'||k)::uuid FROM (VALUES ('palace-post'),('night-post'),('seongsu-post'),
 ('science-post'),('bread-post'),('green-post'),('modern-post'),('family-post'),('autumn-post')) x(k))
  AND (get_byte(decode(md5(l.user_id::text),'hex'),0)%7=0)
ON CONFLICT (id) DO NOTHING;

INSERT INTO notification.notifications
 (id,recipient_user_id,actor_user_id,trip_id,type,title,body,payload,created_at)
SELECT md5('demo-notification:retrip:'||r.id)::uuid,p.published_by_user_id,r.user_id,p.source_trip_id,
       'COMMUNITY_POST_RETRIPPED','내 여행이 리트립됐어요','누군가 회원님의 여행 코스로 새 여행을 시작했습니다.',
       jsonb_build_object('postId',p.id,'newTripId',r.new_trip_id),r.created_at
FROM community.post_retrips r JOIN community.posts p ON p.id=r.post_id
ON CONFLICT (id) DO NOTHING;

INSERT INTO ops.audit_logs(actor_user_id,action,target_type,target_id,metadata,created_at)
SELECT p.published_by_user_id,'COMMUNITY_POST_PUBLISHED','COMMUNITY_POST',p.id,
       jsonb_build_object('sourceTripId',p.source_trip_id,'seed','seoul-daejeon-demo'),p.published_at
FROM community.posts p
WHERE p.id IN (SELECT md5('demo-post:'||k)::uuid FROM (VALUES ('palace-post'),('night-post'),('seongsu-post'),
 ('science-post'),('bread-post'),('green-post'),('modern-post'),('family-post'),('autumn-post')) x(k))
AND NOT EXISTS (SELECT 1 FROM ops.audit_logs o WHERE o.action='COMMUNITY_POST_PUBLISHED' AND o.target_id=p.id);

-- ===========================================================================
-- Dense expansion pack
-- Adds broader real-place search coverage and production-like activity volume.
-- ===========================================================================

-- More well-known, real-world Seoul and Daejeon destinations.
WITH place(content_id,title,content_type_id,area_code,gugun,lat,lng,tel,addr,homepage,overview,seed) AS (
  VALUES
    (10019,'창덕궁',12,1,23,37.579430,126.991040,'02-3668-2300','서울특별시 종로구 율곡로 99','https://royal.khs.go.kr/','후원과 자연 지형을 살린 궁궐 배치로 유명한 유네스코 세계유산.','changdeokgung'),
    (10020,'창경궁',12,1,23,37.578740,126.995060,'02-762-4868','서울특별시 종로구 창경궁로 185','https://royal.khs.go.kr/','연못과 온실, 고궁 산책을 함께 즐길 수 있는 조선시대 궁궐.','changgyeonggung'),
    (10021,'종묘',12,1,23,37.574630,126.994170,'02-765-0195','서울특별시 종로구 종로 157','https://royal.khs.go.kr/','조선 왕과 왕비의 신위를 모신 유네스코 세계유산.','jongmyo'),
    (10022,'광화문광장',12,1,23,37.572390,126.976930,NULL,'서울특별시 종로구 세종대로 175',NULL,'경복궁과 세종문화회관 사이에 펼쳐진 서울 도심 대표 광장.','gwanghwamun-square'),
    (10023,'서울역사박물관',14,1,23,37.570420,126.970660,'02-724-0274','서울특별시 종로구 새문안로 55','https://museum.seoul.go.kr/','조선시대부터 현대까지 서울의 변화와 생활사를 보여주는 박물관.','seoul-history-museum'),
    (10024,'광장시장',38,1,23,37.570140,126.999530,'02-2267-0291','서울특별시 종로구 창경궁로 88',NULL,'빈대떡과 육회 등 다양한 먹거리로 유명한 서울의 전통시장.','gwangjang-market'),
    (10025,'남산골한옥마을',12,1,24,37.559340,126.994580,'02-6358-5533','서울특별시 중구 퇴계로34길 28','https://www.hanokmaeul.or.kr/','전통 한옥과 정원, 생활문화 체험을 만나는 도심 속 마을.','namsangol'),
    (10026,'서울시립미술관 서소문본관',14,1,24,37.564080,126.973750,'02-2124-8800','서울특별시 중구 덕수궁길 61','https://sema.seoul.go.kr/','덕수궁 돌담길 옆에서 현대미술 전시를 만나는 시립미술관.','sema'),
    (10027,'전쟁기념관',14,1,21,37.536560,126.977020,'02-709-3114','서울특별시 용산구 이태원로 29','https://www.warmemo.or.kr/','한국의 전쟁사와 평화의 의미를 살펴보는 대형 역사문화시설.','war-memorial'),
    (10028,'리움미술관',14,1,21,37.538490,126.999020,'02-2014-6900','서울특별시 용산구 이태원로55길 60-16','https://www.leeumhoam.org/','고미술과 현대미술, 독특한 건축을 함께 경험하는 미술관.','leeum'),
    (10029,'뚝섬한강공원',12,1,16,37.529330,127.073020,NULL,'서울특별시 광진구 강변북로 139',NULL,'자전거와 수상활동, 피크닉을 즐기기 좋은 한강공원.','ttukseom-hangang'),
    (10030,'서울어린이대공원',12,1,16,37.549450,127.081070,'02-450-9311','서울특별시 광진구 능동로 216','https://www.sisul.or.kr/open_content/childrenpark/','동물원과 놀이시설, 넓은 산책로를 갖춘 가족 공원.','children-grand-park'),
    (10031,'코엑스 별마당도서관',14,1,1,37.511680,127.059150,NULL,'서울특별시 강남구 영동대로 513','https://www.starfield.co.kr/coexmall/','높은 서가와 열린 독서 공간으로 유명한 실내 문화 명소.','starfield-library'),
    (10032,'봉은사',12,1,1,37.515150,127.057220,'02-3218-4800','서울특별시 강남구 봉은사로 531','https://www.bongeunsa.org/','도심 고층 건물 사이에서 고즈넉한 분위기를 느끼는 전통 사찰.','bongeunsa'),
    (10033,'석촌호수',12,1,18,37.508670,127.101100,NULL,'서울특별시 송파구 잠실동 47',NULL,'벚꽃과 야경, 호수 산책으로 사랑받는 잠실의 대표 휴식공간.','seokchon-lake'),
    (10034,'송리단길',12,1,18,37.510340,127.109850,NULL,'서울특별시 송파구 백제고분로45길 일대',NULL,'작은 식당과 카페가 모여 있는 석촌호수 인근 골목.','songridan'),
    (10035,'서울식물원',12,1,1,37.569370,126.835080,'02-2104-9716','서울특별시 강서구 마곡동로 161','https://botanicpark.seoul.go.kr/','대형 온실과 주제정원, 호수공원을 함께 즐기는 도심 식물원.','seoul-botanic'),
    (10036,'선유도공원',12,1,14,37.543980,126.900240,'02-2631-9368','서울특별시 영등포구 선유로 343',NULL,'옛 정수장을 생태와 수변 공간으로 재생한 한강의 섬 공원.','seonyudo'),
    (10037,'경의선숲길',12,1,14,37.556960,126.924150,NULL,'서울특별시 마포구 연남동 일대',NULL,'폐철길을 따라 카페와 동네 풍경이 이어지는 선형 공원.','gyeongui-forest'),
    (10038,'서대문형무소역사관',14,1,23,37.574270,126.956070,'02-360-8590','서울특별시 서대문구 통일로 251','https://sphh.sscmc.or.kr/','독립운동과 민주화의 역사를 기억하는 근현대사 현장.','seodaemun-prison'),
    (10039,'북한산국립공원',12,1,23,37.659520,126.977990,'02-909-0497','서울특별시 성북구 보국문로 262',NULL,'서울 도심 가까이에서 능선과 계곡을 만나는 국립공원.','bukhansan'),
    (10040,'은평한옥마을',12,1,23,37.640830,126.938080,NULL,'서울특별시 은평구 연서로50길 일대',NULL,'북한산을 배경으로 현대 한옥과 골목을 걷는 마을.','eunpyeong-hanok'),
    (20015,'이응노미술관',14,3,3,36.366860,127.387350,'042-611-9800','대전광역시 서구 둔산대로 157','https://www.leeungnomuseum.or.kr/','고암 이응노의 작품과 건축, 정원을 함께 감상하는 미술관.','leeungno'),
    (20016,'대전예술의전당',14,3,3,36.366950,127.385310,'042-270-8333','대전광역시 서구 둔산대로 135','https://www.daejeon.go.kr/djac/','공연과 음악회를 관람하는 대전의 대표 복합공연장.','daejeon-arts-center'),
    (20017,'엑스포다리',12,3,4,36.374880,127.389750,NULL,'대전광역시 유성구 도룡동',NULL,'갑천과 한빛탑을 잇는 야경 명소로 산책과 자전거에 좋다.','expo-bridge'),
    (20018,'화폐박물관',14,3,4,36.378130,127.370500,'042-870-1200','대전광역시 유성구 과학로 80-67','https://museum.komsco.com/','화폐의 역사와 제조 과정을 체험하는 한국조폐공사 박물관.','currency-museum'),
    (20019,'지질박물관',14,3,4,36.381090,127.360500,'042-868-3798','대전광역시 유성구 과학로 124','https://museum.kigam.re.kr/','광물과 화석, 지구의 역사를 만나는 전문 과학박물관.','geological-museum'),
    (20020,'유림공원',12,3,4,36.360740,127.358460,NULL,'대전광역시 유성구 어은로 27',NULL,'계절 꽃과 국화축제로 알려진 갑천변 도심 공원.','yurim-park'),
    (20021,'으능정이문화의거리',12,3,5,36.328650,127.426820,NULL,'대전광역시 중구 중앙로 164',NULL,'대전 원도심 쇼핑과 먹거리, 스카이로드가 이어지는 보행 거리.','euneungjeongi'),
    (20022,'대전스카이로드',12,3,5,36.328460,127.428360,NULL,'대전광역시 중구 중앙로164번길 17',NULL,'대형 LED 영상 아케이드가 설치된 대전 원도심의 야간 명소.','skyroad'),
    (20023,'뿌리공원',12,3,5,36.285210,127.388200,'042-288-8310','대전광역시 중구 뿌리공원로 79','https://www.djjunggu.go.kr/hyo/','성씨 조형물과 산책로, 족보박물관이 있는 가족 공원.','ppuri-park'),
    (20024,'보문산 전망대',12,3,5,36.312800,127.419900,NULL,'대전광역시 중구 보문산공원로 일대',NULL,'대전 도심을 내려다보며 가볍게 걷기 좋은 보문산 전망 명소.','bomunsan'),
    (20025,'상소동 산림욕장',12,3,2,36.217750,127.467300,'042-273-4174','대전광역시 동구 산내로 714',NULL,'돌탑과 숲길, 물놀이장이 어우러진 이국적인 산림 휴양지.','sangso-forest'),
    (20026,'식장산 해돋이전망대',12,3,2,36.311550,127.481940,NULL,'대전광역시 동구 세천동 산43-5',NULL,'대전 시내와 대청호 방향의 야경과 일출을 보는 전망대.','sikjangsan'),
    (20027,'동춘당공원',12,3,1,36.365240,127.441740,'042-608-6572','대전광역시 대덕구 동춘당로 80',NULL,'조선시대 고택 동춘당과 너른 마당을 만나는 역사공원.','dongchundang'),
    (20028,'대청댐 물문화관',14,3,1,36.477730,127.480890,'042-930-7332','대전광역시 대덕구 대청로 618-136',NULL,'대청호와 물의 소중함을 전시로 배우고 전망을 즐기는 공간.','daecheong-dam')
)
INSERT INTO tourism_source.attractions
 (content_id,title,content_type_id,area_code,si_gun_gu_code,first_image1,first_image2,map_level,
  latitude,longitude,tel,addr1,homepage,overview,source_hash,source_modified_at,imported_at)
SELECT content_id,title,content_type_id,area_code,gugun,
 'https://picsum.photos/seed/soomgil-'||seed||'/1200/800',
 'https://picsum.photos/seed/soomgil-'||seed||'-detail/800/600',6,lat,lng,tel,addr,homepage,overview,
 md5(title||':'||addr),now(),now() FROM place
ON CONFLICT (content_id) DO UPDATE SET title=EXCLUDED.title,addr1=EXCLUDED.addr1,
 latitude=EXCLUDED.latitude,longitude=EXCLUDED.longitude,overview=EXCLUDED.overview,
 first_image1=EXCLUDED.first_image1,first_image2=EXCLUDED.first_image2;

INSERT INTO tourism_source.attraction_images
 (id,attraction_no,source_provider,source_type,original_url,public_url,display_order,width,height,is_active)
SELECT md5('demo-attraction-image:'||a.content_id)::uuid,a.no,'DEMO','PRIMARY',a.first_image1,a.first_image1,0,1200,800,true
FROM tourism_source.attractions a WHERE a.content_id BETWEEN 10019 AND 10040 OR a.content_id BETWEEN 20015 AND 20028
ON CONFLICT (id) DO UPDATE SET public_url=EXCLUDED.public_url,is_active=true;

INSERT INTO preference.place_tag_enrichments
 (id,provider,external_place_id,source_hash,status,model_provider,model_name,prompt_version,
  tag_dictionary_version,selection_policy_version,candidate_count,selected_count,enriched_at)
SELECT md5('demo-enrichment:'||content_id)::uuid,'KTO',content_id::text,source_hash,'SUCCEEDED','CURATED',
 'soomgil-demo-curator','demo-v2','preference-tags-v1','demo-policy-v1',3,3,now()
FROM tourism_source.attractions WHERE content_id BETWEEN 10019 AND 10040 OR content_id BETWEEN 20015 AND 20028
ON CONFLICT (id) DO UPDATE SET status='SUCCEEDED',selected_count=3,enriched_at=now();

-- Give expanded places broad, searchable preference facets based on facility type and region.
WITH candidates AS (
 SELECT a.content_id,e.id enrichment_id,
   CASE WHEN a.content_type_id=14 THEN ARRAY['indoor','viewing','educational']
        WHEN a.content_type_id=38 THEN ARRAY['lively','local_culture','street_alley']
        ELSE ARRAY['walking','photo_spot',CASE WHEN a.area_code=1 THEN 'urban' ELSE 'healing' END] END tags
 FROM tourism_source.attractions a JOIN preference.place_tag_enrichments e
   ON e.provider='KTO' AND e.external_place_id=a.content_id::text
 WHERE a.content_id BETWEEN 10019 AND 10040 OR a.content_id BETWEEN 20015 AND 20028
), expanded AS (
 SELECT c.*,u.tag_code,u.ord FROM candidates c CROSS JOIN LATERAL unnest(c.tags) WITH ORDINALITY u(tag_code,ord)
)
INSERT INTO preference.place_tag_enrichment_tags
 (enrichment_id,tag_id,confidence,weight,selection_score,rank_order,rationale)
SELECT x.enrichment_id,t.id,0.92-(x.ord-1)*0.05,1.05-(x.ord-1)*0.05,
 round(((0.92-(x.ord-1)*0.05)*(1.05-(x.ord-1)*0.05))::numeric,6),x.ord,'확장 데모 장소 분류'
FROM expanded x JOIN preference.preference_tags t ON t.code=x.tag_code
ON CONFLICT (enrichment_id,tag_id) DO NOTHING;

-- 100 additional realistic-looking community accounts (total: 120).
WITH names AS (
 SELECT ARRAY['김하늘','이서준','박지민','최유진','정도현','강서연','조민재','윤지아','장현준','임수아',
  '한예준','오채원','서도윤','신예은','권민준','황지원','안시우','송나경','전하준','홍다인',
  '문재윤','양소희','고태윤','배은서','백준영','허지안','남승현','심가은','노현우','하보민'] arr
), bios AS (
 SELECT ARRAY['주말마다 가까운 도시를 걷고 기록해요.','좋은 풍경과 맛있는 한 끼를 찾아다닙니다.',
  '계획은 꼼꼼하게, 여행은 느긋하게.','대중교통으로 갈 수 있는 여행지를 좋아해요.',
  '사진보다 기억에 오래 남는 여행을 만들고 싶어요.','공원과 전시, 조용한 골목을 자주 찾습니다.',
  '친구들과 함께 쓸 수 있는 여행 지도를 만드는 중.','서울과 대전 사이를 자주 오가는 생활 여행자입니다.'] arr
)
INSERT INTO auth.users(id,status,status_changed_at,last_login_at,created_at,updated_at)
SELECT md5('demo-user:'||n)::uuid,'ACTIVE',now()-make_interval(days=>220-(n%180)),
 now()-make_interval(hours=>(n*13)%360),now()-make_interval(days=>220-(n%180)),now()-make_interval(hours=>n%96)
FROM generate_series(21,120)n ON CONFLICT(id) DO NOTHING;

WITH names AS (
 SELECT ARRAY['김하늘','이서준','박지민','최유진','정도현','강서연','조민재','윤지아','장현준','임수아',
  '한예준','오채원','서도윤','신예은','권민준','황지원','안시우','송나경','전하준','홍다인',
  '문재윤','양소희','고태윤','배은서','백준영','허지안','남승현','심가은','노현우','하보민'] arr
), bios AS (
 SELECT ARRAY['주말마다 가까운 도시를 걷고 기록해요.','좋은 풍경과 맛있는 한 끼를 찾아다닙니다.',
  '계획은 꼼꼼하게, 여행은 느긋하게.','대중교통으로 갈 수 있는 여행지를 좋아해요.',
  '사진보다 기억에 오래 남는 여행을 만들고 싶어요.','공원과 전시, 조용한 골목을 자주 찾습니다.',
  '친구들과 함께 쓸 수 있는 여행 지도를 만드는 중.','서울과 대전 사이를 자주 오가는 생활 여행자입니다.'] arr
)
INSERT INTO auth.user_profiles(user_id,display_name,profile_image_url,bio,profile_visibility,created_at,updated_at)
SELECT md5('demo-user:'||n)::uuid,names.arr[1+((n-21)%30)]||CASE WHEN n>50 THEN ' '||lpad(n::text,3,'0') ELSE '' END,
 'https://i.pravatar.cc/300?u=soomgil-community-'||n,bios.arr[1+((n-21)%8)],'PUBLIC',
 now()-make_interval(days=>220-(n%180)),now()-make_interval(hours=>n%96)
FROM generate_series(21,120)n CROSS JOIN names CROSS JOIN bios
ON CONFLICT(user_id) DO UPDATE SET display_name=EXCLUDED.display_name,bio=EXCLUDED.bio,
 profile_image_url=EXCLUDED.profile_image_url;

INSERT INTO auth.user_email_addresses(id,user_id,email,normalized_email,is_primary,verified_at,created_at,updated_at)
SELECT md5('demo-email:'||n)::uuid,md5('demo-user:'||n)::uuid,'member'||n||'@soomgil.local',
 'member'||n||'@soomgil.local',true,now()-interval '60 days',now()-interval '61 days',now()
FROM generate_series(21,120)n ON CONFLICT DO NOTHING;

INSERT INTO auth.user_settings(user_id,display_language,timezone,marketing_email_opt_in,trip_invite_email_opt_in,created_at,updated_at)
SELECT md5('demo-user:'||n)::uuid,'ko','Asia/Seoul',n%4=0,true,now()-interval '60 days',now()
FROM generate_series(21,120)n ON CONFLICT(user_id) DO NOTHING;

-- Expanded users create thousands of preference and social signals.
INSERT INTO preference.user_place_reactions
 (id,user_id,provider,external_place_id,reaction,reaction_count,first_reacted_at,last_reacted_at,place_tag_enrichment_id)
SELECT md5('demo-reaction:'||u||':'||a.content_id)::uuid,md5('demo-user:'||u)::uuid,'KTO',a.content_id::text,
 CASE WHEN (u+a.content_id)%13=0 THEN 'NOPE' WHEN (u*5+a.content_id)%9=0 THEN 'SUPER_LIKE' ELSE 'LIKE' END,
 1,now()-make_interval(days=>((u+a.content_id)%120)),now()-make_interval(hours=>((u*17+a.content_id)%500)),
 md5('demo-enrichment:'||a.content_id)::uuid
FROM generate_series(21,120)u CROSS JOIN tourism_source.attractions a
WHERE a.content_id IN (SELECT content_id FROM tourism_source.attractions WHERE
 content_id BETWEEN 10001 AND 10040 OR content_id BETWEEN 20001 AND 20028)
AND (u*11+a.content_id)%5<>0
ON CONFLICT(user_id,provider,external_place_id) DO NOTHING;

INSERT INTO preference.user_saved_places(id,user_id,provider,external_place_id,created_at)
SELECT md5('demo-save:'||u||':'||a.content_id)::uuid,md5('demo-user:'||u)::uuid,'KTO',a.content_id::text,
 now()-make_interval(days=>((u+a.content_id)%90))
FROM generate_series(21,120)u CROSS JOIN tourism_source.attractions a
WHERE (a.content_id BETWEEN 10001 AND 10040 OR a.content_id BETWEEN 20001 AND 20028)
AND (u*7+a.content_id)%7=0 ON CONFLICT(user_id,provider,external_place_id) DO NOTHING;

INSERT INTO social.user_follows(follower_user_id,following_user_id,status,created_at,updated_at)
SELECT md5('demo-user:'||a)::uuid,md5('demo-user:'||b)::uuid,'ACTIVE',
 now()-make_interval(days=>((a*5+b*3)%180)),now()-make_interval(hours=>((a+b)%96))
FROM generate_series(1,120)a CROSS JOIN generate_series(1,120)b
WHERE a<>b AND ((a*13+b*7)%17=0 OR (b<=20 AND (a+b)%6=0))
ON CONFLICT(follower_user_id,following_user_id) DO NOTHING;

-- Fifty additional trips are derived from the carefully authored templates.
WITH templates(idx,k) AS (VALUES (1,'seoul-palace'),(2,'seoul-night'),(3,'seongsu-picnic'),
 (4,'daejeon-science'),(5,'daejeon-bread'),(6,'daejeon-green'),(7,'family-daejeon'),
 (8,'seoul-modern'),(9,'seoul-summer'),(10,'daejeon-autumn')),
bulk AS (
 SELECT g,t.k,21+((g*7)%100) owner,
  CASE WHEN t.k LIKE 'seoul%' OR t.k IN('seongsu-picnic') THEN '서울' ELSE '대전' END city
 FROM generate_series(1,50)g JOIN templates t ON t.idx=1+((g-1)%10)
)
INSERT INTO trip.trips(id,owner_user_id,title,display_destination,status,itinerary_version,created_at,updated_at)
SELECT md5('demo-bulk-trip:'||g)::uuid,md5('demo-user:'||owner)::uuid,
 CASE g%6 WHEN 0 THEN city||'에서 보낸 우리들의 주말' WHEN 1 THEN city||' 뚜벅이 1박 2일'
  WHEN 2 THEN '친구들과 다시 가는 '||city WHEN 3 THEN city||' 사진 산책'
  WHEN 4 THEN '천천히 걷는 '||city||' 여행' ELSE city||' 맛과 풍경 모으기' END||' #'||g,
 city||' 주요 명소','ACTIVE',3+(g%9),now()-make_interval(days=>30+(g*3)%240),now()-make_interval(hours=>g%120)
FROM bulk ON CONFLICT(id) DO NOTHING;

WITH templates(idx,k) AS (VALUES (1,'seoul-palace'),(2,'seoul-night'),(3,'seongsu-picnic'),
 (4,'daejeon-science'),(5,'daejeon-bread'),(6,'daejeon-green'),(7,'family-daejeon'),
 (8,'seoul-modern'),(9,'seoul-summer'),(10,'daejeon-autumn')),
bulk AS (SELECT g,t.k,21+((g*7)%100) owner FROM generate_series(1,50)g JOIN templates t ON t.idx=1+((g-1)%10))
INSERT INTO trip.trip_members(id,trip_id,user_id,role,status,joined_at)
SELECT md5('demo-bulk-member:'||g||':'||u)::uuid,md5('demo-bulk-trip:'||g)::uuid,
 md5('demo-user:'||u)::uuid,'MEMBER','ACTIVE',now()-make_interval(days=>20+g)
FROM bulk CROSS JOIN LATERAL (VALUES(owner),(21+((owner+17)%100)),(21+((owner+43)%100)))m(u)
ON CONFLICT(trip_id,user_id) DO NOTHING;

WITH templates(idx,k) AS (VALUES (1,'seoul-palace'),(2,'seoul-night'),(3,'seongsu-picnic'),
 (4,'daejeon-science'),(5,'daejeon-bread'),(6,'daejeon-green'),(7,'family-daejeon'),
 (8,'seoul-modern'),(9,'seoul-summer'),(10,'daejeon-autumn')),
bulk AS (SELECT g,t.k FROM generate_series(1,50)g JOIN templates t ON t.idx=1+((g-1)%10))
INSERT INTO itinerary.itinerary_days(id,trip_id,group_type,day_number,date,title,sort_order,created_at,updated_at)
SELECT md5('demo-bulk-day:'||b.g||':'||d.id)::uuid,md5('demo-bulk-trip:'||b.g)::uuid,d.group_type,
 d.day_number,current_date-(20+(b.g%180))+d.day_number,d.title,d.sort_order,
 now()-make_interval(days=>30+b.g),now()-make_interval(hours=>b.g)
FROM bulk b JOIN itinerary.itinerary_days d ON d.trip_id=md5('demo-trip:'||b.k)::uuid
ON CONFLICT(id) DO NOTHING;

WITH templates(idx,k) AS (VALUES (1,'seoul-palace'),(2,'seoul-night'),(3,'seongsu-picnic'),
 (4,'daejeon-science'),(5,'daejeon-bread'),(6,'daejeon-green'),(7,'family-daejeon'),
 (8,'seoul-modern'),(9,'seoul-summer'),(10,'daejeon-autumn')),
bulk AS (SELECT g,t.k,21+((g*7)%100)owner FROM generate_series(1,50)g JOIN templates t ON t.idx=1+((g-1)%10))
INSERT INTO itinerary.itinerary_items
 (id,trip_id,itinerary_day_id,sort_order,item_type,place_provider,external_place_id,place_name,address,lat,lng,
 thumbnail_url,source_status,created_by_user_id,updated_by_user_id,created_at,updated_at)
SELECT md5('demo-bulk-item:'||b.g||':'||i.id)::uuid,md5('demo-bulk-trip:'||b.g)::uuid,
 md5('demo-bulk-day:'||b.g||':'||i.itinerary_day_id)::uuid,i.sort_order,i.item_type,i.place_provider,
 i.external_place_id,i.place_name,i.address,i.lat,i.lng,i.thumbnail_url,i.source_status,
 md5('demo-user:'||b.owner)::uuid,md5('demo-user:'||b.owner)::uuid,now()-make_interval(days=>30+b.g),now()
FROM bulk b JOIN itinerary.itinerary_items i ON i.trip_id=md5('demo-trip:'||b.k)::uuid AND i.deleted_at IS NULL
ON CONFLICT(id) DO NOTHING;

-- Four records per derived trip create a substantial record gallery.
WITH ranked AS (
 SELECT i.*,row_number()OVER(PARTITION BY i.trip_id ORDER BY d.sort_order,i.sort_order)rn,d.date,
  t.owner_user_id FROM itinerary.itinerary_items i JOIN itinerary.itinerary_days d ON d.id=i.itinerary_day_id
 JOIN trip.trips t ON t.id=i.trip_id WHERE i.trip_id IN(SELECT md5('demo-bulk-trip:'||g)::uuid FROM generate_series(1,50)g)
 AND d.group_type = 'DAY' AND d.date IS NOT NULL
)
INSERT INTO record.trip_record_entries
 (id,trip_id,itinerary_day_id,itinerary_item_id,uploaded_by_user_id,title,caption,location_name,lat,lng,
 taken_at,visibility,status,created_at,updated_at)
SELECT md5('demo-bulk-record:'||id)::uuid,trip_id,itinerary_day_id,id,owner_user_id,
 CASE rn WHEN 1 THEN '여행의 첫 장면' WHEN 2 THEN '걷다가 멈춘 곳' WHEN 3 THEN '함께여서 좋았던 순간' ELSE '다시 보고 싶은 풍경' END,
 CASE rn%4 WHEN 0 THEN '다음 여행에도 꼭 다시 넣고 싶은 장소.' WHEN 1 THEN '아침 일찍 가니 한적해서 천천히 둘러볼 수 있었다.'
  WHEN 2 THEN '근처 골목까지 걸으니 예상보다 볼거리가 많았다.' ELSE '일정 사이에 여유를 둔 덕분에 오래 머물렀다.' END,
 place_name,lat,lng,date::timestamptz+make_interval(hours=>(9+rn*2)::int),'TRIP_MEMBERS','ACTIVE',
 date::timestamptz+make_interval(hours=>(9+rn*2)::int),now()
FROM ranked WHERE rn<=4 ON CONFLICT(id) DO NOTHING;

INSERT INTO media.media_files
 (id,owner_user_id,bucket,object_key,public_url,mime_type,byte_size,width,height,linked_resource_type,linked_resource_id,status,created_at)
SELECT md5('demo-bulk-record-media:'||r.id)::uuid,r.uploaded_by_user_id,'soomgil-local',
 'demo/bulk-records/'||r.id||'.jpg','https://picsum.photos/seed/bulk-record-'||replace(r.id::text,'-','')||'/1200/900',
 'image/jpeg',480000,1200,900,'TRIP_RECORD',r.id,'ACTIVE',r.created_at
FROM record.trip_record_entries r WHERE r.id IN(SELECT md5('demo-bulk-record:'||i.id)::uuid FROM itinerary.itinerary_items i)
ON CONFLICT(id) DO NOTHING;

INSERT INTO record.trip_record_media(record_entry_id,media_file_id,sort_order,caption,created_at)
SELECT r.id,md5('demo-bulk-record-media:'||r.id)::uuid,0,'여행자가 직접 남긴 기록',r.created_at
FROM record.trip_record_entries r WHERE r.id IN(SELECT md5('demo-bulk-record:'||i.id)::uuid FROM itinerary.itinerary_items i)
ON CONFLICT DO NOTHING;

-- Fifty more feed posts backed by real itineraries.
INSERT INTO community.posts
 (id,source_trip_id,source_trip_version,published_by_user_id,visibility,title,summary,snapshot_version,
 moderation_status,published_at,created_at,updated_at,snapshot)
SELECT md5('demo-bulk-post:'||g)::uuid,t.id,t.itinerary_version,t.owner_user_id,'PUBLIC',
 CASE g%6 WHEN 0 THEN '현지인이 알려준 동선으로 다녀온 ' WHEN 1 THEN '사진이 잘 나온 '
  WHEN 2 THEN '친구들과 웃다가 하루가 끝난 ' WHEN 3 THEN '대중교통만으로 충분했던 '
  WHEN 4 THEN '느긋하게 걷기 좋았던 ' ELSE '저장해두고 그대로 다녀온 ' END||t.display_destination||' 여행',
 CASE g%5 WHEN 0 THEN '실제로 걸어본 순서대로 일정과 이동 팁을 정리했습니다. 장소마다 머문 시간도 넉넉하게 잡았어요.'
  WHEN 1 THEN '유명한 곳만 빠르게 도는 대신 한 동네를 오래 걸었습니다. 근처에 함께 보기 좋은 장소도 담았어요.'
  WHEN 2 THEN '친구들과 취향 투표로 고른 장소들입니다. 다음 여행을 위해 리트립해 자유롭게 바꿔보세요.'
  WHEN 3 THEN '비용과 이동 시간을 줄이면서도 사진과 기록이 많이 남은 코스예요.'
  ELSE '서울과 대전을 자주 오가는 여행자가 추천하는 주말 코스입니다.' END,
 1,'VISIBLE',now()-make_interval(days=>1+(g*4)%150),now()-make_interval(days=>1+(g*4)%150),
 now()-make_interval(days=>(g*4)%150),'{"days":[],"routes":[],"authorDisplay":null}'::jsonb
FROM generate_series(1,50)g JOIN trip.trips t ON t.id=md5('demo-bulk-trip:'||g)::uuid
ON CONFLICT(id) DO NOTHING;

UPDATE community.posts p SET snapshot=jsonb_build_object(
 'days',COALESCE((SELECT jsonb_agg(jsonb_build_object('id',d.id,'tripId',d.trip_id,'groupType',d.group_type,
  'dayNumber',d.day_number,'date',d.date,'title',d.title,'sortOrder',d.sort_order,
  'items',COALESCE((SELECT jsonb_agg(jsonb_build_object('id',i.id,'itineraryDayId',i.itinerary_day_id,
   'sortOrder',i.sort_order,'itemType',i.item_type,'placeRef',jsonb_build_object('provider',i.place_provider,
   'externalPlaceId',i.external_place_id),'placeName',i.place_name,'address',i.address,'lat',i.lat,'lng',i.lng,
   'thumbnailUrl',i.thumbnail_url,'sourceStatus',i.source_status)ORDER BY i.sort_order)
   FROM itinerary.itinerary_items i WHERE i.itinerary_day_id=d.id AND i.deleted_at IS NULL),'[]'::jsonb))ORDER BY d.sort_order)
   FROM itinerary.itinerary_days d WHERE d.trip_id=p.source_trip_id),'[]'::jsonb),
 'routes','[]'::jsonb,
 'authorDisplay',(SELECT jsonb_build_object('id',u.user_id,'displayName',u.display_name,'profileImageUrl',u.profile_image_url)
  FROM auth.user_profiles u WHERE u.user_id=p.published_by_user_id))
WHERE p.id IN(SELECT md5('demo-bulk-post:'||g)::uuid FROM generate_series(1,50)g);

INSERT INTO media.media_files
 (id,owner_user_id,bucket,object_key,public_url,mime_type,byte_size,width,height,linked_resource_type,linked_resource_id,status,created_at)
SELECT md5('demo-bulk-post-media:'||p.id)::uuid,p.published_by_user_id,'soomgil-local','demo/bulk-community/'||p.id||'.jpg',
 'https://picsum.photos/seed/bulk-community-'||replace(p.id::text,'-','')||'/1200/800','image/jpeg',560000,1200,800,
 'COMMUNITY_POST',p.id,'ACTIVE',p.published_at
FROM community.posts p WHERE p.id IN(SELECT md5('demo-bulk-post:'||g)::uuid FROM generate_series(1,50)g)
ON CONFLICT(id) DO NOTHING;

UPDATE community.posts p SET cover_media_file_id=md5('demo-bulk-post-media:'||p.id)::uuid
WHERE p.id IN(SELECT md5('demo-bulk-post:'||g)::uuid FROM generate_series(1,50)g);

INSERT INTO community.post_media(id,post_id,media_file_id,sort_order,caption,created_at)
SELECT md5('demo-bulk-post-media-link:'||p.id)::uuid,p.id,md5('demo-bulk-post-media:'||p.id)::uuid,0,
 '여행 대표 사진',p.published_at FROM community.posts p
WHERE p.id IN(SELECT md5('demo-bulk-post:'||g)::uuid FROM generate_series(1,50)g)
ON CONFLICT DO NOTHING;

-- Every bulk post receives three deterministic hashtags.
INSERT INTO community.post_hashtags(post_id,hashtag_id)
SELECT p.id,h.id FROM community.posts p
CROSS JOIN LATERAL(SELECT id FROM community.hashtags ORDER BY md5(p.id::text||id::text) LIMIT 3)h
WHERE p.id IN(SELECT md5('demo-bulk-post:'||g)::uuid FROM generate_series(1,50)g)
ON CONFLICT DO NOTHING;

UPDATE community.hashtags h SET usage_count=(SELECT count(*) FROM community.post_hashtags ph WHERE ph.hashtag_id=h.id);

INSERT INTO community.post_likes(post_id,user_id,created_at)
SELECT p.id,md5('demo-user:'||u)::uuid,p.published_at+make_interval(hours=>1+(u%72))
FROM community.posts p CROSS JOIN generate_series(1,120)u
WHERE p.id IN(SELECT md5('demo-bulk-post:'||g)::uuid FROM generate_series(1,50)g)
AND (u+get_byte(decode(md5(p.id::text),'hex'),0))%4<>0 AND md5('demo-user:'||u)::uuid<>p.published_by_user_id
ON CONFLICT DO NOTHING;

WITH texts AS (SELECT ARRAY[
 '동선이 현실적이라 그대로 따라가 보기 좋겠어요. 저장합니다!',
 '이 장소는 오전과 오후 중 언제가 덜 붐비나요?',
 '사진 분위기가 정말 좋네요. 다음 주말 후보로 찜했어요.',
 '대중교통 이동 시간까지 알려주셔서 도움이 됐어요.',
 '저도 다녀왔는데 근처 골목을 함께 보면 더 좋더라고요.',
 '리트립해서 친구들과 장소 두 곳만 바꿔봤어요.',
 '아이와 가도 무리 없는 코스인지 궁금합니다.',
 '비 오는 날 대체할 실내 장소도 있어서 좋네요.'
 ] arr)
INSERT INTO community.post_comments(id,post_id,author_user_id,content,depth,moderation_status,created_at,updated_at)
SELECT md5('demo-bulk-comment:'||p.id||':'||c)::uuid,p.id,md5('demo-user:'||(1+((c*17+g*11)%120)))::uuid,
 texts.arr[c],0,'VISIBLE',p.published_at+make_interval(hours=>c*9+g%8),p.published_at+make_interval(hours=>c*9+g%8)
FROM generate_series(1,50)g JOIN community.posts p ON p.id=md5('demo-bulk-post:'||g)::uuid
CROSS JOIN generate_series(1,8)c CROSS JOIN texts ON CONFLICT(id) DO NOTHING;

-- Twenty additional retrips make provenance/count filters meaningful.
INSERT INTO trip.trips(id,owner_user_id,title,display_destination,status,itinerary_version,retripped_from_post_id,
 retripped_from_snapshot_version,created_at,updated_at)
SELECT md5('demo-bulk-retrip:'||g)::uuid,md5('demo-user:'||(21+((g*19)%100)))::uuid,
 '리트립으로 다시 짠 '||p.title,source_trip.display_destination,'ACTIVE',1,p.id,1,
 now()-make_interval(days=>g%25),now()
FROM generate_series(1,20)g JOIN community.posts p ON p.id=md5('demo-bulk-post:'||g)::uuid
JOIN trip.trips source_trip ON source_trip.id=p.source_trip_id
ON CONFLICT(id) DO NOTHING;

INSERT INTO trip.trip_members(id,trip_id,user_id,role,status,joined_at)
SELECT md5('demo-bulk-retrip-member:'||g)::uuid,md5('demo-bulk-retrip:'||g)::uuid,
 md5('demo-user:'||(21+((g*19)%100)))::uuid,'MEMBER','ACTIVE',now()-make_interval(days=>g%25)
FROM generate_series(1,20)g ON CONFLICT(trip_id,user_id) DO NOTHING;

INSERT INTO itinerary.itinerary_days(id,trip_id,group_type,day_number,date,title,sort_order,created_at,updated_at)
SELECT md5('demo-bulk-retrip-day:'||g||':'||d.id)::uuid,md5('demo-bulk-retrip:'||g)::uuid,
 d.group_type,d.day_number,current_date+14+d.day_number,d.title,d.sort_order,now()-make_interval(days=>g%25),now()
FROM generate_series(1,20)g
JOIN community.posts p ON p.id=md5('demo-bulk-post:'||g)::uuid
JOIN itinerary.itinerary_days d ON d.trip_id=p.source_trip_id
ON CONFLICT(id) DO NOTHING;

INSERT INTO itinerary.itinerary_items
 (id,trip_id,itinerary_day_id,sort_order,item_type,place_provider,external_place_id,place_name,address,lat,lng,
  thumbnail_url,source_status,created_by_user_id,updated_by_user_id,created_at,updated_at)
SELECT md5('demo-bulk-retrip-item:'||g||':'||i.id)::uuid,md5('demo-bulk-retrip:'||g)::uuid,
 md5('demo-bulk-retrip-day:'||g||':'||i.itinerary_day_id)::uuid,i.sort_order,i.item_type,i.place_provider,
 i.external_place_id,i.place_name,i.address,i.lat,i.lng,i.thumbnail_url,i.source_status,
 md5('demo-user:'||(21+((g*19)%100)))::uuid,md5('demo-user:'||(21+((g*19)%100)))::uuid,
 now()-make_interval(days=>g%25),now()
FROM generate_series(1,20)g
JOIN community.posts p ON p.id=md5('demo-bulk-post:'||g)::uuid
JOIN itinerary.itinerary_items i ON i.trip_id=p.source_trip_id AND i.deleted_at IS NULL
ON CONFLICT(id) DO NOTHING;

INSERT INTO community.post_retrips(id,post_id,user_id,new_trip_id,snapshot_version,created_at)
SELECT md5('demo-bulk-retrip-link:'||g)::uuid,md5('demo-bulk-post:'||g)::uuid,
 md5('demo-user:'||(21+((g*19)%100)))::uuid,md5('demo-bulk-retrip:'||g)::uuid,1,now()-make_interval(days=>g%25)
FROM generate_series(1,20)g ON CONFLICT DO NOTHING;

-- Recalculate preference weights after the dense activity expansion.
INSERT INTO preference.user_preference_tag_weights
 (user_id,tag_id,positive_evidence,negative_evidence,preference_score,like_count,super_like_count,nope_count,updated_at)
SELECT r.user_id,t.tag_id,
 sum(CASE r.reaction WHEN 'LIKE' THEN t.weight WHEN 'SUPER_LIKE' THEN t.weight*1.7 ELSE 0 END),
 sum(CASE r.reaction WHEN 'NOPE' THEN t.weight ELSE 0 END),
 greatest(0.05,least(0.95,0.5+(sum(CASE WHEN r.reaction IN('LIKE','SUPER_LIKE') THEN t.weight ELSE 0 END)
  -sum(CASE WHEN r.reaction='NOPE' THEN t.weight ELSE 0 END))/25.0)),
 count(*)FILTER(WHERE r.reaction='LIKE'),count(*)FILTER(WHERE r.reaction='SUPER_LIKE'),
 count(*)FILTER(WHERE r.reaction='NOPE'),now()
FROM preference.user_place_reactions r
JOIN preference.place_tag_enrichment_tags t ON t.enrichment_id=r.place_tag_enrichment_id
GROUP BY r.user_id,t.tag_id
ON CONFLICT(user_id,tag_id) DO UPDATE SET positive_evidence=EXCLUDED.positive_evidence,
 negative_evidence=EXCLUDED.negative_evidence,preference_score=EXCLUDED.preference_score,
 like_count=EXCLUDED.like_count,super_like_count=EXCLUDED.super_like_count,nope_count=EXCLUDED.nope_count,updated_at=now();

-- A representative notification stream without exploding the table size.
INSERT INTO notification.notifications
 (id,recipient_user_id,actor_user_id,trip_id,type,title,body,payload,read_at,created_at)
SELECT md5('demo-bulk-notification:'||p.id||':'||u)::uuid,p.published_by_user_id,md5('demo-user:'||u)::uuid,
 p.source_trip_id,'COMMUNITY_POST_LIKED','게시물 반응이 늘고 있어요','새로운 사용자가 회원님의 여행을 좋아했습니다.',
 jsonb_build_object('postId',p.id),CASE WHEN u%3=0 THEN p.published_at+make_interval(hours=>u) END,
 p.published_at+make_interval(hours=>u)
FROM community.posts p CROSS JOIN generate_series(1,120)u
WHERE p.id IN(SELECT md5('demo-bulk-post:'||g)::uuid FROM generate_series(1,50)g) AND u%13=0
ON CONFLICT(id) DO NOTHING;

COMMIT;

-- Quick density report shown by psql after a successful load.
SELECT 'users' AS dataset, count(*) AS rows FROM auth.users WHERE id IN (SELECT md5('demo-user:'||n)::uuid FROM generate_series(1,120)n)
UNION ALL SELECT 'places',count(*) FROM tourism_source.attractions WHERE content_id BETWEEN 10001 AND 10040 OR content_id BETWEEN 20001 AND 20028
UNION ALL SELECT 'trips',count(*) FROM trip.trips WHERE display_destination LIKE '서울%' OR display_destination LIKE '대전%'
UNION ALL SELECT 'itinerary_items',count(*) FROM itinerary.itinerary_items WHERE place_provider='KTO' AND
 external_place_id ~ '^[0-9]+$' AND
 (external_place_id::int BETWEEN 10001 AND 10040 OR external_place_id::int BETWEEN 20001 AND 20028)
UNION ALL SELECT 'records',count(*) FROM record.trip_record_entries WHERE id IN (
 SELECT md5('demo-record:'||i.id)::uuid FROM itinerary.itinerary_items i UNION ALL
 SELECT md5('demo-bulk-record:'||i.id)::uuid FROM itinerary.itinerary_items i)
UNION ALL SELECT 'community_posts',count(*) FROM community.posts WHERE id IN (
 SELECT md5('demo-bulk-post:'||g)::uuid FROM generate_series(1,50)g UNION ALL
 SELECT md5('demo-post:'||k)::uuid FROM (VALUES ('palace-post'),('night-post'),('seongsu-post'),('science-post'),('bread-post'),('green-post'),('modern-post'),('family-post'),('autumn-post'))x(k))
UNION ALL SELECT 'likes',count(*) FROM community.post_likes WHERE post_id IN (
 SELECT md5('demo-bulk-post:'||g)::uuid FROM generate_series(1,50)g UNION ALL
 SELECT md5('demo-post:'||k)::uuid FROM (VALUES ('palace-post'),('night-post'),('seongsu-post'),('science-post'),('bread-post'),('green-post'),('modern-post'),('family-post'),('autumn-post'))x(k))
UNION ALL SELECT 'retrips',count(*) FROM community.post_retrips WHERE id::text IS NOT NULL;

-- END seeds/soomgil_demo_seoul_daejeon.sql
SELECT NOT EXISTS (SELECT 1 FROM trip.trips WHERE id = 'c0000000-0000-4000-8000-000000000001') AS load_legacy_demo \gset
\if :load_legacy_demo

-- BEGIN dev-seeds/98_enable_timestamp_defaults.sql

CREATE TABLE IF NOT EXISTS public._dev_seed_added_defaults (
  table_schema text NOT NULL,
  table_name text NOT NULL,
  column_name text NOT NULL,
  PRIMARY KEY (table_schema, table_name, column_name)
);

TRUNCATE public._dev_seed_added_defaults;

INSERT INTO public._dev_seed_added_defaults (table_schema, table_name, column_name)
SELECT table_schema, table_name, column_name
FROM information_schema.columns
WHERE table_schema IN (
  'auth', 'social', 'media', 'geo', 'trip', 'itinerary', 'planning',
  'chat', 'preference', 'ai', 'record', 'community', 'notification',
  'collab', 'ops'
)
  AND data_type IN ('timestamp with time zone', 'timestamp without time zone')
  AND is_nullable = 'NO'
  AND column_default IS NULL;

DO $$
DECLARE target record;
BEGIN
  FOR target IN SELECT * FROM public._dev_seed_added_defaults LOOP
    EXECUTE format(
      'ALTER TABLE %I.%I ALTER COLUMN %I SET DEFAULT now()',
      target.table_schema, target.table_name, target.column_name
    );
  END LOOP;
END $$;

-- END dev-seeds/98_enable_timestamp_defaults.sql

-- BEGIN dev-seeds/01_auth.sql

-- ============================================================
-- 01_auth.sql  (DBML 재정렬 버전)
-- auth.users / user_email_addresses / user_profiles / user_settings /
-- user_password_credentials / user_auth_identities / user_sessions / user_roles
-- 20 users for search/pagination testing
-- ============================================================

BEGIN;

-- ------------------------------------------------------------
-- auth.roles — V1 마이그레이션이 기본 3개를 insert하므로 여기서는 idempotent 보강만.
-- ------------------------------------------------------------
INSERT INTO auth.roles (id, code, display_name, description) VALUES
  (1, 'SUPER_ADMIN', '수퍼 관리자', '시스템 전체 권한'),
  (2, 'ADMIN',       '관리자',     '운영 관리 권한'),
  (3, 'MODERATOR',   '운영진',     '커뮤니티 모더레이션 권한')
ON CONFLICT (id) DO UPDATE SET
  code = EXCLUDED.code,
  display_name = EXCLUDED.display_name,
  description = EXCLUDED.description;

SELECT setval(pg_get_serial_sequence('auth.roles','id'),
              (SELECT MAX(id) FROM auth.roles));

-- ------------------------------------------------------------
-- auth.users  (20 users, lifecycle만)
-- UUID pattern: a0000000-0000-4000-8000-00000000000N
-- email / display_name / profile_image_url은 별도 테이블로 분리 (DBML 기준)
-- ------------------------------------------------------------
INSERT INTO auth.users (id, status, last_login_at) VALUES
  ('a0000000-0000-4000-8000-000000000001','ACTIVE',   '2026-06-12 09:20:00+09'),
  ('a0000000-0000-4000-8000-000000000002','ACTIVE',   '2026-06-13 14:05:00+09'),
  ('a0000000-0000-4000-8000-000000000003','ACTIVE',   '2026-06-14 08:30:00+09'),
  ('a0000000-0000-4000-8000-000000000004','ACTIVE',   '2026-06-11 20:15:00+09'),
  ('a0000000-0000-4000-8000-000000000005','ACTIVE',   '2026-06-14 10:00:00+09'),
  ('a0000000-0000-4000-8000-000000000006','ACTIVE',   '2026-06-10 12:00:00+09'),
  ('a0000000-0000-4000-8000-000000000007','ACTIVE',   '2026-06-13 18:45:00+09'),
  ('a0000000-0000-4000-8000-000000000008','ACTIVE',   '2026-06-09 11:30:00+09'),
  ('a0000000-0000-4000-8000-000000000009','ACTIVE',   '2026-06-08 16:20:00+09'),
  ('a0000000-0000-4000-8000-000000000010','ACTIVE',   '2026-06-14 07:10:00+09'),
  ('a0000000-0000-4000-8000-000000000011','ACTIVE',   '2026-06-07 13:50:00+09'),
  ('a0000000-0000-4000-8000-000000000012','ACTIVE',   '2026-06-06 09:40:00+09'),
  ('a0000000-0000-4000-8000-000000000013','ACTIVE',   '2026-06-05 19:25:00+09'),
  ('a0000000-0000-4000-8000-000000000014','ACTIVE',   '2026-06-04 15:35:00+09'),
  ('a0000000-0000-4000-8000-000000000015','ACTIVE',   '2026-06-03 10:15:00+09'),
  ('a0000000-0000-4000-8000-000000000016','SUSPENDED','2026-05-28 14:00:00+09'),
  ('a0000000-0000-4000-8000-000000000017','ACTIVE',   '2026-06-02 08:55:00+09'),
  ('a0000000-0000-4000-8000-000000000018','ACTIVE',   '2026-06-01 21:30:00+09'),
  ('a0000000-0000-4000-8000-000000000019','ACTIVE',   '2026-05-30 12:45:00+09'),
  ('a0000000-0000-4000-8000-000000000020','ACTIVE',   '2026-05-29 17:05:00+09')
ON CONFLICT (id) DO NOTHING;

-- ------------------------------------------------------------
-- auth.user_email_addresses  (primary email per user)
-- ------------------------------------------------------------
INSERT INTO auth.user_email_addresses (user_id, email, normalized_email, is_primary, verified_at) VALUES
  ('a0000000-0000-4000-8000-000000000001','jihoon.kim@example.com',  'jihoon.kim@example.com',  true, now()),
  ('a0000000-0000-4000-8000-000000000002','seoyeon.park@example.com','seoyeon.park@example.com',true, now()),
  ('a0000000-0000-4000-8000-000000000003','doyun.lee@example.com',   'doyun.lee@example.com',   true, now()),
  ('a0000000-0000-4000-8000-000000000004','minseo.choi@example.com', 'minseo.choi@example.com', true, now()),
  ('a0000000-0000-4000-8000-000000000005','yejun.jung@example.com',  'yejun.jung@example.com',  true, now()),
  ('a0000000-0000-4000-8000-000000000006','hajun.kang@example.com',  'hajun.kang@example.com',  true, now()),
  ('a0000000-0000-4000-8000-000000000007','seoa.yoon@example.com',   'seoa.yoon@example.com',   true, now()),
  ('a0000000-0000-4000-8000-000000000008','jia.cho@example.com',     'jia.cho@example.com',     true, now()),
  ('a0000000-0000-4000-8000-000000000009','siwoo.lim@example.com',   'siwoo.lim@example.com',   true, now()),
  ('a0000000-0000-4000-8000-000000000010','subin.bae@example.com',   'subin.bae@example.com',   true, now()),
  ('a0000000-0000-4000-8000-000000000011','jiho.oh@example.com',     'jiho.oh@example.com',     true, now()),
  ('a0000000-0000-4000-8000-000000000012','seojun.han@example.com',  'seojun.han@example.com',  true, now()),
  ('a0000000-0000-4000-8000-000000000013','jiyu.shin@example.com',   'jiyu.shin@example.com',   true, now()),
  ('a0000000-0000-4000-8000-000000000014','dohyun.kwon@example.com', 'dohyun.kwon@example.com', true, now()),
  ('a0000000-0000-4000-8000-000000000015','harin.baek@example.com',  'harin.baek@example.com',  true, now()),
  ('a0000000-0000-4000-8000-000000000016','minjae.song@example.com', 'minjae.song@example.com', true, now()),
  ('a0000000-0000-4000-8000-000000000017','yewon.jeon@example.com',  'yewon.jeon@example.com',  true, now()),
  ('a0000000-0000-4000-8000-000000000018','junseo.hwang@example.com','junseo.hwang@example.com',true, now()),
  ('a0000000-0000-4000-8000-000000000019','hayoon.ryu@example.com',  'hayoon.ryu@example.com',  true, now()),
  ('a0000000-0000-4000-8000-000000000020','seoyun.ko@example.com',   'seoyun.ko@example.com',   true, now())
ON CONFLICT DO NOTHING;

-- ------------------------------------------------------------
-- auth.user_profiles  (display data per user)
-- ------------------------------------------------------------
INSERT INTO auth.user_profiles (user_id, display_name, profile_image_url, bio, profile_visibility) VALUES
  ('a0000000-0000-4000-8000-000000000001','김지훈','https://cdn.soomgil.test/avatar/u01.png','여행의 즐거움을 찾아 떠나는 사람.','PUBLIC'),
  ('a0000000-0000-4000-8000-000000000002','박서연','https://cdn.soomgil.test/avatar/u02.png','자연과 산책을 사랑하는 힐링 여행러.','PUBLIC'),
  ('a0000000-0000-4000-8000-000000000003','이도윤','https://cdn.soomgil.test/avatar/u03.png','온천과 휴양을 좋아합니다.','PUBLIC'),
  ('a0000000-0000-4000-8000-000000000004','최민서','https://cdn.soomgil.test/avatar/u04.png','자전거 여행 러버.','PUBLIC'),
  ('a0000000-0000-4000-8000-000000000005','정예준','https://cdn.soomgil.test/avatar/u05.png','야경 사진 전문.','PUBLIC'),
  ('a0000000-0000-4000-8000-000000000006','강하준','https://cdn.soomgil.test/avatar/u06.png','드라이브 코스 전문가.','PUBLIC'),
  ('a0000000-0000-4000-8000-000000000007','윤서아','https://cdn.soomgil.test/avatar/u07.png','숲길 산책 마니아.','PUBLIC'),
  ('a0000000-0000-4000-8000-000000000008','조지아','https://cdn.soomgil.test/avatar/u08.png','커피와 디저트 사랑.','PUBLIC'),
  ('a0000000-0000-4000-8000-000000000009','임시우','https://cdn.soomgil.test/avatar/u09.png','골목길 출사 여행러.','PUBLIC'),
  ('a0000000-0000-4000-8000-000000000010','배수빈','https://cdn.soomgil.test/avatar/u10.png','빈티지 감성 카페 러버.','PUBLIC'),
  ('a0000000-0000-4000-8000-000000000011','오지호','https://cdn.soomgil.test/avatar/u11.png','전통시장 미식가.','PUBLIC'),
  ('a0000000-0000-4000-8000-000000000012','한서준','https://cdn.soomgil.test/avatar/u12.png','가족 여행 슈퍼대디.','PUBLIC'),
  ('a0000000-0000-4000-8000-000000000013','신지유','https://cdn.soomgil.test/avatar/u13.png','카페 투어 전문가.','PUBLIC'),
  ('a0000000-0000-4000-8000-000000000014','권도현','https://cdn.soomgil.test/avatar/u14.png','피톤치드 러버.','PUBLIC'),
  ('a0000000-0000-4000-8000-000000000015','백하린','https://cdn.soomgil.test/avatar/u15.png','로드트립 매니아.','PUBLIC'),
  ('a0000000-0000-4000-8000-000000000016','송민재','https://cdn.soomgil.test/avatar/u16.png','정지된 계정.','PRIVATE'),
  ('a0000000-0000-4000-8000-000000000017','전예원','https://cdn.soomgil.test/avatar/u17.png','사진 찍는 여행러.','PUBLIC'),
  ('a0000000-0000-4000-8000-000000000018','황준서','https://cdn.soomgil.test/avatar/u18.png','드라이브 코스 좋아합니다.','PUBLIC'),
  ('a0000000-0000-4000-8000-000000000019','류하윤','https://cdn.soomgil.test/avatar/u19.png','힐링 여행러.','PUBLIC'),
  ('a0000000-0000-4000-8000-000000000020','고서윤','https://cdn.soomgil.test/avatar/u20.png','여행의 즐거움을 찾아 떠나는 사람.','PUBLIC')
ON CONFLICT (user_id) DO NOTHING;

-- ------------------------------------------------------------
-- auth.user_settings  (defaults — ON CONFLICT로 이미 있으면 skip)
-- ------------------------------------------------------------
INSERT INTO auth.user_settings (user_id)
SELECT id FROM auth.users
ON CONFLICT (user_id) DO NOTHING;

-- ------------------------------------------------------------
-- auth.user_password_credentials (LOCAL users 1~5)
-- ------------------------------------------------------------
INSERT INTO auth.user_password_credentials (user_id, password_hash, password_algorithm) VALUES
  ('a0000000-0000-4000-8000-000000000001','$2a$10$DUMMYHASHjihoonkim000000000000000000000000000000','bcrypt'),
  ('a0000000-0000-4000-8000-000000000002','$2a$10$DUMMYHASHseoyeonpark00000000000000000000000000000','bcrypt'),
  ('a0000000-0000-4000-8000-000000000003','$2a$10$DUMMYHASHdoyunlee00000000000000000000000000000000','bcrypt'),
  ('a0000000-0000-4000-8000-000000000004','$2a$10$DUMMYHASHminseochoi0000000000000000000000000000000','bcrypt'),
  ('a0000000-0000-4000-8000-000000000005','$2a$10$DUMMYHASHyejunjung00000000000000000000000000000000','bcrypt')
ON CONFLICT (user_id) DO NOTHING;

-- ------------------------------------------------------------
-- auth.user_auth_identities (KAKAO / GOOGLE)
-- DBML 컬럼: provider_profile (raw_profile 아님)
-- ------------------------------------------------------------
INSERT INTO auth.user_auth_identities (id, user_id, provider_id, provider_subject, provider_email, provider_profile) VALUES
  ('d1000000-0000-4000-8000-000000000006','a0000000-0000-4000-8000-000000000006',2,'kakao:2900000006','hajun.kakao@example.com',  '{"nick":"하준카페"}'),
  ('d1000000-0000-4000-8000-000000000007','a0000000-0000-4000-8000-000000000007',3,'google:sub1000007','seoa.google@example.com', '{"locale":"ko"}'),
  ('d1000000-0000-4000-8000-000000000008','a0000000-0000-4000-8000-000000000008',2,'kakao:2900000008','jia.kakao@example.com',    '{"nick":"지아트래블"}'),
  ('d1000000-0000-4000-8000-000000000009','a0000000-0000-4000-8000-000000000009',3,'google:sub1000009','siwoo.google@example.com', '{}'),
  ('d1000000-0000-4000-8000-000000000010','a0000000-0000-4000-8000-000000000010',2,'kakao:2900000010','subin.kakao@example.com',  '{"nick":"수빈여행"}'),
  ('d1000000-0000-4000-8000-000000000011','a0000000-0000-4000-8000-000000000011',3,'google:sub1000011','jiho.google@example.com',  '{}'),
  ('d1000000-0000-4000-8000-000000000012','a0000000-0000-4000-8000-000000000012',2,'kakao:2900000012','seojun.kakao@example.com', '{}'),
  ('d1000000-0000-4000-8000-000000000013','a0000000-0000-4000-8000-000000000013',3,'google:sub1000013','jiyu.google@example.com',  '{}'),
  ('d1000000-0000-4000-8000-000000000014','a0000000-0000-4000-8000-000000000014',2,'kakao:2900000014','dohyun.kakao@example.com', '{}'),
  ('d1000000-0000-4000-8000-000000000015','a0000000-0000-4000-8000-000000000015',3,'google:sub1000015','harin.google@example.com', '{}')
ON CONFLICT (id) DO NOTHING;

-- ------------------------------------------------------------
-- auth.user_sessions
-- DBML 컬럼: user_agent_hash, ip_address_hash (user_agent/ip_address 아님)
-- ------------------------------------------------------------
INSERT INTO auth.user_sessions (id, user_id, refresh_token_hash, user_agent_hash, ip_address_hash, expires_at) VALUES
  ('c1000000-0000-4000-8000-000000000001','a0000000-0000-4000-8000-000000000001','hash_token_jihoon_001',  'hash_ua_windows','hash_ip_203_0_113_1', '2026-07-12 09:20:00+09'),
  ('c1000000-0000-4000-8000-000000000002','a0000000-0000-4000-8000-000000000002','hash_token_seoyeon_002', 'hash_ua_macos',  'hash_ip_203_0_113_2', '2026-07-13 14:05:00+09'),
  ('c1000000-0000-4000-8000-000000000003','a0000000-0000-4000-8000-000000000003','hash_token_doyun_003',   'hash_ua_linux',  'hash_ip_203_0_113_3', '2026-07-14 08:30:00+09'),
  ('c1000000-0000-4000-8000-000000000004','a0000000-0000-4000-8000-000000000004','hash_token_minseo_004',  'hash_ua_android','hash_ip_203_0_113_4', '2026-07-11 20:15:00+09'),
  ('c1000000-0000-4000-8000-000000000005','a0000000-0000-4000-8000-000000000005','hash_token_yejun_005',   'hash_ua_ios',    'hash_ip_203_0_113_5', '2026-07-14 10:00:00+09'),
  ('c1000000-0000-4000-8000-000000000006','a0000000-0000-4000-8000-000000000006','hash_token_hajun_006',   'hash_ua_ios',    'hash_ip_203_0_113_6', '2026-07-10 12:00:00+09'),
  ('c1000000-0000-4000-8000-000000000007','a0000000-0000-4000-8000-000000000007','hash_token_seoa_007',    'hash_ua_android','hash_ip_203_0_113_7', '2026-07-13 18:45:00+09'),
  ('c1000000-0000-4000-8000-000000000008','a0000000-0000-4000-8000-000000000010','hash_token_subin_010',   'hash_ua_macos',  'hash_ip_203_0_113_10','2026-07-14 07:10:00+09')
ON CONFLICT (id) DO NOTHING;

-- ------------------------------------------------------------
-- auth.user_roles (DBML 기준: user_id + role_id + granted_by_user_id)
-- ------------------------------------------------------------
INSERT INTO auth.user_roles (user_id, role_id, granted_by_user_id) VALUES
  ('a0000000-0000-4000-8000-000000000001',1,'a0000000-0000-4000-8000-000000000001'),
  ('a0000000-0000-4000-8000-000000000002',2,'a0000000-0000-4000-8000-000000000001'),
  ('a0000000-0000-4000-8000-000000000003',2,'a0000000-0000-4000-8000-000000000001'),
  ('a0000000-0000-4000-8000-000000000016',3,'a0000000-0000-4000-8000-000000000001')
ON CONFLICT (user_id, role_id) DO NOTHING;

COMMIT;

-- END dev-seeds/01_auth.sql

-- BEGIN dev-seeds/02_social_media.sql

-- ============================================================
-- 02_social_media.sql
-- social.user_follows + media.media_files
-- ============================================================

BEGIN;

-- ------------------------------------------------------------
-- media.media_files
-- Profile avatars + trip photos + community post covers
-- Pattern: b0000000-0000-4000-8000-00000000000N
-- ------------------------------------------------------------

-- Profile avatars (linked_resource_type=auth.users)
INSERT INTO media.media_files (id, owner_user_id, storage_provider, bucket, object_key, public_url, mime_type, byte_size, width, height, linked_resource_type, linked_resource_id, status, created_at) VALUES
  ('b0000000-0000-4000-8000-000000000001','a0000000-0000-4000-8000-000000000001','S3_COMPATIBLE','soomgil-media','avatar/u01.webp','https://cdn.soomgil.test/avatar/u01.webp','image/webp', 86000, 256, 256, 'auth.users', 'a0000000-0000-4000-8000-000000000001', 'ACTIVE', now()),
  ('b0000000-0000-4000-8000-000000000002','a0000000-0000-4000-8000-000000000002','S3_COMPATIBLE','soomgil-media','avatar/u02.webp','https://cdn.soomgil.test/avatar/u02.webp','image/webp', 91000, 256, 256, 'auth.users', 'a0000000-0000-4000-8000-000000000002', 'ACTIVE', now()),
  ('b0000000-0000-4000-8000-000000000003','a0000000-0000-4000-8000-000000000003','S3_COMPATIBLE','soomgil-media','avatar/u03.webp','https://cdn.soomgil.test/avatar/u03.webp','image/webp', 78000, 256, 256, 'auth.users', 'a0000000-0000-4000-8000-000000000003', 'ACTIVE', now()),
  ('b0000000-0000-4000-8000-000000000004','a0000000-0000-4000-8000-000000000004','S3_COMPATIBLE','soomgil-media','avatar/u04.webp','https://cdn.soomgil.test/avatar/u04.webp','image/webp', 82000, 256, 256, 'auth.users', 'a0000000-0000-4000-8000-000000000004', 'ACTIVE', now()),
  ('b0000000-0000-4000-8000-000000000005','a0000000-0000-4000-8000-000000000005','S3_COMPATIBLE','soomgil-media','avatar/u05.webp','https://cdn.soomgil.test/avatar/u05.webp','image/webp', 88000, 256, 256, 'auth.users', 'a0000000-0000-4000-8000-000000000005', 'ACTIVE', now()),
  ('b0000000-0000-4000-8000-000000000010','a0000000-0000-4000-8000-000000000010','S3_COMPATIBLE','soomgil-media','avatar/u10.webp','https://cdn.soomgil.test/avatar/u10.webp','image/webp', 79000, 256, 256, 'auth.users', 'a0000000-0000-4000-8000-000000000010', 'ACTIVE', now()),
  ('b0000000-0000-4000-8000-000000000015','a0000000-0000-4000-8000-000000000015','S3_COMPATIBLE','soomgil-media','avatar/u15.webp','https://cdn.soomgil.test/avatar/u15.webp','image/webp', 94000, 256, 256, 'auth.users', 'a0000000-0000-4000-8000-000000000015', 'ACTIVE', now())
ON CONFLICT (id) DO NOTHING;

-- Update user_profiles.profile_media_file_id to point at avatars
UPDATE auth.user_profiles SET profile_media_file_id = 'b0000000-0000-4000-8000-000000000001' WHERE user_id = 'a0000000-0000-4000-8000-000000000001';
UPDATE auth.user_profiles SET profile_media_file_id = 'b0000000-0000-4000-8000-000000000002' WHERE user_id = 'a0000000-0000-4000-8000-000000000002';
UPDATE auth.user_profiles SET profile_media_file_id = 'b0000000-0000-4000-8000-000000000003' WHERE user_id = 'a0000000-0000-4000-8000-000000000003';
UPDATE auth.user_profiles SET profile_media_file_id = 'b0000000-0000-4000-8000-000000000004' WHERE user_id = 'a0000000-0000-4000-8000-000000000004';
UPDATE auth.user_profiles SET profile_media_file_id = 'b0000000-0000-4000-8000-000000000005' WHERE user_id = 'a0000000-0000-4000-8000-000000000005';
UPDATE auth.user_profiles SET profile_media_file_id = 'b0000000-0000-4000-8000-000000000010' WHERE user_id = 'a0000000-0000-4000-8000-000000000010';
UPDATE auth.user_profiles SET profile_media_file_id = 'b0000000-0000-4000-8000-000000000015' WHERE user_id = 'a0000000-0000-4000-8000-000000000015';

-- Trip photos (linked_resource_type=trip.trips) — will be used by community posts / records
INSERT INTO media.media_files (id, owner_user_id, storage_provider, bucket, object_key, public_url, mime_type, byte_size, width, height, linked_resource_type, linked_resource_id, status, created_at) VALUES
  ('b1000000-0000-4000-8000-000000000001','a0000000-0000-4000-8000-000000000002','S3_COMPATIBLE','soomgil-media','trip/c01/photo01.jpg','https://cdn.soomgil.test/trip/c01/photo01.jpg','image/jpeg',480000,1920,1280,'trip.trips','c0000000-0000-4000-8000-000000000001','ACTIVE',now()),
  ('b1000000-0000-4000-8000-000000000002','a0000000-0000-4000-8000-000000000002','S3_COMPATIBLE','soomgil-media','trip/c01/photo02.jpg','https://cdn.soomgil.test/trip/c01/photo02.jpg','image/jpeg',520000,1920,1280,'trip.trips','c0000000-0000-4000-8000-000000000001','ACTIVE',now()),
  ('b1000000-0000-4000-8000-000000000003','a0000000-0000-4000-8000-000000000002','S3_COMPATIBLE','soomgil-media','trip/c01/photo03.jpg','https://cdn.soomgil.test/trip/c01/photo03.jpg','image/jpeg',440000,1920,1280,'trip.trips','c0000000-0000-4000-8000-000000000001','ACTIVE',now()),
  ('b1000000-0000-4000-8000-000000000010','a0000000-0000-4000-8000-000000000003','S3_COMPATIBLE','soomgil-media','trip/c02/photo01.jpg','https://cdn.soomgil.test/trip/c02/photo01.jpg','image/jpeg',610000,1920,1280,'trip.trips','c0000000-0000-4000-8000-000000000002','ACTIVE',now()),
  ('b1000000-0000-4000-8000-000000000020','a0000000-0000-4000-8000-000000000004','S3_COMPATIBLE','soomgil-media','trip/c03/photo01.jpg','https://cdn.soomgil.test/trip/c03/photo01.jpg','image/jpeg',580000,1920,1280,'trip.trips','c0000000-0000-4000-8000-000000000003','ACTIVE',now()),
  ('b1000000-0000-4000-8000-000000000030','a0000000-0000-4000-8000-000000000005','S3_COMPATIBLE','soomgil-media','trip/c04/photo01.jpg','https://cdn.soomgil.test/trip/c04/photo01.jpg','image/jpeg',500000,1920,1280,'trip.trips','c0000000-0000-4000-8000-000000000004','ACTIVE',now()),
  ('b1000000-0000-4000-8000-000000000040','a0000000-0000-4000-8000-000000000006','S3_COMPATIBLE','soomgil-media','trip/c05/photo01.jpg','https://cdn.soomgil.test/trip/c05/photo01.jpg','image/jpeg',530000,1920,1280,'trip.trips','c0000000-0000-4000-8000-000000000005','ACTIVE',now()),
  ('b1000000-0000-4000-8000-000000000050','a0000000-0000-4000-8000-000000000007','S3_COMPATIBLE','soomgil-media','trip/c06/photo01.jpg','https://cdn.soomgil.test/trip/c06/photo01.jpg','image/jpeg',470000,1920,1280,'trip.trips','c0000000-0000-4000-8000-000000000006','ACTIVE',now()),
  ('b1000000-0000-4000-8000-000000000060','a0000000-0000-4000-8000-000000000008','S3_COMPATIBLE','soomgil-media','trip/c07/photo01.jpg','https://cdn.soomgil.test/trip/c07/photo01.jpg','image/jpeg',490000,1920,1280,'trip.trips','c0000000-0000-4000-8000-000000000007','ACTIVE',now()),
  ('b1000000-0000-4000-8000-000000000070','a0000000-0000-4000-8000-000000000009','S3_COMPATIBLE','soomgil-media','trip/c08/photo01.jpg','https://cdn.soomgil.test/trip/c08/photo01.jpg','image/jpeg',450000,1920,1280,'trip.trips','c0000000-0000-4000-8000-000000000008','ACTIVE',now()),
  ('b1000000-0000-4000-8000-000000000080','a0000000-0000-4000-8000-000000000010','S3_COMPATIBLE','soomgil-media','trip/c09/photo01.jpg','https://cdn.soomgil.test/trip/c09/photo01.jpg','image/jpeg',460000,1920,1280,'trip.trips','c0000000-0000-4000-8000-000000000009','ACTIVE',now())
ON CONFLICT (id) DO NOTHING;

-- ------------------------------------------------------------
-- social.user_follows
-- Organic follow graph for user discovery / search
-- ------------------------------------------------------------
INSERT INTO social.user_follows (follower_user_id, following_user_id, status) VALUES
  ('a0000000-0000-4000-8000-000000000002','a0000000-0000-4000-8000-000000000001','ACTIVE'),
  ('a0000000-0000-4000-8000-000000000003','a0000000-0000-4000-8000-000000000001','ACTIVE'),
  ('a0000000-0000-4000-8000-000000000004','a0000000-0000-4000-8000-000000000002','ACTIVE'),
  ('a0000000-0000-4000-8000-000000000005','a0000000-0000-4000-8000-000000000002','ACTIVE'),
  ('a0000000-0000-4000-8000-000000000006','a0000000-0000-4000-8000-000000000002','ACTIVE'),
  ('a0000000-0000-4000-8000-000000000007','a0000000-0000-4000-8000-000000000003','ACTIVE'),
  ('a0000000-0000-4000-8000-000000000008','a0000000-0000-4000-8000-000000000003','ACTIVE'),
  ('a0000000-0000-4000-8000-000000000009','a0000000-0000-4000-8000-000000000004','ACTIVE'),
  ('a0000000-0000-4000-8000-000000000010','a0000000-0000-4000-8000-000000000004','ACTIVE'),
  ('a0000000-0000-4000-8000-000000000011','a0000000-0000-4000-8000-000000000005','ACTIVE'),
  ('a0000000-0000-4000-8000-000000000012','a0000000-0000-4000-8000-000000000005','ACTIVE'),
  ('a0000000-0000-4000-8000-000000000013','a0000000-0000-4000-8000-000000000006','ACTIVE'),
  ('a0000000-0000-4000-8000-000000000014','a0000000-0000-4000-8000-000000000006','ACTIVE'),
  ('a0000000-0000-4000-8000-000000000015','a0000000-0000-4000-8000-000000000007','ACTIVE'),
  ('a0000000-0000-4000-8000-000000000001','a0000000-0000-4000-8000-000000000008','ACTIVE'),
  ('a0000000-0000-4000-8000-000000000002','a0000000-0000-4000-8000-000000000009','ACTIVE'),
  ('a0000000-0000-4000-8000-000000000003','a0000000-0000-4000-8000-000000000010','ACTIVE'),
  ('a0000000-0000-4000-8000-000000000004','a0000000-0000-4000-8000-000000000011','ACTIVE'),
  ('a0000000-0000-4000-8000-000000000005','a0000000-0000-4000-8000-000000000012','ACTIVE'),
  ('a0000000-0000-4000-8000-000000000017','a0000000-0000-4000-8000-000000000013','ACTIVE'),
  ('a0000000-0000-4000-8000-000000000018','a0000000-0000-4000-8000-000000000014','ACTIVE'),
  ('a0000000-0000-4000-8000-000000000019','a0000000-0000-4000-8000-000000000015','ACTIVE'),
  ('a0000000-0000-4000-8000-000000000020','a0000000-0000-4000-8000-000000000001','ACTIVE'),
  ('a0000000-0000-4000-8000-000000000016','a0000000-0000-4000-8000-000000000002','DELETED')
ON CONFLICT (follower_user_id, following_user_id) DO NOTHING;

COMMIT;

-- END dev-seeds/02_social_media.sql

-- BEGIN dev-seeds/03_geo.sql

-- ============================================================
-- 03_geo.sql
-- geo.legal_regions — Korean 법정동코드 for trip_regions
-- SIDO + SIGUNGU + EUPMYEONDONG levels
-- ============================================================

BEGIN;

-- ------------------------------------------------------------
-- SIDO (도/특별시/광역시) — level SIDO, parent null
-- ------------------------------------------------------------
INSERT INTO geo.legal_regions (code, name, full_name, level, parent_code, sido_code, raw_status, is_active, synced_at) VALUES
  ('1100000000','서울특별시',     '서울특별시',                       'SIDO', NULL,         '11', '존재', true, '2026-01-01 00:00:00+09'),
  ('2600000000','부산광역시',     '부산광역시',                       'SIDO', NULL,         '26', '존재', true, '2026-01-01 00:00:00+09'),
  ('2700000000','대구광역시',     '대구광역시',                       'SIDO', NULL,         '27', '존재', true, '2026-01-01 00:00:00+09'),
  ('2800000000','인천광역시',     '인천광역시',                       'SIDO', NULL,         '28', '존재', true, '2026-01-01 00:00:00+09'),
  ('4100000000','경기도',         '경기도',                           'SIDO', NULL,         '41', '존재', true, '2026-01-01 00:00:00+09'),
  ('4200000000','강원특별자치도', '강원특별자치도',                   'SIDO', NULL,         '42', '존재', true, '2026-01-01 00:00:00+09'),
  ('4300000000','충청북도',       '충청북도',                         'SIDO', NULL,         '43', '존재', true, '2026-01-01 00:00:00+09'),
  ('4400000000','충청남도',       '충청남도',                         'SIDO', NULL,         '44', '존재', true, '2026-01-01 00:00:00+09'),
  ('4500000000','전북특별자치도', '전북특별자치도',                   'SIDO', NULL,         '45', '존재', true, '2026-01-01 00:00:00+09'),
  ('4600000000','전라남도',       '전라남도',                         'SIDO', NULL,         '46', '존재', true, '2026-01-01 00:00:00+09'),
  ('4700000000','경상북도',       '경상북도',                         'SIDO', NULL,         '47', '존재', true, '2026-01-01 00:00:00+09'),
  ('4800000000','경상남도',       '경상남도',                         'SIDO', NULL,         '48', '존재', true, '2026-01-01 00:00:00+09'),
  ('5000000000','제주특별자치도', '제주특별자치도',                   'SIDO', NULL,         '50', '존재', true, '2026-01-01 00:00:00+09')
ON CONFLICT (code) DO NOTHING;

-- ------------------------------------------------------------
-- SIGUNGU (시/군/구)
-- ------------------------------------------------------------
INSERT INTO geo.legal_regions (code, name, full_name, level, parent_code, sido_code, sigungu_code, raw_status, is_active, synced_at) VALUES
  -- 서울
  ('1111000000','종로구',       '서울특별시 종로구',   'SIGUNGU','1100000000','11','11110','존재',true,'2026-01-01 00:00:00+09'),
  ('1124000000','서대문구',     '서울특별시 서대문구', 'SIGUNGU','1100000000','11','11240','존재',true,'2026-01-01 00:00:00+09'),
  ('1168000000','강남구',       '서울특별시 강남구',   'SIGUNGU','1100000000','11','11680','존재',true,'2026-01-01 00:00:00+09'),
  -- 부산
  ('2611000000','중구',         '부산광역시 중구',     'SIGUNGU','2600000000','26','26110','존재',true,'2026-01-01 00:00:00+09'),
  ('2626000000','해운대구',     '부산광역시 해운대구', 'SIGUNGU','2600000000','26','26260','존재',true,'2026-01-01 00:00:00+09'),
  ('2629000000','광안리',       '부산광역시 수영구',   'SIGUNGU','2600000000','26','26290','존재',true,'2026-01-01 00:00:00+09'),
  ('2635000000','기장군',       '부산광역시 기장군',   'SIGUNGU','2600000000','26','26350','존재',true,'2026-01-01 00:00:00+09'),
  -- 강원
  ('4215000000','강릉시',       '강원특별자치도 강릉시','SIGUNGU','4200000000','42','42150','존재',true,'2026-01-01 00:00:00+09'),
  ('4221000000','속초시',       '강원특별자치도 속초시','SIGUNGU','4200000000','42','42210','존재',true,'2026-01-01 00:00:00+09'),
  ('4276000000','평창군',       '강원특별자치도 평창군','SIGUNGU','4200000000','42','42760','존재',true,'2026-01-01 00:00:00+09'),
  ('4280000000','양양군',       '강원특별자치도 양양군','SIGUNGU','4200000000','42','42800','존재',true,'2026-01-01 00:00:00+09'),
  -- 경상북도
  ('4713000000','경주시',       '경상북도 경주시',     'SIGUNGU','4700000000','47','47130','존재',true,'2026-01-01 00:00:00+09'),
  ('4790000000','안동시',       '경상북도 안동시',     'SIGUNGU','4700000000','47','47900','존재',true,'2026-01-01 00:00:00+09'),
  -- 경상남도
  ('4812000000','통영시',       '경상남도 통영시',     'SIGUNGU','4800000000','48','48120','존재',true,'2026-01-01 00:00:00+09'),
  ('4817000000','거제시',       '경상남도 거제시',     'SIGUNGU','4800000000','48','48170','존재',true,'2026-01-01 00:00:00+09'),
  -- 전라남도
  ('4613000000','여수시',       '전라남도 여수시',     'SIGUNGU','4600000000','46','46130','존재',true,'2026-01-01 00:00:00+09'),
  ('4624000000','담양군',       '전라남도 담양군',     'SIGUNGU','4600000000','46','46240','존재',true,'2026-01-01 00:00:00+09'),
  ('4611000000','순천시',       '전라남도 순천시',     'SIGUNGU','4600000000','46','46110','존재',true,'2026-01-01 00:00:00+09'),
  -- 전북
  ('4511000000','전주시',       '전북특별자치도 전주시','SIGUNGU','4500000000','45','45110','존재',true,'2026-01-01 00:00:00+09'),
  ('4518000000','고창군',       '전북특별자치도 고창군','SIGUNGU','4500000000','45','45180','존재',true,'2026-01-01 00:00:00+09'),
  -- 경기
  ('4113000000','수원시',       '경기도 수원시',       'SIGUNGU','4100000000','41','41130','존재',true,'2026-01-01 00:00:00+09'),
  ('4117000000','가평군',       '경기도 가평군',       'SIGUNGU','4100000000','41','41170','존재',true,'2026-01-01 00:00:00+09'),
  -- 충남
  ('4476000000','보령시',       '충청남도 보령시',     'SIGUNGU','4400000000','44','44760','존재',true,'2026-01-01 00:00:00+09'),
  ('4413000000','천안시',       '충청남도 천안시',     'SIGUNGU','4400000000','44','44130','존재',true,'2026-01-01 00:00:00+09'),
  ('4482500000','태안군',       '충청남도 태안군',     'SIGUNGU','4400000000','44','44825','존재',true,'2026-01-01 00:00:00+09'),
  -- 제주
  ('5011000000','제주시',       '제주특별자치도 제주시','SIGUNGU','5000000000','50','50110','존재',true,'2026-01-01 00:00:00+09'),
  ('5013000000','서귀포시',     '제주특별자치도 서귀포시','SIGUNGU','5000000000','50','50130','존재',true,'2026-01-01 00:00:00+09')
ON CONFLICT (code) DO NOTHING;

-- ------------------------------------------------------------
-- EUPMYEONDONG (동/읍/면)
-- ------------------------------------------------------------
INSERT INTO geo.legal_regions (code, name, full_name, level, parent_code, sido_code, sigungu_code, eupmyeondong_code, raw_status, is_active, synced_at) VALUES
  -- 부산 해운대
  ('2635052000','송정동',       '부산광역시 기장군 송정동',       'EUPMYEONDONG','2635000000','26','26350','26350520','존재',true,'2026-01-01 00:00:00+09'),
  ('2626053000','중동',         '부산광역시 해운대구 중동',       'EUPMYEONDONG','2626000000','26','26260','26260530','존재',true,'2026-01-01 00:00:00+09'),
  -- 제주
  ('5011069000','한림읍',       '제주특별자치도 제주시 한림읍',   'EUPMYEONDONG','5011000000','50','50110','50110690','존재',true,'2026-01-01 00:00:00+09'),
  ('5013038000','서귀포시 안덕면','제주특별자치도 서귀포시 안덕면','EUPMYEONDONG','5013000000','50','50130','50130380','존재',true,'2026-01-01 00:00:00+09'),
  ('5011025000','조천읍',       '제주특별자치도 제주시 조천읍',   'EUPMYEONDONG','5011000000','50','50110','50110250','존재',true,'2026-01-01 00:00:00+09'),
  ('5013069000','표선면',       '제주특별자치도 서귀포시 표선면', 'EUPMYEONDONG','5013000000','50','50130','50130690','존재',true,'2026-01-01 00:00:00+09'),
  -- 강릉
  ('4215050000','강릉시 강문동', '강원특별자치도 강릉시 강문동',   'EUPMYEONDONG','4215000000','42','42150','42150500','존재',true,'2026-01-01 00:00:00+09'),
  ('4215067000','강릉시 경포동', '강원특별자치도 강릉시 경포동',   'EUPMYEONDONG','4215000000','42','42150','42150670','존재',true,'2026-01-01 00:00:00+09'),
  ('4215013000','강릉시 교동',   '강원특별자치도 강릉시 교동',     'EUPMYEONDONG','4215000000','42','42150','42150130','존재',true,'2026-01-01 00:00:00+09'),
  -- 경주
  ('4713038000','경주시 보문동', '경상북도 경주시 보문동',         'EUPMYEONDONG','4713000000','47','47130','47130380','존재',true,'2026-01-01 00:00:00+09'),
  ('4713017000','경주시 황남동', '경상북도 경주시 황남동',         'EUPMYEONDONG','4713000000','47','47130','47130170','존재',true,'2026-01-01 00:00:00+09'),
  -- 여수
  ('4613053000','여수시 돌산읍', '전라남도 여수시 돌산읍',         'EUPMYEONDONG','4613000000','46','46130','46130530','존재',true,'2026-01-01 00:00:00+09'),
  ('4613011000','여수시 중앙동', '전라남도 여수시 중앙동',         'EUPMYEONDONG','4613000000','46','46130','46130110','존재',true,'2026-01-01 00:00:00+09')
ON CONFLICT (code) DO NOTHING;

-- ------------------------------------------------------------
-- geo.legal_region_sync_logs
-- ------------------------------------------------------------
INSERT INTO geo.legal_region_sync_logs (source, source_file_name, total_count, inserted_count, updated_count, deactivated_count, started_at, finished_at, status) VALUES
  ('code.go.kr','bjd_code_20260101.csv', 4283, 4283, 0, 0, '2026-01-01 02:00:00+09', '2026-01-01 02:05:30+09', 'SUCCESS'),
  ('code.go.kr','bjd_code_20260401.csv', 4291, 5,    3, 0, '2026-04-01 02:00:00+09', '2026-04-01 02:04:12+09', 'SUCCESS');

COMMIT;

-- END dev-seeds/03_geo.sql

-- BEGIN dev-seeds/04_trips_members.sql

-- ============================================================
-- 04_trips_members.sql
-- trip.trips, trip.trip_regions, trip.trip_members, trip.trip_invites
-- 22 trips across multiple regions; members + invites
-- ============================================================

BEGIN;

-- ------------------------------------------------------------
-- trip.trips (22 trips)
-- Pattern: c0000000-0000-4000-8000-0000000000NN
-- ------------------------------------------------------------

-- ---- Trip 1: 제주도 3박 4일 감성 여행 (owner: u02 박서연) ----
INSERT INTO trip.trips (id, owner_user_id, title, display_destination, status, itinerary_version) VALUES
  ('c0000000-0000-4000-8000-000000000001','a0000000-0000-4000-8000-000000000002','제주도 3박 4일 감성 여행','제주특별자치도','ACTIVE', 7);

-- ---- Trip 2: 부산 해운대 가족여행 (owner: u03 이도윤) ----
INSERT INTO trip.trips (id, owner_user_id, title, display_destination, status, itinerary_version) VALUES
  ('c0000000-0000-4000-8000-000000000002','a0000000-0000-4000-8000-000000000003','부산 해운대 가족여행','부산광역시','ACTIVE', 4);

-- ---- Trip 3: 강릉 바다 카페 투어 (owner: u04 최민서) ----
INSERT INTO trip.trips (id, owner_user_id, title, display_destination, status, itinerary_version) VALUES
  ('c0000000-0000-4000-8000-000000000003','a0000000-0000-4000-8000-000000000004','강릉 바다 카페 투어','강원특별자치도','ACTIVE', 3);

-- ---- Trip 4: 경주 역사 탐방 (owner: u05 정예준) ----
INSERT INTO trip.trips (id, owner_user_id, title, display_destination, status, itinerary_version) VALUES
  ('c0000000-0000-4000-8000-000000000004','a0000000-0000-4000-8000-000000000005','경주 역사 탐방 2박 3일','경상북도','ACTIVE', 5);

-- ---- Trip 5: 여수 밤바다 로맨틱 (owner: u06 강하준) ----
INSERT INTO trip.trips (id, owner_user_id, title, display_destination, status, itinerary_version) VALUES
  ('c0000000-0000-4000-8000-000000000005','a0000000-0000-4000-8000-000000000006','여수 밤바다 로맨틱 데이트','전라남도','ACTIVE', 2);

-- ---- Trip 6: 속초·양양 서핑 여행 (owner: u07 윤서아) ----
INSERT INTO trip.trips (id, owner_user_id, title, display_destination, status, itinerary_version) VALUES
  ('c0000000-0000-4000-8000-000000000006','a0000000-0000-4000-8000-000000000007','속초·양양 서핑 여행','강원특별자치도','ACTIVE', 6);

-- ---- Trip 7: 전주 한옥마을 미식 여행 (owner: u08 조지아) ----
INSERT INTO trip.trips (id, owner_user_id, title, display_destination, status, itinerary_version) VALUES
  ('c0000000-0000-4000-8000-000000000007','a0000000-0000-4000-8000-000000000008','전주 한옥마을 미식 여행','전북특별자치도','ACTIVE', 2);

-- ---- Trip 8: 거제·통영 남해안 드라이브 (owner: u09 임시우) ----
INSERT INTO trip.trips (id, owner_user_id, title, display_destination, status, itinerary_version) VALUES
  ('c0000000-0000-4000-8000-000000000008','a0000000-0000-4000-8000-000000000009','거제·통영 남해안 드라이브','경상남도','ACTIVE', 3);

-- ---- Trip 9: 서울 도심 힐링 데이트 (owner: u10 배수빈) ----
INSERT INTO trip.trips (id, owner_user_id, title, display_destination, status, itinerary_version) VALUES
  ('c0000000-0000-4000-8000-000000000009','a0000000-0000-4000-8000-000000000010','서울 도심 힐링 데이트 코스','서울특별시','ACTIVE', 1);

-- ---- Trip 10: 평창 겨울 스키 여행 (owner: u11 오지호) ----
INSERT INTO trip.trips (id, owner_user_id, title, display_destination, status, itinerary_version) VALUES
  ('c0000000-0000-4000-8000-000000000010','a0000000-0000-4000-8000-000000000011','평창 겨울 스키 여행','강원특별자치도','ARCHIVED', 4);

-- ---- Trip 11: 제주 서귀포 워케이션 (owner: u12 한서준) ----
INSERT INTO trip.trips (id, owner_user_id, title, display_destination, status, itinerary_version) VALUES
  ('c0000000-0000-4000-8000-000000000011','a0000000-0000-4000-8000-000000000012','제주 서귀포 워케이션 1주일','제주특별자치도','ACTIVE', 8);

-- ---- Trip 12: 담양 대나무숲 나들이 (owner: u13 신지유) ----
INSERT INTO trip.trips (id, owner_user_id, title, display_destination, status, itinerary_version) VALUES
  ('c0000000-0000-4000-8000-000000000012','a0000000-0000-4000-8000-000000000013','담양 대나무숲 힐링 나들이','전라남도','ACTIVE', 1);

-- ---- Trip 13: 순천만 자연 탐방 (owner: u14 권도현) ----
INSERT INTO trip.trips (id, owner_user_id, title, display_destination, status, itinerary_version) VALUES
  ('c0000000-0000-4000-8000-000000000013','a0000000-0000-4000-8000-000000000014','순천만 습지 자연 탐방','전라남도','ACTIVE', 2);

-- ---- Trip 14: 가평·청평 당일치기 (owner: u15 백하린) ----
INSERT INTO trip.trips (id, owner_user_id, title, display_destination, status, itinerary_version) VALUES
  ('c0000000-0000-4000-8000-000000000014','a0000000-0000-4000-8000-000000000015','가평 청평 호수 당일치기','경기도','ACTIVE', 1);

-- ---- Trip 15: 부산 송정 감성 카페 (owner: u01 김지훈) ----
INSERT INTO trip.trips (id, owner_user_id, title, display_destination, status, itinerary_version) VALUES
  ('c0000000-0000-4000-8000-000000000015','a0000000-0000-4000-8000-000000000001','부산 송정 감성 카페 투어','부산광역시','ACTIVE', 3);

-- ---- Trip 16: 안동 하회마을 전통 체험 (owner: u17 전예원) ----
INSERT INTO trip.trips (id, owner_user_id, title, display_destination, status, itinerary_version) VALUES
  ('c0000000-0000-4000-8000-000000000016','a0000000-0000-4000-8000-000000000017','안동 하회마을 전통 체험','경상북도','ACTIVE', 1);

-- ---- Trip 17: 보령 머드축제 여행 (owner: u18 황준서) ----
INSERT INTO trip.trips (id, owner_user_id, title, display_destination, status, itinerary_version) VALUES
  ('c0000000-0000-4000-8000-000000000017','a0000000-0000-4000-8000-000000000018','보령 머드축제 여름 여행','충청남도','ACTIVE', 2);

-- ---- Trip 18: 태안 해안 국립공원 트레킹 (owner: u19 류하윤) ----
INSERT INTO trip.trips (id, owner_user_id, title, display_destination, status, itinerary_version) VALUES
  ('c0000000-0000-4000-8000-000000000018','a0000000-0000-4000-8000-000000000019','태안 해안 국립공원 트레킹','충청남도','ACTIVE', 1);

-- ---- Trip 19: 수원 화성 역사 산책 (owner: u20 고서윤) ----
INSERT INTO trip.trips (id, owner_user_id, title, display_destination, status, itinerary_version) VALUES
  ('c0000000-0000-4000-8000-000000000019','a0000000-0000-4000-8000-000000000020','수원 화성 역사 산책','경기도','ACTIVE', 1);

-- ---- Trip 20: 제주 동쪽 코스 드라이브 (owner: u02 박서연) ----
INSERT INTO trip.trips (id, owner_user_id, title, display_destination, status, itinerary_version) VALUES
  ('c0000000-0000-4000-8000-000000000020','a0000000-0000-4000-8000-000000000002','제주 동쪽 코스 드라이브','제주특별자치도','ACTIVE', 3);

-- ---- Trip 21: 강릉 커피 축제 (owner: u04 최민서) ----
INSERT INTO trip.trips (id, owner_user_id, title, display_destination, status, itinerary_version) VALUES
  ('c0000000-0000-4000-8000-000000000021','a0000000-0000-4000-8000-000000000004','강릉 커피 축제 가을 여행','강원특별자치도','ACTIVE', 2);

-- ---- Trip 22: 고창 보리수풀 힐링 (owner: u13 신지유) ----
INSERT INTO trip.trips (id, owner_user_id, title, display_destination, status, itinerary_version) VALUES
  ('c0000000-0000-4000-8000-000000000022','a0000000-0000-4000-8000-000000000013','고창 보리밭 힐링 여행','전북특별자치도','ACTIVE', 1)
ON CONFLICT (id) DO NOTHING;

-- ------------------------------------------------------------
-- trip.trip_regions
-- ------------------------------------------------------------
INSERT INTO trip.trip_regions (trip_id, legal_region_code, sort_order) VALUES
  ('c0000000-0000-4000-8000-000000000001','5011000000',0),
  ('c0000000-0000-4000-8000-000000000001','5013000000',1),
  ('c0000000-0000-4000-8000-000000000002','2626000000',0),
  ('c0000000-0000-4000-8000-000000000002','2635000000',1),
  ('c0000000-0000-4000-8000-000000000003','4215000000',0),
  ('c0000000-0000-4000-8000-000000000004','4713000000',0),
  ('c0000000-0000-4000-8000-000000000005','4613000000',0),
  ('c0000000-0000-4000-8000-000000000006','4221000000',0),
  ('c0000000-0000-4000-8000-000000000006','4280000000',1),
  ('c0000000-0000-4000-8000-000000000007','4511000000',0),
  ('c0000000-0000-4000-8000-000000000008','4817000000',0),
  ('c0000000-0000-4000-8000-000000000008','4812000000',1),
  ('c0000000-0000-4000-8000-000000000009','1111000000',0),
  ('c0000000-0000-4000-8000-000000000009','1168000000',1),
  ('c0000000-0000-4000-8000-000000000010','4276000000',0),
  ('c0000000-0000-4000-8000-000000000011','5013000000',0),
  ('c0000000-0000-4000-8000-000000000012','4624000000',0),
  ('c0000000-0000-4000-8000-000000000013','4611000000',0),
  ('c0000000-0000-4000-8000-000000000014','4117000000',0),
  ('c0000000-0000-4000-8000-000000000015','2635052000',0),
  ('c0000000-0000-4000-8000-000000000016','4790000000',0),
  ('c0000000-0000-4000-8000-000000000017','4476000000',0),
  ('c0000000-0000-4000-8000-000000000018','4482500000',0),
  ('c0000000-0000-4000-8000-000000000019','4113000000',0),
  ('c0000000-0000-4000-8000-000000000020','5011025000',0),
  ('c0000000-0000-4000-8000-000000000021','4215067000',0),
  ('c0000000-0000-4000-8000-000000000022','4518000000',0)
ON CONFLICT (trip_id, legal_region_code) DO NOTHING;

-- ------------------------------------------------------------
-- trip.trip_members
-- OWNER + MEMBER per trip, some with LEFT/REMOVED for history
-- ------------------------------------------------------------
INSERT INTO trip.trip_members (id, trip_id, user_id, role, status)
SELECT seed_id::uuid, seed_trip_id::uuid, seed_user_id::uuid, 'MEMBER', seed_status
FROM (VALUES
  -- Trip 1 (제주도 감성) — u02 OWNER, u01/u04/u07 MEMBERS
  ('e1000000-0000-4000-8000-000000000001','c0000000-0000-4000-8000-000000000001','a0000000-0000-4000-8000-000000000002','OWNER','ACTIVE'),
  ('e1000000-0000-4000-8000-000000000002','c0000000-0000-4000-8000-000000000001','a0000000-0000-4000-8000-000000000001','MEMBER','ACTIVE'),
  ('e1000000-0000-4000-8000-000000000003','c0000000-0000-4000-8000-000000000001','a0000000-0000-4000-8000-000000000004','MEMBER','ACTIVE'),
  ('e1000000-0000-4000-8000-000000000004','c0000000-0000-4000-8000-000000000001','a0000000-0000-4000-8000-000000000007','MEMBER','ACTIVE'),
  -- Trip 2 (부산 가족)
  ('e1000000-0000-4000-8000-000000000005','c0000000-0000-4000-8000-000000000002','a0000000-0000-4000-8000-000000000003','OWNER','ACTIVE'),
  ('e1000000-0000-4000-8000-000000000006','c0000000-0000-4000-8000-000000000002','a0000000-0000-4000-8000-000000000006','MEMBER','ACTIVE'),
  ('e1000000-0000-4000-8000-000000000007','c0000000-0000-4000-8000-000000000002','a0000000-0000-4000-8000-000000000010','MEMBER','ACTIVE'),
  -- Trip 3 (강릉 카페)
  ('e1000000-0000-4000-8000-000000000008','c0000000-0000-4000-8000-000000000003','a0000000-0000-4000-8000-000000000004','OWNER','ACTIVE'),
  ('e1000000-0000-4000-8000-000000000009','c0000000-0000-4000-8000-000000000003','a0000000-0000-4000-8000-000000000007','MEMBER','ACTIVE'),
  ('e1000000-0000-4000-8000-000000000010','c0000000-0000-4000-8000-000000000003','a0000000-0000-4000-8000-000000000012','MEMBER','ACTIVE'),
  -- Trip 4 (경주 역사)
  ('e1000000-0000-4000-8000-000000000011','c0000000-0000-4000-8000-000000000004','a0000000-0000-4000-8000-000000000005','OWNER','ACTIVE'),
  ('e1000000-0000-4000-8000-000000000012','c0000000-0000-4000-8000-000000000004','a0000000-0000-4000-8000-000000000008','MEMBER','ACTIVE'),
  -- Trip 5 (여수 로맨틱)
  ('e1000000-0000-4000-8000-000000000013','c0000000-0000-4000-8000-000000000005','a0000000-0000-4000-8000-000000000006','OWNER','ACTIVE'),
  ('e1000000-0000-4000-8000-000000000014','c0000000-0000-4000-8000-000000000005','a0000000-0000-4000-8000-000000000013','MEMBER','ACTIVE'),
  -- Trip 6 (속초 양양 서핑)
  ('e1000000-0000-4000-8000-000000000015','c0000000-0000-4000-8000-000000000006','a0000000-0000-4000-8000-000000000007','OWNER','ACTIVE'),
  ('e1000000-0000-4000-8000-000000000016','c0000000-0000-4000-8000-000000000006','a0000000-0000-4000-8000-000000000009','MEMBER','ACTIVE'),
  ('e1000000-0000-4000-8000-000000000017','c0000000-0000-4000-8000-000000000006','a0000000-0000-4000-8000-000000000011','MEMBER','ACTIVE'),
  -- Trip 7 (전주 미식)
  ('e1000000-0000-4000-8000-000000000018','c0000000-0000-4000-8000-000000000007','a0000000-0000-4000-8000-000000000008','OWNER','ACTIVE'),
  ('e1000000-0000-4000-8000-000000000019','c0000000-0000-4000-8000-000000000007','a0000000-0000-4000-8000-000000000014','MEMBER','ACTIVE'),
  -- Trip 8 (거제 통영)
  ('e1000000-0000-4000-8000-000000000020','c0000000-0000-4000-8000-000000000008','a0000000-0000-4000-8000-000000000009','OWNER','ACTIVE'),
  ('e1000000-0000-4000-8000-000000000021','c0000000-0000-4000-8000-000000000008','a0000000-0000-4000-8000-000000000015','MEMBER','ACTIVE'),
  -- Trip 9 (서울 데이트)
  ('e1000000-0000-4000-8000-000000000022','c0000000-0000-4000-8000-000000000009','a0000000-0000-4000-8000-000000000010','OWNER','ACTIVE'),
  ('e1000000-0000-4000-8000-000000000023','c0000000-0000-4000-8000-000000000009','a0000000-0000-4000-8000-000000000017','MEMBER','ACTIVE'),
  -- Trip 10 (평창 스키)
  ('e1000000-0000-4000-8000-000000000024','c0000000-0000-4000-8000-000000000010','a0000000-0000-4000-8000-000000000011','OWNER','ACTIVE'),
  ('e1000000-0000-4000-8000-000000000025','c0000000-0000-4000-8000-000000000010','a0000000-0000-4000-8000-000000000018','MEMBER','LEFT'),
  -- Trip 11 (제주 워케이션)
  ('e1000000-0000-4000-8000-000000000026','c0000000-0000-4000-8000-000000000011','a0000000-0000-4000-8000-000000000012','OWNER','ACTIVE'),
  -- Trip 12 (담양)
  ('e1000000-0000-4000-8000-000000000027','c0000000-0000-4000-8000-000000000012','a0000000-0000-4000-8000-000000000013','OWNER','ACTIVE'),
  ('e1000000-0000-4000-8000-000000000028','c0000000-0000-4000-8000-000000000012','a0000000-0000-4000-8000-000000000019','MEMBER','ACTIVE'),
  -- Trip 13 (순천만)
  ('e1000000-0000-4000-8000-000000000029','c0000000-0000-4000-8000-000000000013','a0000000-0000-4000-8000-000000000014','OWNER','ACTIVE'),
  -- Trip 14 (가평)
  ('e1000000-0000-4000-8000-000000000030','c0000000-0000-4000-8000-000000000014','a0000000-0000-4000-8000-000000000015','OWNER','ACTIVE'),
  ('e1000000-0000-4000-8000-000000000031','c0000000-0000-4000-8000-000000000014','a0000000-0000-4000-8000-000000000020','MEMBER','ACTIVE'),
  -- Trip 15 (부산 송정)
  ('e1000000-0000-4000-8000-000000000032','c0000000-0000-4000-8000-000000000015','a0000000-0000-4000-8000-000000000001','OWNER','ACTIVE'),
  ('e1000000-0000-4000-8000-000000000033','c0000000-0000-4000-8000-000000000015','a0000000-0000-4000-8000-000000000002','MEMBER','ACTIVE'),
  -- Trip 16 (안동)
  ('e1000000-0000-4000-8000-000000000034','c0000000-0000-4000-8000-000000000016','a0000000-0000-4000-8000-000000000017','OWNER','ACTIVE'),
  -- Trip 17 (보령)
  ('e1000000-0000-4000-8000-000000000035','c0000000-0000-4000-8000-000000000017','a0000000-0000-4000-8000-000000000018','OWNER','ACTIVE'),
  ('e1000000-0000-4000-8000-000000000036','c0000000-0000-4000-8000-000000000017','a0000000-0000-4000-8000-000000000020','MEMBER','ACTIVE'),
  -- Trip 18 (태안)
  ('e1000000-0000-4000-8000-000000000037','c0000000-0000-4000-8000-000000000018','a0000000-0000-4000-8000-000000000019','OWNER','ACTIVE'),
  -- Trip 19 (수원)
  ('e1000000-0000-4000-8000-000000000038','c0000000-0000-4000-8000-000000000019','a0000000-0000-4000-8000-000000000020','OWNER','ACTIVE'),
  -- Trip 20 (제주 동쪽)
  ('e1000000-0000-4000-8000-000000000039','c0000000-0000-4000-8000-000000000020','a0000000-0000-4000-8000-000000000002','OWNER','ACTIVE'),
  ('e1000000-0000-4000-8000-000000000040','c0000000-0000-4000-8000-000000000020','a0000000-0000-4000-8000-000000000005','MEMBER','ACTIVE'),
  -- Trip 21 (강릉 커피축제)
  ('e1000000-0000-4000-8000-000000000041','c0000000-0000-4000-8000-000000000021','a0000000-0000-4000-8000-000000000004','OWNER','ACTIVE'),
  ('e1000000-0000-4000-8000-000000000042','c0000000-0000-4000-8000-000000000021','a0000000-0000-4000-8000-000000000010','MEMBER','ACTIVE'),
  -- Trip 22 (고창)
  ('e1000000-0000-4000-8000-000000000043','c0000000-0000-4000-8000-000000000022','a0000000-0000-4000-8000-000000000013','OWNER','ACTIVE'),
  ('e1000000-0000-4000-8000-000000000044','c0000000-0000-4000-8000-000000000022','a0000000-0000-4000-8000-000000000019','MEMBER','REMOVED')
) AS seed(seed_id, seed_trip_id, seed_user_id, ignored_role, seed_status)
ON CONFLICT DO NOTHING;

-- ------------------------------------------------------------
-- trip.trip_invites
-- PENDING, ACCEPTED, REVOKED, EXPIRED for testing
-- ------------------------------------------------------------
INSERT INTO trip.trip_invites (id, trip_id, created_by_user_id, invitee_user_id, invite_code, invite_token_hash, status, expires_at, accepted_by_user_id, accepted_at, revoked_at) VALUES
  ('f1000000-0000-4000-8000-000000000001','c0000000-0000-4000-8000-000000000001','a0000000-0000-4000-8000-000000000002','a0000000-0000-4000-8000-000000000004','CODE-JEJU-001','token_hash_001','ACCEPTED','2026-06-01 23:59:59+09','a0000000-0000-4000-8000-000000000004','2026-05-28 10:00:00+09',NULL),
  ('f1000000-0000-4000-8000-000000000002','c0000000-0000-4000-8000-000000000001','a0000000-0000-4000-8000-000000000002','a0000000-0000-4000-8000-000000000007','CODE-JEJU-002','token_hash_002','ACCEPTED','2026-06-01 23:59:59+09','a0000000-0000-4000-8000-000000000007','2026-05-29 15:00:00+09',NULL),
  ('f1000000-0000-4000-8000-000000000003','c0000000-0000-4000-8000-000000000003','a0000000-0000-4000-8000-000000000004','a0000000-0000-4000-8000-000000000012','CODE-GNG-001', 'token_hash_003','ACCEPTED','2026-06-10 23:59:59+09','a0000000-0000-4000-8000-000000000012','2026-06-05 09:30:00+09',NULL),
  ('f1000000-0000-4000-8000-000000000004','c0000000-0000-4000-8000-000000000006','a0000000-0000-4000-8000-000000000007','a0000000-0000-4000-8000-000000000011','CODE-SURF-001','token_hash_004','ACCEPTED','2026-06-15 23:59:59+09','a0000000-0000-4000-8000-000000000011','2026-06-08 14:00:00+09',NULL),
  ('f1000000-0000-4000-8000-000000000005','c0000000-0000-4000-8000-000000000002','a0000000-0000-4000-8000-000000000003','a0000000-0000-4000-8000-000000000010','CODE-BUSAN-01','token_hash_005','ACCEPTED','2026-06-20 23:59:59+09','a0000000-0000-4000-8000-000000000010','2026-06-09 11:00:00+09',NULL),
  ('f1000000-0000-4000-8000-000000000006','c0000000-0000-4000-8000-000000000001','a0000000-0000-4000-8000-000000000002','a0000000-0000-4000-8000-000000000009','CODE-JEJU-003','token_hash_006','PENDING', '2026-07-01 23:59:59+09',NULL,NULL,NULL),
  ('f1000000-0000-4000-8000-000000000007','c0000000-0000-4000-8000-000000000004','a0000000-0000-4000-8000-000000000005','a0000000-0000-4000-8000-000000000014','CODE-GJ-001',  'token_hash_007','PENDING', '2026-06-30 23:59:59+09',NULL,NULL,NULL),
  ('f1000000-0000-4000-8000-000000000008','c0000000-0000-4000-8000-000000000008','a0000000-0000-4000-8000-000000000009','a0000000-0000-4000-8000-000000000020','CODE-GEO-001', 'token_hash_008','PENDING', '2026-07-05 23:59:59+09',NULL,NULL,NULL),
  ('f1000000-0000-4000-8000-000000000009','c0000000-0000-4000-8000-000000000011','a0000000-0000-4000-8000-000000000012','a0000000-0000-4000-8000-000000000018','CODE-JEJU-WK', 'token_hash_009','REVOKED', '2026-06-25 23:59:59+09',NULL,NULL,'2026-06-10 08:00:00+09'),
  ('f1000000-0000-4000-8000-000000000010','c0000000-0000-4000-8000-000000000010','a0000000-0000-4000-8000-000000000011','a0000000-0000-4000-8000-000000000019','CODE-SKI-001', 'token_hash_010','EXPIRED', '2026-03-01 23:59:59+09',NULL,NULL,NULL)
ON CONFLICT (id) DO NOTHING;

COMMIT;

-- END dev-seeds/04_trips_members.sql

-- BEGIN dev-seeds/05_itinerary.sql

-- ============================================================
-- 05_itinerary.sql
-- itinerary.itinerary_days, itinerary.itinerary_items,
-- itinerary.trip_routes, itinerary.route_match_requests,
-- itinerary.map_drawings
-- ============================================================
-- Day pattern:    d{trip2}{day}0000-0000-4000-8000-0000000000NN
-- Item pattern:   e{trip2}{day}{item}000-0000-4000-8000-000000000NN
-- Route pattern:  f2000000-0000-4000-8000-00000000000N
-- ============================================================

BEGIN;

-- ============================================================
-- Trip 1: 제주도 3박 4일 감성 여행
-- ============================================================
INSERT INTO itinerary.itinerary_days (id, trip_id, group_type, day_number, date, title, sort_order) VALUES
  ('d0101000-0000-4000-8000-000000000001','c0000000-0000-4000-8000-000000000001','DAY',1,'2026-07-01','제주시 도착 & 동쪽 드라이브',0),
  ('d0102000-0000-4000-8000-000000000002','c0000000-0000-4000-8000-000000000001','DAY',2,'2026-07-02','우도 & 성산일출봉',1),
  ('d0103000-0000-4000-8000-000000000003','c0000000-0000-4000-8000-000000000001','DAY',3,'2026-07-03','서귀포 남쪽 코스',2),
  ('d0104000-0000-4000-8000-000000000004','c0000000-0000-4000-8000-000000000001','DAY',4,'2026-07-04','한라산 등반 & 귀가',3),
  ('d0199000-0000-4000-8000-000000000099','c0000000-0000-4000-8000-000000000001','UNSCHEDULED',NULL,NULL,'일차 미정',4);

INSERT INTO itinerary.itinerary_items (id, trip_id, itinerary_day_id, sort_order, item_type, place_provider, external_place_id, place_name, address, lat, lng, thumbnail_url, source_status, created_by_user_id) VALUES
  -- Day 1
  ('e0101010-0000-4000-8000-000000000001','c0000000-0000-4000-8000-000000000001','d0101000-0000-4000-8000-000000000001',0,'PLACE','KTO','11897234','제주 공항','제주특별자치도 제주시 공항로 2', 33.5069, 126.4930,'https://cdn.soomgil.test/pl/jeju-airport.jpg','AVAILABLE','a0000000-0000-4000-8000-000000000002'),
  ('e0101020-0000-4000-8000-000000000002','c0000000-0000-4000-8000-000000000001','d0101000-0000-4000-8000-000000000001',1,'PLACE','KTO','27534592','제주 동문시장','제주 제주시 특별자치도 동문로 20',33.5139,126.5400,'https://cdn.soomgil.test/pl/dongmun.jpg','AVAILABLE','a0000000-0000-4000-8000-000000000002'),
  ('e0101030-0000-4000-8000-000000000003','c0000000-0000-4000-8000-000000000001','d0101000-0000-4000-8000-000000000001',2,'PLACE','KTO','8239472','까사 빛나는 오브렐','제주특별자치도 서귀포시 안덕면',33.2470,126.3500,'https://cdn.soomgil.test/pl/obrel.jpg','AVAILABLE','a0000000-0000-4000-8000-000000000004'),
  -- Day 2
  ('e0102010-0000-4000-8000-000000000004','c0000000-0000-4000-8000-000000000001','d0102000-0000-4000-8000-000000000002',0,'PLACE','KTO','78923471','성산일출봉','제주특별자치도 서귀포시 성산읍',33.4584,126.9418,'https://cdn.soomgil.test/pl/seongsan.jpg','AVAILABLE','a0000000-0000-4000-8000-000000000002'),
  ('e0102020-0000-4000-8000-000000000005','c0000000-0000-4000-8000-000000000001','d0102000-0000-4000-8000-000000000002',1,'PLACE','KTO','81234567','우도','제주특별자치도 제주시 우도면',33.4960,126.9520,'https://cdn.soomgil.test/pl/udo.jpg','AVAILABLE','a0000000-0000-4000-8000-000000000007'),
  -- Day 3
  ('e0103010-0000-4000-8000-000000000006','c0000000-0000-4000-8000-000000000001','d0103000-0000-4000-8000-000000000003',0,'PLACE','KTO','26748591','정방폭포','제주특별자치도 서귀포시 칠십리로 214',33.2385,126.4030,'https://cdn.soomgil.test/pl/jeongbang.jpg','AVAILABLE','a0000000-0000-4000-8000-000000000002'),
  ('e0103020-0000-4000-8000-000000000007','c0000000-0000-4000-8000-000000000001','d0103000-0000-4000-8000-000000000003',1,'PLACE','KTO','89712346','주상절리대','제주특별자치도 서귀포시 예래동',33.2340,126.4240,'https://cdn.soomgil.test/pl/jusang.jpg','AVAILABLE','a0000000-0000-4000-8000-000000000004'),
  -- Day 4
  ('e0104010-0000-4000-8000-000000000008','c0000000-0000-4000-8000-000000000001','d0104000-0000-4000-8000-000000000004',0,'PLACE','KTO','24591827','한라산 국립공원','제주특별자치도 제주시 1100로',33.3617,126.5330,'https://cdn.soomgil.test/pl/halla.jpg','AVAILABLE','a0000000-0000-4000-8000-000000000002'),
  -- Unscheduled
  ('e0199010-0000-4000-8000-000000000099','c0000000-0000-4000-8000-000000000001','d0199000-0000-4000-8000-000000000099',0,'CUSTOM_PLACE',NULL,NULL,'아직 날짜 미정 카페',NULL, 33.5000,126.5000,NULL,'AVAILABLE','a0000000-0000-4000-8000-000000000002');

-- Routes for Trip 1
INSERT INTO itinerary.trip_routes (id, trip_id, origin_itinerary_item_id, destination_itinerary_item_id, mode, provider, provider_profile, geometry, distance_meters, duration_seconds, confidence, created_by_user_id) VALUES
  ('f2000000-0000-4000-8000-000000000001','c0000000-0000-4000-8000-000000000001','e0101010-0000-4000-8000-000000000001','e0101020-0000-4000-8000-000000000002','DRIVING','MAPBOX','mapbox/driving','{"type":"LineString","coordinates":[[126.4930,33.5069],[126.5400,33.5139]]}',5800,720,0.9800,'a0000000-0000-4000-8000-000000000002'),
  ('f2000000-0000-4000-8000-000000000002','c0000000-0000-4000-8000-000000000001','e0101020-0000-4000-8000-000000000002','e0101030-0000-4000-8000-000000000003','DRIVING','MAPBOX','mapbox/driving','{"type":"LineString","coordinates":[[126.5400,33.5139],[126.3500,33.2470]]}',38200,2400,0.9500,'a0000000-0000-4000-8000-000000000002'),
  ('f2000000-0000-4000-8000-000000000003','c0000000-0000-4000-8000-000000000001','e0102010-0000-4000-8000-000000000004','e0102020-0000-4000-8000-000000000005','DRIVING','MAPBOX','mapbox/driving','{"type":"LineString","coordinates":[[126.9418,33.4584],[126.9520,33.4960]]}',5200,600,0.9900,'a0000000-0000-4000-8000-000000000007'),
  ('f2000000-0000-4000-8000-000000000004','c0000000-0000-4000-8000-000000000001','e0103010-0000-4000-8000-000000000006','e0103020-0000-4000-8000-000000000007','WALKING','MAPBOX','mapbox/walking','{"type":"LineString","coordinates":[[126.4030,33.2385],[126.4240,33.2340]]}',2400,1800,0.8700,'a0000000-0000-4000-8000-000000000004');

-- Map drawings for Trip 1
INSERT INTO itinerary.map_drawings (id, trip_id, drawing_type, geometry, style, label, sort_order, version, created_by_user_id) VALUES
  ('4d000000-0000-4000-8000-000000000001','c0000000-0000-4000-8000-000000000001','MARKER',  '{"type":"Point","coordinates":[126.4930,33.5069]}','{"color":"#3b82f6"}','제주 공항',0,1,'a0000000-0000-4000-8000-000000000002'),
  ('4d000000-0000-4000-8000-000000000002','c0000000-0000-4000-8000-000000000001','FREEHAND','{"type":"LineString","coordinates":[[126.49,33.50],[126.54,33.51],[126.35,33.24]]}','{"color":"#ef4444","width":3}','드라이브 경로 메모',1,2,'a0000000-0000-4000-8000-000000000002'),
  ('4d000000-0000-4000-8000-000000000003','c0000000-0000-4000-8000-000000000001','TEXT',    '{"type":"Point","coordinates":[126.94,33.45]}','{"color":"#10b981","size":14}','일출봉 사진 스팟!',2,1,'a0000000-0000-4000-8000-000000000007');

-- ============================================================
-- Trip 2: 부산 해운대 가족여행
-- ============================================================
INSERT INTO itinerary.itinerary_days (id, trip_id, group_type, day_number, date, title, sort_order) VALUES
  ('d0201000-0000-4000-8000-000000000011','c0000000-0000-4000-8000-000000000002','DAY',1,'2026-07-10','해운대 & 광안리',0),
  ('d0202000-0000-4000-8000-000000000012','c0000000-0000-4000-8000-000000000002','DAY',2,'2026-07-11','기장 해안 & 감천',1),
  ('d0203000-0000-4000-8000-000000000013','c0000000-0000-4000-8000-000000000002','DAY',3,'2026-07-12','태종대 & 자갈치',2);

INSERT INTO itinerary.itinerary_items (id, trip_id, itinerary_day_id, sort_order, item_type, place_provider, external_place_id, place_name, address, lat, lng, thumbnail_url, source_status, created_by_user_id) VALUES
  ('e0201010-0000-4000-8000-000000000011','c0000000-0000-4000-8000-000000000002','d0201000-0000-4000-8000-000000000011',0,'PLACE','KTO','72384729','해운대 해수욕장','부산광역시 해운대구 우동',35.1587,129.1604,'https://cdn.soomgil.test/pl/haeundae.jpg','AVAILABLE','a0000000-0000-4000-8000-000000000003'),
  ('e0201020-0000-4000-8000-000000000012','c0000000-0000-4000-8000-000000000002','d0201000-0000-4000-8000-000000000011',1,'PLACE','KTO','21384710','광안리 해수욕장','부산광역시 수영구 광안해변로',35.1531,129.1186,'https://cdn.soomgil.test/pl/gwangalli.jpg','AVAILABLE','a0000000-0000-4000-8000-000000000003'),
  ('e0201030-0000-4000-8000-000000000013','c0000000-0000-4000-8000-000000000002','d0201000-0000-4000-8000-000000000011',2,'PLACE','KTO','84729103','더베이 101','부산광역시 해운대구 동백로 52',35.1433,129.1594,'https://cdn.soomgil.test/pl/bay101.jpg','AVAILABLE','a0000000-0000-4000-8000-000000000006'),
  ('e0202010-0000-4000-8000-000000000014','c0000000-0000-4000-8000-000000000002','d0202000-0000-4000-8000-000000000012',0,'PLACE','KTO','91827364','기장 동백섬','부산광역시 기장군 기장읍',35.2435,129.2217,'https://cdn.soomgil.test/pl/dongbaek.jpg','AVAILABLE','a0000000-0000-4000-8000-000000000003'),
  ('e0202020-0000-4000-8000-000000000015','c0000000-0000-4000-8000-000000000002','d0202000-0000-4000-8000-000000000012',1,'PLACE','KTO','17263849','감천문화마을','부산광역시 사하구 감내2로 203',35.0966,129.0105,'https://cdn.soomgil.test/pl/gamcheon.jpg','AVAILABLE','a0000000-0000-4000-8000-000000000006'),
  ('e0203010-0000-4000-8000-000000000016','c0000000-0000-4000-8000-000000000002','d0203000-0000-4000-8000-000000000013',0,'PLACE','KTO','82736194','태종대','부산광역시 영도구 전망산로 209',35.0513,129.0860,'https://cdn.soomgil.test/pl/taejongdae.jpg','AVAILABLE','a0000000-0000-4000-8000-000000000003'),
  ('e0203020-0000-4000-8000-000000000017','c0000000-0000-4000-8000-000000000002','d0203000-0000-4000-8000-000000000013',1,'PLACE','KTO','64738291','자갈치시장','부산광역시 중구 자갈치해안로 52',35.0966,129.0305,'https://cdn.soomgil.test/pl/jagalchi.jpg','AVAILABLE','a0000000-0000-4000-8000-000000000010');

INSERT INTO itinerary.trip_routes (id, trip_id, origin_itinerary_item_id, destination_itinerary_item_id, mode, provider, provider_profile, geometry, distance_meters, duration_seconds, confidence, created_by_user_id) VALUES
  ('f2000000-0000-4000-8000-000000000010','c0000000-0000-4000-8000-000000000002','e0201010-0000-4000-8000-000000000011','e0201020-0000-4000-8000-000000000012','DRIVING','MAPBOX','mapbox/driving','{"type":"LineString","coordinates":[[129.1604,35.1587],[129.1186,35.1531]]}',6200,840,0.9700,'a0000000-0000-4000-8000-000000000003'),
  ('f2000000-0000-4000-8000-000000000011','c0000000-0000-4000-8000-000000000002','e0202010-0000-4000-8000-000000000014','e0202020-0000-4000-8000-000000000015','DRIVING','MAPBOX','mapbox/driving','{"type":"LineString","coordinates":[[129.2217,35.2435],[129.0105,35.0966]]}',28400,2100,0.9300,'a0000000-0000-4000-8000-000000000006');

-- ============================================================
-- Trip 3: 강릉 바다 카페 투어
-- ============================================================
INSERT INTO itinerary.itinerary_days (id, trip_id, group_type, day_number, date, title, sort_order) VALUES
  ('d0301000-0000-4000-8000-000000000021','c0000000-0000-4000-8000-000000000003','DAY',1,'2026-08-01','경포대 & 안목 카페거리',0),
  ('d0302000-0000-4000-8000-000000000022','c0000000-0000-4000-8000-000000000003','DAY',2,'2026-08-02','정동진 & 강문해변',1);

INSERT INTO itinerary.itinerary_items (id, trip_id, itinerary_day_id, sort_order, item_type, place_provider, external_place_id, place_name, address, lat, lng, thumbnail_url, source_status, created_by_user_id) VALUES
  ('e0301010-0000-4000-8000-000000000021','c0000000-0000-4000-8000-000000000003','d0301000-0000-4000-8000-000000000021',0,'PLACE','KTO','18273645','안목 커피거리','강원특별자치도 강릉시 창해로14번길',37.7720,128.9470,'https://cdn.soomgil.test/pl/anmok.jpg','AVAILABLE','a0000000-0000-4000-8000-000000000004'),
  ('e0301020-0000-4000-8000-000000000022','c0000000-0000-4000-8000-000000000003','d0301000-0000-4000-8000-000000000021',1,'PLACE','KTO','28374658','경포대','강원특별자치도 강릉시 경포로 365',37.7954,128.9087,'https://cdn.soomgil.test/pl/gyeongpo.jpg','AVAILABLE','a0000000-0000-4000-8000-000000000007'),
  ('e0301030-0000-4000-8000-000000000023','c0000000-0000-4000-8000-000000000003','d0301000-0000-4000-8000-000000000021',2,'PLACE','KTO','38475869','토즈 커피','강원특별자치도 강릉시 안목해안로 106',37.7715,128.9465,'https://cdn.soomgil.test/pl/toz.jpg','AVAILABLE','a0000000-0000-4000-8000-000000000004'),
  ('e0302010-0000-4000-8000-000000000024','c0000000-0000-4000-8000-000000000003','d0302000-0000-4000-8000-000000000022',0,'PLACE','KTO','48586970','정동진 역','강원특별자치도 강릉시 강동면 정동진리',37.6905,129.0288,'https://cdn.soomgil.test/pl/jeongdongjin.jpg','AVAILABLE','a0000000-0000-4000-8000-000000000004'),
  ('e0302020-0000-4000-8000-000000000025','c0000000-0000-4000-8000-000000000003','d0302000-0000-4000-8000-000000000022',1,'PLACE','KTO','58697081','강문해변','강원특별자치도 강릉시 강문동',37.7836,128.9435,'https://cdn.soomgil.test/pl/gangmun.jpg','AVAILABLE','a0000000-0000-4000-8000-000000000012');

INSERT INTO itinerary.trip_routes (id, trip_id, origin_itinerary_item_id, destination_itinerary_item_id, mode, provider, provider_profile, geometry, distance_meters, duration_seconds, confidence, created_by_user_id) VALUES
  ('f2000000-0000-4000-8000-000000000020','c0000000-0000-4000-8000-000000000003','e0301010-0000-4000-8000-000000000021','e0301020-0000-4000-8000-000000000022','DRIVING','MAPBOX','mapbox/driving','{"type":"LineString","coordinates":[[128.9470,37.7720],[128.9087,37.7954]]}',5400,660,0.9600,'a0000000-0000-4000-8000-000000000004');

-- ============================================================
-- Trip 4: 경주 역사 탐방
-- ============================================================
INSERT INTO itinerary.itinerary_days (id, trip_id, group_type, day_number, date, title, sort_order) VALUES
  ('d0401000-0000-4000-8000-000000000031','c0000000-0000-4000-8000-000000000004','DAY',1,'2026-09-01','불국사 & 석굴암',0),
  ('d0402000-0000-4000-8000-000000000032','c0000000-0000-4000-8000-000000000004','DAY',2,'2026-09-02','대릉원 & 첨성대',1),
  ('d0403000-0000-4000-8000-000000000033','c0000000-0000-4000-8000-000000000004','DAY',3,'2026-09-03','보문관광단지',2);

INSERT INTO itinerary.itinerary_items (id, trip_id, itinerary_day_id, sort_order, item_type, place_provider, external_place_id, place_name, address, lat, lng, thumbnail_url, source_status, created_by_user_id) VALUES
  ('e0401010-0000-4000-8000-000000000031','c0000000-0000-4000-8000-000000000004','d0401000-0000-4000-8000-000000000031',0,'PLACE','KTO','11223344','불국사','경상북도 경주시 불국로 385',35.7897,129.3323,'https://cdn.soomgil.test/pl/bulguksa.jpg','AVAILABLE','a0000000-0000-4000-8000-000000000005'),
  ('e0401020-0000-4000-8000-000000000032','c0000000-0000-4000-8000-000000000004','d0401000-0000-4000-8000-000000000031',1,'PLACE','KTO','22334455','석굴암','경상북도 경주시 진현동',35.7949,129.3482,'https://cdn.soomgil.test/pl/seokguram.jpg','AVAILABLE','a0000000-0000-4000-8000-000000000008'),
  ('e0402010-0000-4000-8000-000000000033','c0000000-0000-4000-8000-000000000004','d0402000-0000-4000-8000-000000000032',0,'PLACE','KTO','33445566','대릉원','경상북도 경주시 황남동',35.8360,129.2240,'https://cdn.soomgil.test/pl/daereungwon.jpg','AVAILABLE','a0000000-0000-4000-8000-000000000005'),
  ('e0402020-0000-4000-8000-000000000034','c0000000-0000-4000-8000-000000000004','d0402000-0000-4000-8000-000000000032',1,'PLACE','KTO','44556677','첨성대','경상북도 경주시 인왕동',35.8347,129.2190,'https://cdn.soomgil.test/pl/cheomseongdae.jpg','AVAILABLE','a0000000-0000-4000-8000-000000000005'),
  ('e0403010-0000-4000-8000-000000000035','c0000000-0000-4000-8000-000000000004','d0403000-0000-4000-8000-000000000033',0,'PLACE','KTO','55667788','보문관광단지','경상북도 경주시 보문로',35.8393,129.3050,'https://cdn.soomgil.test/pl/bomun.jpg','AVAILABLE','a0000000-0000-4000-8000-000000000008');

INSERT INTO itinerary.trip_routes (id, trip_id, origin_itinerary_item_id, destination_itinerary_item_id, mode, provider, provider_profile, geometry, distance_meters, duration_seconds, confidence, created_by_user_id) VALUES
  ('f2000000-0000-4000-8000-000000000030','c0000000-0000-4000-8000-000000000004','e0401010-0000-4000-8000-000000000031','e0401020-0000-4000-8000-000000000032','DRIVING','MAPBOX','mapbox/driving','{"type":"LineString","coordinates":[[129.3323,35.7897],[129.3482,35.7949]]}',3200,480,0.9800,'a0000000-0000-4000-8000-000000000005');

-- ============================================================
-- Trip 5: 여수 밤바다 로맨틱
-- ============================================================
INSERT INTO itinerary.itinerary_days (id, trip_id, group_type, day_number, date, title, sort_order) VALUES
  ('d0501000-0000-4000-8000-000000000041','c0000000-0000-4000-8000-000000000005','DAY',1,'2026-08-15','여수 엑스포 & 케이블카',0),
  ('d0502000-0000-4000-8000-000000000042','c0000000-0000-4000-8000-000000000005','DAY',2,'2026-08-16','돌산도 & 향일암',1);

INSERT INTO itinerary.itinerary_items (id, trip_id, itinerary_day_id, sort_order, item_type, place_provider, external_place_id, place_name, address, lat, lng, thumbnail_url, source_status, created_by_user_id) VALUES
  ('e0501010-0000-4000-8000-000000000041','c0000000-0000-4000-8000-000000000005','d0501000-0000-4000-8000-000000000041',0,'PLACE','KTO','77889910','여수 엑스포공원','전라남도 여수시 엑스포대로 1',34.7950,127.5530,'https://cdn.soomgil.test/pl/expo.jpg','AVAILABLE','a0000000-0000-4000-8000-000000000006'),
  ('e0501020-0000-4000-8000-000000000042','c0000000-0000-4000-8000-000000000005','d0501000-0000-4000-8000-000000000041',1,'PLACE','KTO','88990011','여수 해상 케이블카','전라남도 여수시 돌산읍',34.7700,127.5450,'https://cdn.soomgil.test/pl/cablecar.jpg','AVAILABLE','a0000000-0000-4000-8000-000000000006'),
  ('e0502010-0000-4000-8000-000000000043','c0000000-0000-4000-8000-000000000005','d0502000-0000-4000-8000-000000000042',0,'PLACE','KTO','99001122','향일암','전라남도 여수시 돌산읍',34.7350,127.5100,'https://cdn.soomgil.test/pl/hyangilam.jpg','AVAILABLE','a0000000-0000-4000-8000-000000000013');

INSERT INTO itinerary.trip_routes (id, trip_id, origin_itinerary_item_id, destination_itinerary_item_id, mode, provider, provider_profile, geometry, distance_meters, duration_seconds, confidence, created_by_user_id) VALUES
  ('f2000000-0000-4000-8000-000000000040','c0000000-0000-4000-8000-000000000005','e0501010-0000-4000-8000-000000000041','e0501020-0000-4000-8000-000000000042','DRIVING','MAPBOX','mapbox/driving','{"type":"LineString","coordinates":[[127.5530,34.7950],[127.5450,34.7700]]}',3400,420,0.9500,'a0000000-0000-4000-8000-000000000006');

-- ============================================================
-- Trip 6: 속초·양양 서핑
-- ============================================================
INSERT INTO itinerary.itinerary_days (id, trip_id, group_type, day_number, date, title, sort_order) VALUES
  ('d0601000-0000-4000-8000-000000000051','c0000000-0000-4000-8000-000000000006','DAY',1,'2026-08-20','양양 서핑',0),
  ('d0602000-0000-4000-8000-000000000052','c0000000-0000-4000-8000-000000000006','DAY',2,'2026-08-21','속초 시장 & 설악산',1);

INSERT INTO itinerary.itinerary_items (id, trip_id, itinerary_day_id, sort_order, item_type, place_provider, external_place_id, place_name, address, lat, lng, thumbnail_url, source_status, created_by_user_id) VALUES
  ('e0601010-0000-4000-8000-000000000051','c0000000-0000-4000-8000-000000000006','d0601000-0000-4000-8000-000000000051',0,'PLACE','KTO','12131415','양양 해수욕장','강원특별자치도 양양군 현남면',38.0760,128.6360,'https://cdn.soomgil.test/pl/yangyang.jpg','AVAILABLE','a0000000-0000-4000-8000-000000000007'),
  ('e0601020-0000-4000-8000-000000000052','c0000000-0000-4000-8000-000000000006','d0601000-0000-4000-8000-000000000051',1,'PLACE','KTO','13141516','서피비치 양양','강원특별자치도 양양군 현남면 인구리',38.0730,128.6380,'https://cdn.soomgil.test/pl/surfbeach.jpg','AVAILABLE','a0000000-0000-4000-8000-000000000007'),
  ('e0602010-0000-4000-8000-000000000053','c0000000-0000-4000-8000-000000000006','d0602000-0000-4000-8000-000000000052',0,'PLACE','KTO','14151617','속초 중앙시장','강원특별자치도 속초시 중앙로',38.2075,128.5908,'https://cdn.soomgil.test/pl/sokcho.jpg','AVAILABLE','a0000000-0000-4000-8000-000000000009'),
  ('e0602020-0000-4000-8000-000000000054','c0000000-0000-4000-8000-000000000006','d0602000-0000-4000-8000-000000000052',1,'PLACE','KTO','15161718','설악산 국립공원','강원특별자치도 속초시 설악산로',38.1180,128.4470,'https://cdn.soomgil.test/pl/seorak.jpg','AVAILABLE','a0000000-0000-4000-8000-000000000011');

INSERT INTO itinerary.trip_routes (id, trip_id, origin_itinerary_item_id, destination_itinerary_item_id, mode, provider, provider_profile, geometry, distance_meters, duration_seconds, confidence, created_by_user_id) VALUES
  ('f2000000-0000-4000-8000-000000000050','c0000000-0000-4000-8000-000000000006','e0601010-0000-4000-8000-000000000051','e0601020-0000-4000-8000-000000000052','WALKING','MAPBOX','mapbox/walking','{"type":"LineString","coordinates":[[128.6360,38.0760],[128.6380,38.0730]]}',400,300,0.9900,'a0000000-0000-4000-8000-000000000007'),
  ('f2000000-0000-4000-8000-000000000051','c0000000-0000-4000-8000-000000000006','e0602010-0000-4000-8000-000000000053','e0602020-0000-4000-8000-000000000054','DRIVING','MAPBOX','mapbox/driving','{"type":"LineString","coordinates":[[128.5908,38.2075],[128.4470,38.1180]]}',19000,1500,0.9400,'a0000000-0000-4000-8000-000000000011');

-- ============================================================
-- Trip 7-22: Lighter itinerary (1-2 items each)
-- ============================================================

-- Trip 7: 전주 한옥마을 미식
INSERT INTO itinerary.itinerary_days (id, trip_id, group_type, day_number, date, title, sort_order) VALUES
  ('d0701000-0000-4000-8000-000000000061','c0000000-0000-4000-8000-000000000007','DAY',1,'2026-10-01','한옥마을 & 비빔밥',0);
INSERT INTO itinerary.itinerary_items (id, trip_id, itinerary_day_id, sort_order, item_type, place_provider, external_place_id, place_name, address, lat, lng, thumbnail_url, source_status, created_by_user_id) VALUES
  ('e0701010-0000-4000-8000-000000000061','c0000000-0000-4000-8000-000000000007','d0701000-0000-4000-8000-000000000061',0,'PLACE','KTO','16171819','전주 한옥마을','전북특별자치도 전주시 완산구 태조로',35.8150,127.1490,'https://cdn.soomgil.test/pl/hanok.jpg','AVAILABLE','a0000000-0000-4000-8000-000000000008'),
  ('e0701020-0000-4000-8000-000000000062','c0000000-0000-4000-8000-000000000007','d0701000-0000-4000-8000-000000000061',1,'PLACE','KTO','17181920','전주 비빔밥','전북특별자치도 전주시 완산구',35.8120,127.1500,'https://cdn.soomgil.test/pl/bibimbap.jpg','AVAILABLE','a0000000-0000-4000-8000-000000000014');

-- Trip 8: 거제·통영
INSERT INTO itinerary.itinerary_days (id, trip_id, group_type, day_number, date, title, sort_order) VALUES
  ('d0801000-0000-4000-8000-000000000071','c0000000-0000-4000-8000-000000000008','DAY',1,'2026-07-25','외도 & 해금강',0);
INSERT INTO itinerary.itinerary_items (id, trip_id, itinerary_day_id, sort_order, item_type, place_provider, external_place_id, place_name, address, lat, lng, thumbnail_url, source_status, created_by_user_id) VALUES
  ('e0801010-0000-4000-8000-000000000071','c0000000-0000-4000-8000-000000000008','d0801000-0000-4000-8000-000000000071',0,'PLACE','KTO','18192021','외도 보타니아','경상남도 거제시 일운면',34.7980,128.7050,'https://cdn.soomgil.test/pl/oedo.jpg','AVAILABLE','a0000000-0000-4000-8000-000000000009'),
  ('e0801020-0000-4000-8000-000000000072','c0000000-0000-4000-8000-000000000008','d0801000-0000-4000-8000-000000000071',1,'PLACE','KTO','19202122','통영 한산도','경상남도 통영시 한산면',34.7520,128.4500,'https://cdn.soomgil.test/pl/hansan.jpg','AVAILABLE','a0000000-0000-4000-8000-000000000015');

-- Trip 9: 서울 도심 힐링
INSERT INTO itinerary.itinerary_days (id, trip_id, group_type, day_number, date, title, sort_order) VALUES
  ('d0901000-0000-4000-8000-000000000081','c0000000-0000-4000-8000-000000000009','DAY',1,'2026-06-20','북촌 & 성곡길',0);
INSERT INTO itinerary.itinerary_items (id, trip_id, itinerary_day_id, sort_order, item_type, place_provider, external_place_id, place_name, address, lat, lng, thumbnail_url, source_status, created_by_user_id) VALUES
  ('e0901010-0000-4000-8000-000000000081','c0000000-0000-4000-8000-000000000009','d0901000-0000-4000-8000-000000000081',0,'PLACE','KTO','20212223','북촌 한옥마을','서울특별시 종로구 계동',37.5815,126.9850,'https://cdn.soomgil.test/pl/bukchon.jpg','AVAILABLE','a0000000-0000-4000-8000-000000000010'),
  ('e0901020-0000-4000-8000-000000000082','c0000000-0000-4000-8000-000000000009','d0901000-0000-4000-8000-000000000081',1,'PLACE','KTO','21222324','성수동 카페거리','서울특별시 성동구 성수동',37.5440,127.0560,'https://cdn.soomgil.test/pl/seongsu.jpg','AVAILABLE','a0000000-0000-4000-8000-000000000017');

-- Trip 10: 평창 스키
INSERT INTO itinerary.itinerary_days (id, trip_id, group_type, day_number, date, title, sort_order) VALUES
  ('d1001000-0000-4000-8000-000000000091','c0000000-0000-4000-8000-000000000010','DAY',1,'2026-01-10','용평스키장',0);
INSERT INTO itinerary.itinerary_items (id, trip_id, itinerary_day_id, sort_order, item_type, place_provider, external_place_id, place_name, address, lat, lng, thumbnail_url, source_status, created_by_user_id) VALUES
  ('e1001010-0000-4000-8000-000000000091','c0000000-0000-4000-8000-000000000010','d1001000-0000-4000-8000-000000000091',0,'PLACE','KTO','22232425','용평리조트','강원특별자치도 평창군 대관령면',37.6425,128.6650,'https://cdn.soomgil.test/pl/yongpyong.jpg','AVAILABLE','a0000000-0000-4000-8000-000000000011'),
  ('e1001020-0000-4000-8000-000000000092','c0000000-0000-4000-8000-000000000010','d1001000-0000-4000-8000-000000000091',1,'PLACE','KTO','23242526','대관령 양떼목장','강원특별자치도 평창군 대관령면',37.6880,128.7180,'https://cdn.soomgil.test/pl/sheep.jpg','AVAILABLE','a0000000-0000-4000-8000-000000000018');

-- Trip 11: 제주 워케이션
INSERT INTO itinerary.itinerary_days (id, trip_id, group_type, day_number, date, title, sort_order) VALUES
  ('d1101000-0000-4000-8000-000000000101','c0000000-0000-4000-8000-000000000011','DAY',1,'2026-09-10','서귀포 카페 워케이션',0),
  ('d1102000-0000-4000-8000-000000000102','c0000000-0000-4000-8000-000000000011','DAY',2,'2026-09-11','오설록 & 산방산',1);
INSERT INTO itinerary.itinerary_items (id, trip_id, itinerary_day_id, sort_order, item_type, place_provider, external_place_id, place_name, address, lat, lng, thumbnail_url, source_status, created_by_user_id) VALUES
  ('e1101010-0000-4000-8000-000000000101','c0000000-0000-4000-8000-000000000011','d1101000-0000-4000-8000-000000000101',0,'PLACE','KTO','24252627','오설록 뮤지엄','제주특별자치도 서귀포시 안덕면',33.2980,126.2890,'https://cdn.soomgil.test/pl/osulloc.jpg','AVAILABLE','a0000000-0000-4000-8000-000000000012'),
  ('e1101020-0000-4000-8000-000000000102','c0000000-0000-4000-8000-000000000011','d1101000-0000-4000-8000-000000000101',1,'PLACE','KTO','25262728','산방산','제주특별자치도 서귀포시 산방로',33.2410,126.3170,'https://cdn.soomgil.test/pl/sanbang.jpg','AVAILABLE','a0000000-0000-4000-8000-000000000012'),
  ('e1102010-0000-4000-8000-000000000103','c0000000-0000-4000-8000-000000000011','d1102000-0000-4000-8000-000000000102',0,'PLACE','KTO','26272829','중문 색달해수욕장','제주특별자치도 서귀포시 색달동',33.2470,126.4110,'https://cdn.soomgil.test/pl/jungmun.jpg','AVAILABLE','a0000000-0000-4000-8000-000000000012');

-- Trip 12: 담양
INSERT INTO itinerary.itinerary_days (id, trip_id, group_type, day_number, date, title, sort_order) VALUES
  ('d1201000-0000-4000-8000-000000000111','c0000000-0000-4000-8000-000000000012','DAY',1,'2026-06-15','죽녹원 & 메타세쿼이아',0);
INSERT INTO itinerary.itinerary_items (id, trip_id, itinerary_day_id, sort_order, item_type, place_provider, external_place_id, place_name, address, lat, lng, thumbnail_url, source_status, created_by_user_id) VALUES
  ('e1201010-0000-4000-8000-000000000111','c0000000-0000-4000-8000-000000000012','d1201000-0000-4000-8000-000000000111',0,'PLACE','KTO','27282930','죽녹원','전라남도 담양군 담양읍',35.3190,126.9890,'https://cdn.soomgil.test/pl/juknokwon.jpg','AVAILABLE','a0000000-0000-4000-8000-000000000013'),
  ('e1201020-0000-4000-8000-000000000112','c0000000-0000-4000-8000-000000000012','d1201000-0000-4000-8000-000000000111',1,'PLACE','KTO','28293031','메타세쿼이아 가로수길','전라남도 담양군 담양읍',35.3170,126.9950,'https://cdn.soomgil.test/pl/meta.jpg','AVAILABLE','a0000000-0000-4000-8000-000000000019');

-- Trip 13: 순천만
INSERT INTO itinerary.itinerary_days (id, trip_id, group_type, day_number, date, title, sort_order) VALUES
  ('d1301000-0000-4000-8000-000000000121','c0000000-0000-4000-8000-000000000013','DAY',1,'2026-10-20','순천만 습지 & 숲',0);
INSERT INTO itinerary.itinerary_items (id, trip_id, itinerary_day_id, sort_order, item_type, place_provider, external_place_id, place_name, address, lat, lng, thumbnail_url, source_status, created_by_user_id) VALUES
  ('e1301010-0000-4000-8000-000000000121','c0000000-0000-4000-8000-000000000013','d1301000-0000-4000-8000-000000000121',0,'PLACE','KTO','29303132','순천만 국가정원','전라남도 순천시 국가정원로',34.9500,127.4980,'https://cdn.soomgil.test/pl/suncheon.jpg','AVAILABLE','a0000000-0000-4000-8000-000000000014');

-- Trip 14: 가평
INSERT INTO itinerary.itinerary_days (id, trip_id, group_type, day_number, date, title, sort_order) VALUES
  ('d1401000-0000-4000-8000-000000000131','c0000000-0000-4000-8000-000000000014','DAY',1,'2026-06-22','청평호수 & 아침고요',0);
INSERT INTO itinerary.itinerary_items (id, trip_id, itinerary_day_id, sort_order, item_type, place_provider, external_place_id, place_name, address, lat, lng, thumbnail_url, source_status, created_by_user_id) VALUES
  ('e1401010-0000-4000-8000-000000000131','c0000000-0000-4000-8000-000000000014','d1401000-0000-4000-8000-000000000131',0,'PLACE','KTO','30313233','청평호수','경기도 가평군 청평면',37.7270,127.4290,'https://cdn.soomgil.test/pl/cheongpyeong.jpg','AVAILABLE','a0000000-0000-4000-8000-000000000015');

-- Trip 15: 부산 송정 카페
INSERT INTO itinerary.itinerary_days (id, trip_id, group_type, day_number, date, title, sort_order) VALUES
  ('d1501000-0000-4000-8000-000000000141','c0000000-0000-4000-8000-000000000015','DAY',1,'2026-08-05','송정 카페 & 다대포',0);
INSERT INTO itinerary.itinerary_items (id, trip_id, itinerary_day_id, sort_order, item_type, place_provider, external_place_id, place_name, address, lat, lng, thumbnail_url, source_status, created_by_user_id) VALUES
  ('e1501010-0000-4000-8000-000000000141','c0000000-0000-4000-8000-000000000015','d1501000-0000-4000-8000-000000000141',0,'PLACE','KTO','31323334','송정 해수욕장','부산광역시 기장군 송정동',35.1820,129.2000,'https://cdn.soomgil.test/pl/songjeong.jpg','AVAILABLE','a0000000-0000-4000-8000-000000000001');

-- Trip 16: 안동
INSERT INTO itinerary.itinerary_days (id, trip_id, group_type, day_number, date, title, sort_order) VALUES
  ('d1601000-0000-4000-8000-000000000151','c0000000-0000-4000-8000-000000000016','DAY',1,'2026-09-25','하회마을 & 도산서원',0);
INSERT INTO itinerary.itinerary_items (id, trip_id, itinerary_day_id, sort_order, item_type, place_provider, external_place_id, place_name, address, lat, lng, thumbnail_url, source_status, created_by_user_id) VALUES
  ('e1601010-0000-4000-8000-000000000151','c0000000-0000-4000-8000-000000000016','d1601000-0000-4000-8000-000000000151',0,'PLACE','KTO','32333435','하회마을','경상북도 안동시 풍천면',36.5340,128.5180,'https://cdn.soomgil.test/pl/hahoe.jpg','AVAILABLE','a0000000-0000-4000-8000-000000000017');

-- Trip 17: 보령
INSERT INTO itinerary.itinerary_days (id, trip_id, group_type, day_number, date, title, sort_order) VALUES
  ('d1701000-0000-4000-8000-000000000161','c0000000-0000-4000-8000-000000000017','DAY',1,'2026-07-15','머드축제 & 대천해수욕장',0);
INSERT INTO itinerary.itinerary_items (id, trip_id, itinerary_day_id, sort_order, item_type, place_provider, external_place_id, place_name, address, lat, lng, thumbnail_url, source_status, created_by_user_id) VALUES
  ('e1701010-0000-4000-8000-000000000161','c0000000-0000-4000-8000-000000000017','d1701000-0000-4000-8000-000000000161',0,'PLACE','KTO','33343536','대천해수욕장','충청남도 보령시 신흥동',36.3230,126.5140,'https://cdn.soomgil.test/pl/daecheon.jpg','AVAILABLE','a0000000-0000-4000-8000-000000000018');

-- Trip 18: 태안
INSERT INTO itinerary.itinerary_days (id, trip_id, group_type, day_number, date, title, sort_order) VALUES
  ('d1801000-0000-4000-8000-000000000171','c0000000-0000-4000-8000-000000000018','DAY',1,'2026-10-10','안면도 해변',0);
INSERT INTO itinerary.itinerary_items (id, trip_id, itinerary_day_id, sort_order, item_type, place_provider, external_place_id, place_name, address, lat, lng, thumbnail_url, source_status, created_by_user_id) VALUES
  ('e1801010-0000-4000-8000-000000000171','c0000000-0000-4000-8000-000000000018','d1801000-0000-4000-8000-000000000171',0,'PLACE','KTO','34353637','안면도 꽃지해수욕장','충청남도 태안군 안면읍',36.5570,126.3360,'https://cdn.soomgil.test/pl/anmyeon.jpg','AVAILABLE','a0000000-0000-4000-8000-000000000019');

-- Trip 19: 수원
INSERT INTO itinerary.itinerary_days (id, trip_id, group_type, day_number, date, title, sort_order) VALUES
  ('d1901000-0000-4000-8000-000000000181','c0000000-0000-4000-8000-000000000019','DAY',1,'2026-06-25','수원 화성 산책',0);
INSERT INTO itinerary.itinerary_items (id, trip_id, itinerary_day_id, sort_order, item_type, place_provider, external_place_id, place_name, address, lat, lng, thumbnail_url, source_status, created_by_user_id) VALUES
  ('e1901010-0000-4000-8000-000000000181','c0000000-0000-4000-8000-000000000019','d1901000-0000-4000-8000-000000000181',0,'PLACE','KTO','35363738','수원 화성','경기도 수원시 장안구',37.2850,127.0180,'https://cdn.soomgil.test/pl/hwaseong.jpg','AVAILABLE','a0000000-0000-4000-8000-000000000020');

-- Trip 20: 제주 동쪽
INSERT INTO itinerary.itinerary_days (id, trip_id, group_type, day_number, date, title, sort_order) VALUES
  ('d2001000-0000-4000-8000-000000000191','c0000000-0000-4000-8000-000000000020','DAY',1,'2026-08-28','함덕 & 김녕',0);
INSERT INTO itinerary.itinerary_items (id, trip_id, itinerary_day_id, sort_order, item_type, place_provider, external_place_id, place_name, address, lat, lng, thumbnail_url, source_status, created_by_user_id) VALUES
  ('e2001010-0000-4000-8000-000000000191','c0000000-0000-4000-8000-000000000020','d2001000-0000-4000-8000-000000000191',0,'PLACE','KTO','36373839','함덕 서귀포 카페거리','제주특별자치도 제주시 조천읍',33.5420,126.6710,'https://cdn.soomgil.test/pl/hamdok.jpg','AVAILABLE','a0000000-0000-4000-8000-000000000002'),
  ('e2001020-0000-4000-8000-000000000192','c0000000-0000-4000-8000-000000000020','d2001000-0000-4000-8000-000000000191',1,'PLACE','KTO','37383940','김녕 만굴굴','제주특별자치도 제주시 구좌읍',33.5180,126.7710,'https://cdn.soomgil.test/pl/gimnyeong.jpg','AVAILABLE','a0000000-0000-4000-8000-000000000005');

-- Trip 21: 강릉 커피축제
INSERT INTO itinerary.itinerary_days (id, trip_id, group_type, day_number, date, title, sort_order) VALUES
  ('d2101000-0000-4000-8000-000000000201','c0000000-0000-4000-8000-000000000021','DAY',1,'2026-10-05','강릉 커피축제',0);
INSERT INTO itinerary.itinerary_items (id, trip_id, itinerary_day_id, sort_order, item_type, place_provider, external_place_id, place_name, address, lat, lng, thumbnail_url, source_status, created_by_user_id) VALUES
  ('e2101010-0000-4000-8000-000000000201','c0000000-0000-4000-8000-000000000021','d2101000-0000-4000-8000-000000000201',0,'PLACE','KTO','38394041','강릉 커피축제장','강원특별자치도 강릉시 경포로',37.7950,128.9080,'https://cdn.soomgil.test/pl/coffeefest.jpg','AVAILABLE','a0000000-0000-4000-8000-000000000004');

-- Trip 22: 고창
INSERT INTO itinerary.itinerary_days (id, trip_id, group_type, day_number, date, title, sort_order) VALUES
  ('d2201000-0000-4000-8000-000000000211','c0000000-0000-4000-8000-000000000022','DAY',1,'2026-05-20','고창 보리밭 축제',0);
INSERT INTO itinerary.itinerary_items (id, trip_id, itinerary_day_id, sort_order, item_type, place_provider, external_place_id, place_name, address, lat, lng, thumbnail_url, source_status, created_by_user_id) VALUES
  ('e2201010-0000-4000-8000-000000000211','c0000000-0000-4000-8000-000000000022','d2201000-0000-4000-8000-000000000211',0,'PLACE','KTO','39404142','고창 보리밭축제','전북특별자치도 고창군 고창읍',35.4350,126.7020,'https://cdn.soomgil.test/pl/gochang.jpg','AVAILABLE','a0000000-0000-4000-8000-000000000013');

-- ============================================================
-- route_match_requests (sample)
-- ============================================================
INSERT INTO itinerary.route_match_requests (trip_id, trip_route_id, origin_itinerary_item_id, destination_itinerary_item_id, requested_by_user_id, provider, provider_profile, input_coordinates, radiuses, tidy, request_hash, status, confidence, distance_meters, duration_seconds, tracepoints, matchings_metadata, error_code, error_message, created_at, completed_at) VALUES
  ('c0000000-0000-4000-8000-000000000001','f2000000-0000-4000-8000-000000000001','e0101010-0000-4000-8000-000000000001','e0101020-0000-4000-8000-000000000002','a0000000-0000-4000-8000-000000000002','MAPBOX','mapbox/driving','[[126.4930,33.5069],[126.5400,33.5139]]','[15,15]',false,'hash001','SUCCEEDED',0.9800,5800,720,'{}','{"confidence":0.98}',NULL,NULL,'2026-06-01 12:00:00+09','2026-06-01 12:00:05+09'),
  ('c0000000-0000-4000-8000-000000000001','f2000000-0000-4000-8000-000000000002','e0101020-0000-4000-8000-000000000002','e0101030-0000-4000-8000-000000000003','a0000000-0000-4000-8000-000000000002','MAPBOX','mapbox/driving','[[126.5400,33.5139],[126.3500,33.2470]]','[25,25]',false,'hash002','SUCCEEDED',0.9500,38200,2400,'{}','{"confidence":0.95}',NULL,NULL,'2026-06-01 14:00:00+09','2026-06-01 14:00:08+09'),
  ('c0000000-0000-4000-8000-000000000006','f2000000-0000-4000-8000-000000000050','e0601010-0000-4000-8000-000000000051','e0601020-0000-4000-8000-000000000052','a0000000-0000-4000-8000-000000000007','MAPBOX','mapbox/walking','[[128.6360,38.0760],[128.6380,38.0730]]','[10,10]',false,'hash003','SUCCEEDED',0.9900,400,300,'{}','{"confidence":0.99}',NULL,NULL,'2026-06-02 09:00:00+09','2026-06-02 09:00:03+09');

COMMIT;

-- END dev-seeds/05_itinerary.sql

-- BEGIN dev-seeds/06_planning_chat.sql

-- ============================================================
-- 06_planning_chat.sql
-- planning.trip_notes, planning.checklists, planning.checklist_items,
-- planning.checklist_item_member_statuses, chat.trip_chat_messages
-- ============================================================

BEGIN;

-- ============================================================
-- Trip Notes (TRIP scope + DAY scope)
-- ============================================================
INSERT INTO planning.trip_notes (id, trip_id, scope_type, itinerary_day_id, content, created_by_user_id, updated_by_user_id) VALUES
  -- Trip 1
  ('1e000000-0000-4000-8000-000000000001','c0000000-0000-4000-8000-000000000001','TRIP',NULL,'제주도 3박 4일! 렌터카는 미리 예약하고, 일출봉은 새벽 5시 출발.','a0000000-0000-4000-8000-000000000002','a0000000-0000-4000-8000-000000000002'),
  ('1e000000-0000-4000-8000-000000000002','c0000000-0000-4000-8000-000000000001','DAY','d0101000-0000-4000-8000-000000000001','공항 도착 후 동문시장에서 저녁. 야시장 확인하기.','a0000000-0000-4000-8000-000000000002','a0000000-0000-4000-8000-000000000002'),
  ('1e000000-0000-4000-8000-000000000003','c0000000-0000-4000-8000-000000000001','DAY','d0102000-0000-4000-8000-000000000002','우도 가는 배는 성산포항에서. 왕복 티켓 미리 사기.','a0000000-0000-4000-8000-000000000007','a0000000-0000-4000-8000-000000000007'),
  -- Trip 2
  ('1e000000-0000-4000-8000-000000000010','c0000000-0000-4000-8000-000000000002','TRIP',NULL,'부산 가족여행. 아이들 챙길 것: 썬크림, 모자, 수영복.','a0000000-0000-4000-8000-000000000003','a0000000-0000-4000-8000-000000000003'),
  -- Trip 3
  ('1e000000-0000-4000-8000-000000000020','c0000000-0000-4000-8000-000000000003','TRIP',NULL,'강릉 카페 투어! 안목커피거리부터 시작. 커피 애호가 필수 코스.','a0000000-0000-4000-8000-000000000004','a0000000-0000-4000-8000-000000000004'),
  -- Trip 4
  ('1e000000-0000-4000-8000-000000000030','c0000000-0000-4000-8000-000000000004','TRIP',NULL,'경주 역사 탐방. 불국사 석굴암은 아침 일찍 가야 사람이 적음.','a0000000-0000-4000-8000-000000000005','a0000000-0000-4000-8000-000000000005'),
  -- Trip 5
  ('1e000000-0000-4000-8000-000000000040','c0000000-0000-4000-8000-000000000005','TRIP',NULL,'여수 로맨틱 데이트. 케이블카 일몰 시간 맞춰서.','a0000000-0000-4000-8000-000000000006','a0000000-0000-4000-8000-000000000006'),
  -- Trip 6
  ('1e000000-0000-4000-8000-000000000050','c0000000-0000-4000-8000-000000000006','TRIP',NULL,'서핑은 양양 서피비치! 웨트슈트 대여 가능. 아침 7시 서핑 예약.','a0000000-0000-4000-8000-000000000007','a0000000-0000-4000-8000-000000000007'),
  -- Trip 7
  ('1e000000-0000-4000-8000-000000000060','c0000000-0000-4000-8000-000000000007','TRIP',NULL,'전주 한옥마을 미식 투어. 비빔밥, 콩나물국밥, 핫도그 필수.','a0000000-0000-4000-8000-000000000008','a0000000-0000-4000-8000-000000000008'),
  -- Trip 8
  ('1e000000-0000-4000-8000-000000000070','c0000000-0000-4000-8000-000000000008','TRIP',NULL,'거제 외도 보타니아는 날씨 맑은 날 가야 함. 배편 미리 예약.','a0000000-0000-4000-8000-000000000009','a0000000-0000-4000-8000-000000000009'),
  -- Trip 9
  ('1e000000-0000-4000-8000-000000000080','c0000000-0000-4000-8000-000000000009','TRIP',NULL,'서울 도심 데이트. 북촌 한옥마을 → 성수동 카페거리.','a0000000-0000-4000-8000-000000000010','a0000000-0000-4000-8000-000000000010'),
  -- Trip 11
  ('1e000000-0000-4000-8000-000000000101','c0000000-0000-4000-8000-000000000011','TRIP',NULL,'제주 워케이션. 오전 작업, 오후 관광. 오설록 반드시.','a0000000-0000-4000-8000-000000000012','a0000000-0000-4000-8000-000000000012'),
  -- Trip 10
  ('1e000000-0000-4000-8000-000000000090','c0000000-0000-4000-8000-000000000010','TRIP',NULL,'평창 스키. 패스는 시즌권. 장비는 렌탈.','a0000000-0000-4000-8000-000000000011','a0000000-0000-4000-8000-000000000011');

-- ============================================================
-- Checklists
-- ============================================================
INSERT INTO planning.checklists (id, trip_id, scope_type, itinerary_day_id, title, created_by_user_id, updated_by_user_id) VALUES
  -- Trip 1 — TRIP scope checklist
  ('2e000000-0000-4000-8000-000000000001','c0000000-0000-4000-8000-000000000001','TRIP',NULL,'제주도 전체 준비물','a0000000-0000-4000-8000-000000000002','a0000000-0000-4000-8000-000000000002'),
  ('2e000000-0000-4000-8000-000000000002','c0000000-0000-4000-8000-000000000001','DAY','d0101000-0000-4000-8000-000000000001','Day 1 챙길 것','a0000000-0000-4000-8000-000000000002','a0000000-0000-4000-8000-000000000002'),
  ('2e000000-0000-4000-8000-000000000003','c0000000-0000-4000-8000-000000000001','DAY','d0104000-0000-4000-8000-000000000004','한라산 등반 준비','a0000000-0000-4000-8000-000000000004','a0000000-0000-4000-8000-000000000004'),
  -- Trip 2
  ('2e000000-0000-4000-8000-000000000010','c0000000-0000-4000-8000-000000000002','TRIP',NULL,'부산 가족여행 체크리스트','a0000000-0000-4000-8000-000000000003','a0000000-0000-4000-8000-000000000003'),
  -- Trip 4
  ('2e000000-0000-4000-8000-000000000030','c0000000-0000-4000-8000-000000000004','TRIP',NULL,'경주 여행 준비','a0000000-0000-4000-8000-000000000005','a0000000-0000-4000-8000-000000000005'),
  -- Trip 5
  ('2e000000-0000-4000-8000-000000000040','c0000000-0000-4000-8000-000000000005','TRIP',NULL,'여수 데이트 준비','a0000000-0000-4000-8000-000000000006','a0000000-0000-4000-8000-000000000006'),
  -- Trip 6
  ('2e000000-0000-4000-8000-000000000050','c0000000-0000-4000-8000-000000000006','TRIP',NULL,'서핑 장비 체크','a0000000-0000-4000-8000-000000000007','a0000000-0000-4000-8000-000000000007'),
  -- Trip 9
  ('2e000000-0000-4000-8000-000000000080','c0000000-0000-4000-8000-000000000009','TRIP',NULL,'서울 데이트 준비','a0000000-0000-4000-8000-000000000010','a0000000-0000-4000-8000-000000000010'),
  -- Trip 11
  ('2e000000-0000-4000-8000-000000000101','c0000000-0000-4000-8000-000000000011','TRIP',NULL,'워케이션 노트북/충전기','a0000000-0000-4000-8000-000000000012','a0000000-0000-4000-8000-000000000012');

-- ============================================================
-- Checklist Items
-- ============================================================
INSERT INTO planning.checklist_items (id, checklist_id, sort_order, content, created_by_user_id, updated_by_user_id) VALUES
  -- Trip 1 TRIP checklist
  ('3e000000-0000-4000-8000-000000000001','2e000000-0000-4000-8000-000000000001',0,'렌터카 예약',                 'a0000000-0000-4000-8000-000000000002','a0000000-0000-4000-8000-000000000002'),
  ('3e000000-0000-4000-8000-000000000002','2e000000-0000-4000-8000-000000000001',1,'숙소 예약 확인',               'a0000000-0000-4000-8000-000000000002','a0000000-0000-4000-8000-000000000002'),
  ('3e000000-0000-4000-8000-000000000003','2e000000-0000-4000-8000-000000000001',2,'썬크림',                       'a0000000-0000-4000-8000-000000000002','a0000000-0000-4000-8000-000000000002'),
  ('3e000000-0000-4000-8000-000000000004','2e000000-0000-4000-8000-000000000001',3,'비치타월',                     'a0000000-0000-4000-8000-000000000002','a0000000-0000-4000-8000-000000000002'),
  ('3e000000-0000-4000-8000-000000000005','2e000000-0000-4000-8000-000000000001',4,'우산',                         'a0000000-0000-4000-8000-000000000002','a0000000-0000-4000-8000-000000000002'),
  ('3e000000-0000-4000-8000-000000000006','2e000000-0000-4000-8000-000000000001',5,'보조배터리',                   'a0000000-0000-4000-8000-000000000002','a0000000-0000-4000-8000-000000000002'),
  -- Trip 1 Day 1 checklist
  ('3e000000-0000-4000-8000-000000000010','2e000000-0000-4000-8000-000000000002',0,'공항 픽업 카니발 확인',        'a0000000-0000-4000-8000-000000000002','a0000000-0000-4000-8000-000000000002'),
  ('3e000000-0000-4000-8000-000000000011','2e000000-0000-4000-8000-000000000002',1,'동문시장 야시장 영업 확인',    'a0000000-0000-4000-8000-000000000002','a0000000-0000-4000-8000-000000000002'),
  -- Trip 1 Day 4 한라산 checklist
  ('3e000000-0000-4000-8000-000000000020','2e000000-0000-4000-8000-000000000003',0,'등산화',                       'a0000000-0000-4000-8000-000000000004','a0000000-0000-4000-8000-000000000004'),
  ('3e000000-0000-4000-8000-000000000021','2e000000-0000-4000-8000-000000000003',1,'바람막이',                     'a0000000-0000-4000-8000-000000000004','a0000000-0000-4000-8000-000000000004'),
  ('3e000000-0000-4000-8000-000000000022','2e000000-0000-4000-8000-000000000003',2,'물 2L',                        'a0000000-0000-4000-8000-000000000004','a0000000-0000-4000-8000-000000000004'),
  ('3e000000-0000-4000-8000-000000000023','2e000000-0000-4000-8000-000000000003',3,'간식(초콜릿)',                 'a0000000-0000-4000-8000-000000000004','a0000000-0000-4000-8000-000000000004'),
  -- Trip 2 checklist
  ('3e000000-0000-4000-8000-000000000030','2e000000-0000-4000-8000-000000000010',0,'아이 수영복',                  'a0000000-0000-4000-8000-000000000003','a0000000-0000-4000-8000-000000000003'),
  ('3e000000-0000-4000-8000-000000000031','2e000000-0000-4000-8000-000000000010',1,'구명조끼',                     'a0000000-0000-4000-8000-000000000003','a0000000-0000-4000-8000-000000000003'),
  ('3e000000-0000-4000-8000-000000000032','2e000000-0000-4000-8000-000000000010',2,'부채',                         'a0000000-0000-4000-8000-000000000003','a0000000-0000-4000-8000-000000000003'),
  -- Trip 4 checklist
  ('3e000000-0000-4000-8000-000000000040','2e000000-0000-4000-8000-000000000030',0,'편한 신발',                    'a0000000-0000-4000-8000-000000000005','a0000000-0000-4000-8000-000000000005'),
  ('3e000000-0000-4000-8000-000000000041','2e000000-0000-4000-8000-000000000030',1,'모자',                         'a0000000-0000-4000-8000-000000000005','a0000000-0000-4000-8000-000000000005'),
  -- Trip 5 checklist
  ('3e000000-0000-4000-8000-000000000050','2e000000-0000-4000-8000-000000000040',0,'예쁜 옷',                      'a0000000-0000-4000-8000-000000000006','a0000000-0000-4000-8000-000000000006'),
  ('3e000000-0000-4000-8000-000000000051','2e000000-0000-4000-8000-000000000040',1,'카메라',                       'a0000000-0000-4000-8000-000000000006','a0000000-0000-4000-8000-000000000006'),
  -- Trip 6 checklist
  ('3e000000-0000-4000-8000-000000000060','2e000000-0000-4000-8000-000000000050',0,'웨트슈트 대여 확인',           'a0000000-0000-4000-8000-000000000007','a0000000-0000-4000-8000-000000000007'),
  ('3e000000-0000-4000-8000-000000000061','2e000000-0000-4000-8000-000000000050',1,'서핑 보드 왁싱',               'a0000000-0000-4000-8000-000000000007','a0000000-0000-4000-8000-000000000007'),
  -- Trip 9 checklist
  ('3e000000-0000-4000-8000-000000000080','2e000000-0000-4000-8000-000000000080',0,'예약된 식당 확인',             'a0000000-0000-4000-8000-000000000010','a0000000-0000-4000-8000-000000000010');

-- ============================================================
-- Checklist Item Member Statuses (per-member completion)
-- ============================================================
INSERT INTO planning.checklist_item_member_statuses (checklist_item_id, user_id, is_completed, completed_at, updated_by_user_id) VALUES
  -- Trip 1 items (members: u02 OWNER, u01, u04, u07)
  ('3e000000-0000-4000-8000-000000000001','a0000000-0000-4000-8000-000000000002',true, '2026-06-05 10:00:00+09','a0000000-0000-4000-8000-000000000002'),
  ('3e000000-0000-4000-8000-000000000001','a0000000-0000-4000-8000-000000000001',false,NULL,'a0000000-0000-4000-8000-000000000001'),
  ('3e000000-0000-4000-8000-000000000002','a0000000-0000-4000-8000-000000000002',true, '2026-06-04 14:00:00+09','a0000000-0000-4000-8000-000000000002'),
  ('3e000000-0000-4000-8000-000000000002','a0000000-0000-4000-8000-000000000004',true, '2026-06-04 15:00:00+09','a0000000-0000-4000-8000-000000000004'),
  ('3e000000-0000-4000-8000-000000000003','a0000000-0000-4000-8000-000000000002',true, '2026-06-06 09:00:00+09','a0000000-0000-4000-8000-000000000002'),
  ('3e000000-0000-4000-8000-000000000003','a0000000-0000-4000-8000-000000000007',false,NULL,'a0000000-0000-4000-8000-000000000007'),
  ('3e000000-0000-4000-8000-000000000004','a0000000-0000-4000-8000-000000000002',false,NULL,'a0000000-0000-4000-8000-000000000002'),
  ('3e000000-0000-4000-8000-000000000004','a0000000-0000-4000-8000-000000000001',false,NULL,'a0000000-0000-4000-8000-000000000001'),
  ('3e000000-0000-4000-8000-000000000005','a0000000-0000-4000-8000-000000000004',true, '2026-06-05 11:00:00+09','a0000000-0000-4000-8000-000000000004'),
  ('3e000000-0000-4000-8000-000000000006','a0000000-0000-4000-8000-000000000007',true, '2026-06-06 16:00:00+09','a0000000-0000-4000-8000-000000000007'),
  ('3e000000-0000-4000-8000-000000000010','a0000000-0000-4000-8000-000000000002',true, '2026-06-30 08:00:00+09','a0000000-0000-4000-8000-000000000002'),
  ('3e000000-0000-4000-8000-000000000020','a0000000-0000-4000-8000-000000000004',false,NULL,'a0000000-0000-4000-8000-000000000004'),
  ('3e000000-0000-4000-8000-000000000021','a0000000-0000-4000-8000-000000000002',true, '2026-06-30 20:00:00+09','a0000000-0000-4000-8000-000000000002'),
  ('3e000000-0000-4000-8000-000000000030','a0000000-0000-4000-8000-000000000003',true, '2026-07-01 09:00:00+09','a0000000-0000-4000-8000-000000000003'),
  ('3e000000-0000-4000-8000-000000000030','a0000000-0000-4000-8000-000000000006',true, '2026-07-01 09:30:00+09','a0000000-0000-4000-8000-000000000006'),
  ('3e000000-0000-4000-8000-000000000031','a0000000-0000-4000-8000-000000000003',false,NULL,'a0000000-0000-4000-8000-000000000003'),
  ('3e000000-0000-4000-8000-000000000040','a0000000-0000-4000-8000-000000000005',true, '2026-08-20 10:00:00+09','a0000000-0000-4000-8000-000000000005'),
  ('3e000000-0000-4000-8000-000000000050','a0000000-0000-4000-8000-000000000006',false,NULL,'a0000000-0000-4000-8000-000000000006'),
  ('3e000000-0000-4000-8000-000000000060','a0000000-0000-4000-8000-000000000007',true, '2026-08-15 07:00:00+09','a0000000-0000-4000-8000-000000000007'),
  ('3e000000-0000-4000-8000-000000000061','a0000000-0000-4000-8000-000000000007',false,NULL,'a0000000-0000-4000-8000-000000000007'),
  ('3e000000-0000-4000-8000-000000000080','a0000000-0000-4000-8000-000000000010',true, '2026-06-18 12:00:00+09','a0000000-0000-4000-8000-000000000010')
ON CONFLICT (checklist_item_id, user_id) DO NOTHING;

-- ============================================================
-- Trip Chat Messages (15+ per active trip)
-- ============================================================
INSERT INTO chat.trip_chat_messages (id, trip_id, sender_user_id, content, created_at) VALUES
  -- Trip 1
  ('5e000000-0000-4000-8000-000000000001','c0000000-0000-4000-8000-000000000001','a0000000-0000-4000-8000-000000000002','다들 제주 공항 몇 시에 도착해?',                  '2026-06-01 10:00:00+09'),
  ('5e000000-0000-4000-8000-000000000002','c0000000-0000-4000-8000-000000000001','a0000000-0000-4000-8000-000000000001','나는 11시 30분 도착이야',                              '2026-06-01 10:01:00+09'),
  ('5e000000-0000-4000-8000-000000000003','c0000000-0000-4000-8000-000000000001','a0000000-0000-4000-8000-000000000004','나는 12시! 점심 같이 먹자',                            '2026-06-01 10:02:00+09'),
  ('5e000000-0000-4000-8000-000000000004','c0000000-0000-4000-8000-000000000001','a0000000-0000-4000-8000-000000000007','나도 12시 도착. 동문시장에서 만나!',                   '2026-06-01 10:03:00+09'),
  ('5e000000-0000-4000-8000-000000000005','c0000000-0000-4000-8000-000000000001','a0000000-0000-4000-8000-000000000002','좋아! 렌터카는 내가 픽업할게',                          '2026-06-01 10:05:00+09'),
  ('5e000000-0000-4000-8000-000000000006','c0000000-0000-4000-8000-000000000001','a0000000-0000-4000-8000-000000000001','우도 배편 미리 예매하자',                               '2026-06-02 09:00:00+09'),
  ('5e000000-0000-4000-8000-000000000007','c0000000-0000-4000-8000-000000000001','a0000000-0000-4000-8000-000000000002','오 성산포항 9시 배로 예약 완료!',                       '2026-06-02 09:10:00+09'),
  ('5e000000-0000-4000-8000-000000000008','c0000000-0000-4000-8000-000000000001','a0000000-0000-4000-8000-000000000004','우도 자전거 빌려서 한 바퀴 돌자',                       '2026-06-02 09:30:00+09'),
  ('5e000000-0000-4000-8000-000000000009','c0000000-0000-4000-8000-000000000001','a0000000-0000-4000-8000-000000000007','일출봉 새벽에 갈 사람?',                                '2026-06-02 20:00:00+09'),
  ('5e000000-0000-4000-8000-000000000010','c0000000-0000-4000-8000-000000000001','a0000000-0000-4000-8000-000000000001','나 간다! 5시 출발',                                     '2026-06-02 20:05:00+09'),
  ('5e000000-0000-4000-8000-000000000011','c0000000-0000-4000-8000-000000000001','a0000000-0000-4000-8000-000000000002','나도!! 커피 챙겨갈게',                                  '2026-06-02 20:06:00+09'),
  ('5e000000-0000-4000-8000-000000000012','c0000000-0000-4000-8000-000000000001','a0000000-0000-4000-8000-000000000004','한라산은 관음사 코스로 갈까? 성판악 코스?',            '2026-06-03 18:00:00+09'),
  ('5e000000-0000-4000-8000-000000000013','c0000000-0000-4000-8000-000000000001','a0000000-0000-4000-8000-000000000002','성판악이 더 빠르긴 한데 관음사가 경치가 좋아',         '2026-06-03 18:10:00+09'),
  ('5e000000-0000-4000-8000-000000000014','c0000000-0000-4000-8000-000000000001','a0000000-0000-4000-8000-000000000007','관음사로 가자! 왕복 5시간 예상',                        '2026-06-03 18:15:00+09'),
  ('5e000000-0000-4000-8000-000000000015','c0000000-0000-4000-8000-000000000001','a0000000-0000-4000-8000-000000000001','오케이 새벽 6시 출발 ㄱㄱ',                             '2026-06-03 18:20:00+09'),
  -- Trip 2
  ('5e000000-0000-4000-8000-000000000020','c0000000-0000-4000-8000-000000000002','a0000000-0000-4000-8000-000000000003','부산가족여행 가기 전에 숙소 확인했어?',                '2026-07-08 19:00:00+09'),
  ('5e000000-0000-4000-8000-000000000021','c0000000-0000-4000-8000-000000000002','a0000000-0000-4000-8000-000000000006','해운대 쪽 게스트하우스 예약했어',                       '2026-07-08 19:05:00+09'),
  ('5e000000-0000-4000-8000-000000000022','c0000000-0000-4000-8000-000000000002','a0000000-0000-4000-8000-000000000010','아이들 바다 들어가도 되나요? 수온 괜찮으려나',          '2026-07-08 20:00:00+09'),
  ('5e000000-0000-4000-8000-000000000023','c0000000-0000-4000-8000-000000000002','a0000000-0000-4000-8000-000000000003','해운대 튜브 대여 가능해요. 걱정 마세요!',              '2026-07-08 20:10:00+09'),
  -- Trip 3
  ('5e000000-0000-4000-8000-000000000030','c0000000-0000-4000-8000-000000000003','a0000000-0000-4000-8000-000000000004','강릉 커피 투어! 안목거리부터 갈까?',                   '2026-07-28 09:00:00+09'),
  ('5e000000-0000-4000-8000-000000000031','c0000000-0000-4000-8000-000000000003','a0000000-0000-4000-8000-000000000007','토즈 커피 꼭 가고 싶었는데!!',                          '2026-07-28 09:05:00+09'),
  ('5e000000-0000-4000-8000-000000000032','c0000000-0000-4000-8000-000000000003','a0000000-0000-4000-8000-000000000012','정동진 일출 보러 갈 사람?',                              '2026-07-28 18:00:00+09'),
  -- Trip 4
  ('5e000000-0000-4000-8000-000000000040','c0000000-0000-4000-8000-000000000004','a0000000-0000-4000-8000-000000000005','경주 가면 불국사는 새벽에 가야 사람이 없대',           '2026-08-25 10:00:00+09'),
  ('5e000000-0000-4000-8000-000000000041','c0000000-0000-4000-8000-000000000004','a0000000-0000-4000-8000-000000000008','첨성대 야경도 유명하더라',                              '2026-08-25 10:10:00+09'),
  -- Trip 6
  ('5e000000-0000-4000-8000-000000000050','c0000000-0000-4000-8000-000000000006','a0000000-0000-4000-8000-000000000007','서핑은 아침 7시 예약했어!',                            '2026-08-15 22:00:00+09'),
  ('5e000000-0000-4000-8000-000000000051','c0000000-0000-4000-8000-000000000006','a0000000-0000-4000-8000-000000000009','알겠어 6시에 일어나자',                                 '2026-08-15 22:05:00+09'),
  ('5e000000-0000-4000-8000-000000000052','c0000000-0000-4000-8000-000000000006','a0000000-0000-4000-8000-000000000011','속초 중앙시장에서 저녁 먹자. 닭강정!',                  '2026-08-16 15:00:00+09'),
  -- Trip 9
  ('5e000000-0000-4000-8000-000000000060','c0000000-0000-4000-8000-000000000009','a0000000-0000-4000-8000-000000000010','북촌 한옥마을 사진 찍고 성수동 카페로 이동!',          '2026-06-18 11:00:00+09'),
  ('5e000000-0000-4000-8000-000000000061','c0000000-0000-4000-8000-000000000009','a0000000-0000-4000-8000-000000000017','성수동 카페 예약 완료!',                                '2026-06-18 11:05:00+09');

COMMIT;

-- END dev-seeds/06_planning_chat.sql

-- BEGIN dev-seeds/08_ai.sql

-- ============================================================
-- 08_ai.sql
-- ai.ai_chat_sessions, ai.ai_chat_messages, ai.ai_tool_calls
-- ============================================================

BEGIN;

-- ============================================================
-- AI Chat Sessions (one per trip, unique)
-- ============================================================
INSERT INTO ai.ai_chat_sessions (id, trip_id, status, summary, summary_updated_at, expires_at) VALUES
  ('9e000000-0000-4000-8000-000000000001','c0000000-0000-4000-8000-000000000001','ACTIVE','제주도 3박4일 일정 최적화 — 일출봉/우도/한라산 코스 확정','2026-06-03 12:00:00+09','2026-08-01 00:00:00+09'),
  ('9e000000-0000-4000-8000-000000000002','c0000000-0000-4000-8000-000000000002','ACTIVE','부산 가족여행 아이 친화 코스 추천','2026-07-05 15:00:00+09','2026-09-01 00:00:00+09'),
  ('9e000000-0000-4000-8000-000000000003','c0000000-0000-4000-8000-000000000003','ACTIVE','강릉 카페 투어 — 로스터리 위주 추천','2026-07-30 10:00:00+09','2026-09-15 00:00:00+09'),
  ('9e000000-0000-4000-8000-000000000004','c0000000-0000-4000-8000-000000000006','ACTIVE','양양 서핑 + 속초 먹거리 코스','2026-08-16 18:00:00+09','2026-10-01 00:00:00+09'),
  ('9e000000-0000-4000-8000-000000000005','c0000000-0000-4000-8000-000000000011','ACTIVE','제주 워케이션 카페/작업공간 추천','2026-09-05 14:00:00+09','2026-11-01 00:00:00+09')
ON CONFLICT (id) DO NOTHING;

-- ============================================================
-- AI Chat Messages
-- ============================================================
INSERT INTO ai.ai_chat_messages (id, session_id, requester_user_id, role, content, tool_call_id, metadata, created_at) VALUES
  -- Session 1 (제주)
  ('a1000000-0000-4000-8000-000000000001','9e000000-0000-4000-8000-000000000001','a0000000-0000-4000-8000-000000000002','USER','제주 3박4일인데 일출 명소랑 해변 위주로 일정 짜줘',NULL,NULL,'2026-06-01 20:00:00+09'),
  ('a1000000-0000-4000-8000-000000000002','9e000000-0000-4000-8000-000000000001','a0000000-0000-4000-8000-000000000002','ASSISTANT','성산일출봉, 우도, 정방폭포, 한라산을 추천드립니다. 각각의 매력은...',NULL,'{"model":"claude-sonnet-4-6"}','2026-06-01 20:00:05+09'),
  ('a1000000-0000-4000-8000-000000000003','9e000000-0000-4000-8000-000000000001','a0000000-0000-4000-8000-000000000002','USER','한라산은 관음사 코스로 가고싶어',NULL,NULL,'2026-06-01 20:05:00+09'),
  ('a1000000-0000-4000-8000-000000000004','9e000000-0000-4000-8000-000000000001','a0000000-0000-4000-8000-000000000002','ASSISTANT','관음사 코스는 왕복 약 8.8km로 경사가 완만해 가족과 가기 좋습니다. 출발은 새벽 6시를 권장합니다.',NULL,NULL,'2026-06-01 20:05:08+09'),
  ('a1000000-0000-4000-8000-000000000005','9e000000-0000-4000-8000-000000000001','a0000000-0000-4000-8000-000000000002','USER','Day 4에 한라산 일정 추가해줘',NULL,NULL,'2026-06-03 11:50:00+09'),
  ('a1000000-0000-4000-8000-000000000006','9e000000-0000-4000-8000-000000000001','a0000000-0000-4000-8000-000000000002','ASSISTANT','한라산(관음사 코스)을 Day 4에 추가했습니다.',NULL,'{"tool_executed":true}','2026-06-03 11:50:10+09'),
  -- Session 2 (부산)
  ('a1000000-0000-4000-8000-000000000010','9e000000-0000-4000-8000-000000000002','a0000000-0000-4000-8000-000000000003','USER','아이 5살인데 부산에서 갈 만한 곳 추천해줘',NULL,NULL,'2026-07-02 19:00:00+09'),
  ('a1000000-0000-4000-8000-000000000011','9e000000-0000-4000-8000-000000000002','a0000000-0000-4000-8000-000000000003','ASSISTANT','해운대 해수욕장, 더베이101, 기장 동백섬을 추천합니다. 아이 친화적입니다.',NULL,NULL,'2026-07-02 19:00:07+09'),
  -- Session 3 (강릉)
  ('a1000000-0000-4000-8000-000000000020','9e000000-0000-4000-8000-000000000003','a0000000-0000-4000-8000-000000000004','USER','강릉 로스터리 카페 TOP 3만 추천해줘',NULL,NULL,'2026-07-28 20:00:00+09'),
  ('a1000000-0000-4000-8000-000000000021','9e000000-0000-4000-8000-000000000003','a0000000-0000-4000-8000-000000000004','ASSISTANT','안목커피거리의 토즈, 로스터리 더하기(가명), 경포 호수 카페를 추천합니다.',NULL,NULL,'2026-07-28 20:00:06+09'),
  -- Session 4 (양양)
  ('a1000000-0000-4000-8000-000000000030','9e000000-0000-4000-8000-000000000004','a0000000-0000-4000-8000-000000000007','USER','양양 초보자 서핑 스팟 알려줘',NULL,NULL,'2026-08-14 22:00:00+09'),
  ('a1000000-0000-4000-8000-000000000031','9e000000-0000-4000-8000-000000000004','a0000000-0000-4000-8000-000000000007','ASSISTANT','서피비치 양양이 초보자에게 가장 적합합니다. 수심이 얕고 파도가 부드럽습니다.',NULL,NULL,'2026-08-14 22:00:05+09'),
  -- Session 5 (워케이션)
  ('a1000000-0000-4000-8000-000000000040','9e000000-0000-4000-8000-000000000005','a0000000-0000-4000-8000-000000000012','USER','제주 서귀포에서 조용히 작업할 수 있는 카페 찾아줘',NULL,NULL,'2026-09-03 09:00:00+09'),
  ('a1000000-0000-4000-8000-000000000041','9e000000-0000-4000-8000-000000000005','a0000000-0000-4000-8000-000000000012','ASSISTANT','오설록 뮤지엄, 서귀포 카페거리 일대를 추천합니다. 와이파이가 안정적입니다.',NULL,NULL,'2026-09-03 09:00:06+09')
ON CONFLICT (id) DO NOTHING;

-- ============================================================
-- AI Tool Calls
-- ============================================================
INSERT INTO ai.ai_tool_calls (id, session_id, trip_id, request_message_id, result_message_id, requested_by_user_id, websocket_session_id, tool_name, execution_policy, arguments, result, status, version_before, version_after, undo_redo_available, undo_command, redo_command, created_at, completed_at) VALUES
  ('b1000000-0000-4000-8000-000000000001','9e000000-0000-4000-8000-000000000001','c0000000-0000-4000-8000-000000000001',
   'a1000000-0000-4000-8000-000000000005','a1000000-0000-4000-8000-000000000006',
   'a0000000-0000-4000-8000-000000000002','ws_session_001',
   'add_itinerary_item','REVERSIBLE_WRITE',
   '{"day_id":"d0104000-0000-4000-8000-000000000004","place_name":"한라산 국립공원","lat":33.3617,"lng":126.5330,"sort_order":0}',
   '{"item_id":"e0104010-0000-4000-8000-000000000008","success":true}','SUCCEEDED',
   6,7,true,
   '{"action":"remove_itinerary_item","item_id":"e0104010-0000-4000-8000-000000000008"}',
   '{"action":"add_itinerary_item","item_id":"e0104010-0000-4000-8000-000000000008"}',
   '2026-06-03 11:50:08+09','2026-06-03 11:50:10+09'),
  ('b1000000-0000-4000-8000-000000000002','9e000000-0000-4000-8000-000000000001','c0000000-0000-4000-8000-000000000001',
   NULL,NULL,
   'a0000000-0000-4000-8000-000000000002','ws_session_002',
   'search_places','READ',
   '{"query":"제주 해변 카페","tags":["ocean-cafe"]}',
   '{"results":[{"place_name":"까사 빛나는 오브렐"}]}','SUCCEEDED',
   7,7,false,NULL,NULL,
   '2026-06-03 12:00:00+09','2026-06-03 12:00:02+09'),
  ('b1000000-0000-4000-8000-000000000003','9e000000-0000-4000-8000-000000000002','c0000000-0000-4000-8000-000000000002',
   NULL,NULL,
   'a0000000-0000-4000-8000-000000000003','ws_session_003',
   'search_places','READ',
   '{"query":"부산 아이 친화","tags":["beach-rest"]}',
   '{"results":[{"place_name":"해운대 해수욕장"}]}','SUCCEEDED',
   4,4,false,NULL,NULL,
   '2026-07-02 19:00:03+09','2026-07-02 19:00:05+09');

COMMIT;

-- END dev-seeds/08_ai.sql

-- BEGIN dev-seeds/09_record.sql

-- ============================================================
-- 09_record.sql
-- record.trip_record_entries + record.trip_record_media
-- ============================================================

BEGIN;

-- ============================================================
-- Trip Record Entries (12+ entries)
-- ============================================================
INSERT INTO record.trip_record_entries (id, trip_id, itinerary_day_id, itinerary_item_id, uploaded_by_user_id, title, caption, location_name, lat, lng, taken_at, visibility, status) VALUES
  -- Trip 1 (제주)
  ('c1e00000-0000-4000-8000-000000000001','c0000000-0000-4000-8000-000000000001','d0102000-0000-4000-8000-000000000002','e0102010-0000-4000-8000-000000000004','a0000000-0000-4000-8000-000000000002','성산일출봉 일출','새벽 5시에 올라간 일출. 잊지 못할 감동!','성산일출봉',33.4584,126.9418,'2026-07-02 05:30:00+09','TRIP_MEMBERS','ACTIVE'),
  ('c1e00000-0000-4000-8000-000000000002','c0000000-0000-4000-8000-000000000001','d0102000-0000-4000-8000-000000000002','e0102020-0000-4000-8000-000000000005','a0000000-0000-4000-8000-000000000007','우도 자전거 데이트','우도 한 바퀴 자전거로 돌았어요!','우도',33.4960,126.9520,'2026-07-02 14:00:00+09','TRIP_MEMBERS','ACTIVE'),
  ('c1e00000-0000-4000-8000-000000000003','c0000000-0000-4000-8000-000000000001','d0103000-0000-4000-8000-000000000003','e0103010-0000-4000-8000-000000000006','a0000000-0000-4000-8000-000000000004','정방폭포','바다로 직접 떨어지는 폭포. 장관!','정방폭포',33.2385,126.4030,'2026-07-03 11:00:00+09','TRIP_MEMBERS','ACTIVE'),
  ('c1e00000-0000-4000-8000-000000000004','c0000000-0000-4000-8000-000000000001','d0104000-0000-4000-8000-000000000004','e0104010-0000-4000-8000-000000000008','a0000000-0000-4000-8000-000000000002','한라산 정상','드디어 정상! 구름 위의 느낌','한라산 백록담',33.3617,126.5330,'2026-07-04 13:00:00+09','TRIP_MEMBERS','ACTIVE'),
  ('c1e00000-0000-4000-8000-000000000005','c0000000-0000-4000-8000-000000000001','d0101000-0000-4000-8000-000000000001','e0101030-0000-4000-8000-000000000003','a0000000-0000-4000-8000-000000000002','오브렐 노을 카페','오션뷰 + 노을 = 인생샷','까사 빛나는 오브렐',33.2470,126.3500,'2026-07-01 18:30:00+09','TRIP_MEMBERS','ACTIVE'),
  -- Trip 2 (부산)
  ('c1e00000-0000-4000-8000-000000000010','c0000000-0000-4000-8000-000000000002','d0201000-0000-4000-8000-000000000011','e0201010-0000-4000-8000-000000000011','a0000000-0000-4000-8000-000000000003','해운대 가족 사진','아이들이 신나서 바다로 뛰어듦!','해운대 해수욕장',35.1587,129.1604,'2026-07-10 15:00:00+09','TRIP_MEMBERS','ACTIVE'),
  ('c1e00000-0000-4000-8000-000000000011','c0000000-0000-4000-8000-000000000002','d0201000-0000-4000-8000-000000000011','e0201020-0000-4000-8000-000000000012','a0000000-0000-4000-8000-000000000006','광안리 야경','광안대교 야경은 진짜 최고','광안리 해수욕장',35.1531,129.1186,'2026-07-10 21:00:00+09','TRIP_MEMBERS','ACTIVE'),
  -- Trip 3 (강릉)
  ('c1e00000-0000-4000-8000-000000000020','c0000000-0000-4000-8000-000000000003','d0301000-0000-4000-8000-000000000021','e0301010-0000-4000-8000-000000000021','a0000000-0000-4000-8000-000000000004','안목 커피거리 아침','바다 보며 마시는 커피. 최고','안목 커피거리',37.7720,128.9470,'2026-08-01 08:00:00+09','TRIP_MEMBERS','ACTIVE'),
  ('c1e00000-0000-4000-8000-000000000021','c0000000-0000-4000-8000-000000000003','d0302000-0000-4000-8000-000000000022','e0302010-0000-4000-8000-000000000024','a0000000-0000-4000-8000-000000000012','정동진 일출','드디어 정동진 일출 성공!','정동진',37.6905,129.0288,'2026-08-02 05:45:00+09','TRIP_MEMBERS','ACTIVE'),
  -- Trip 4 (경주)
  ('c1e00000-0000-4000-8000-000000000030','c0000000-0000-4000-8000-000000000004','d0401000-0000-4000-8000-000000000031','e0401010-0000-4000-8000-000000000031','a0000000-0000-4000-8000-000000000005','불국사 아침','새벽에 가니 사람 없고 고요함','불국사',35.7897,129.3323,'2026-09-01 06:30:00+09','TRIP_MEMBERS','ACTIVE'),
  ('c1e00000-0000-4000-8000-000000000031','c0000000-0000-4000-8000-000000000004','d0402000-0000-4000-8000-000000000032','e0402020-0000-4000-8000-000000000034','a0000000-0000-4000-8000-000000000008','첨성대 밤샘 사진','첨성대 야경 촬영! 별까지','첨성대',35.8347,129.2190,'2026-09-02 22:00:00+09','TRIP_MEMBERS','ACTIVE'),
  -- Trip 6 (양양/속초)
  ('c1e00000-0000-4000-8000-000000000040','c0000000-0000-4000-8000-000000000006','d0601000-0000-4000-8000-000000000051','e0601010-0000-4000-8000-000000000051','a0000000-0000-4000-8000-000000000007','첫 서핑 성공!','초보인데 서핑 처음 해봤는데 너무 재밌어','양양 해수욕장',38.0760,128.6360,'2026-08-20 08:00:00+09','TRIP_MEMBERS','ACTIVE'),
  ('c1e00000-0000-4000-8000-000000000041','c0000000-0000-4000-8000-000000000006','d0602000-0000-4000-8000-000000000052','e0602010-0000-4000-8000-000000000053','a0000000-0000-4000-8000-000000000009','속초 닭강정','속초 중앙시장 닭강정 미친 맛','속초 중앙시장',38.2075,128.5908,'2026-08-21 19:00:00+09','TRIP_MEMBERS','ACTIVE'),
  -- Trip 5 (여수)
  ('c1e00000-0000-4000-8000-000000000050','c0000000-0000-4000-8000-000000000005','d0501000-0000-4000-8000-000000000041','e0501020-0000-4000-8000-000000000042','a0000000-0000-4000-8000-000000000006','케이블카 일몰','여수 케이블카에서 본 일몰','여소 해상 케이블카',34.7700,127.5450,'2026-08-15 18:30:00+09','TRIP_MEMBERS','ACTIVE')
ON CONFLICT (id) DO NOTHING;

-- ============================================================
-- Trip Record Media (links entries to media files)
-- ============================================================
INSERT INTO record.trip_record_media (record_entry_id, media_file_id, sort_order, caption) VALUES
  ('c1e00000-0000-4000-8000-000000000001','b1000000-0000-4000-8000-000000000001',0,'일출봉 정상에서'),
  ('c1e00000-0000-4000-8000-000000000002','b1000000-0000-4000-8000-000000000002',0,'우도 자전거'),
  ('c1e00000-0000-4000-8000-000000000005','b1000000-0000-4000-8000-000000000003',0,'오브렐 노을'),
  ('c1e00000-0000-4000-8000-000000000010','b1000000-0000-4000-8000-000000000010',0,'해운대 가족'),
  ('c1e00000-0000-4000-8000-000000000020','b1000000-0000-4000-8000-000000000020',0,'안목 커피거리'),
  ('c1e00000-0000-4000-8000-000000000030','b1000000-0000-4000-8000-000000000030',0,'불국사 아침'),
  ('c1e00000-0000-4000-8000-000000000040','b1000000-0000-4000-8000-000000000040',0,'양양 서핑'),
  ('c1e00000-0000-4000-8000-000000000050','b1000000-0000-4000-8000-000000000050',0,'여수 케이블카')
ON CONFLICT (record_entry_id, media_file_id) DO NOTHING;

COMMIT;

-- END dev-seeds/09_record.sql

-- BEGIN dev-seeds/10_community.sql

-- ============================================================
-- 10_community.sql
-- community.posts, post_snapshot_days, post_snapshot_items,
-- post_snapshot_routes, post_media, hashtags, post_hashtags,
-- post_likes, post_retrips, post_comments,
-- report_reasons, content_reports, moderation_actions
-- ============================================================

BEGIN;

-- ============================================================
-- Hashtags (20+ for search/tag browsing)
-- ============================================================
INSERT INTO community.hashtags (id, name, normalized_name) VALUES
  ('30000000-0000-4000-8000-000000000001','제주도',     '제주도'),
  ('30000000-0000-4000-8000-000000000002','제주여행',   '제주여행'),
  ('30000000-0000-4000-8000-000000000003','부산',       '부산'),
  ('30000000-0000-4000-8000-000000000004','강릉',       '강릉'),
  ('30000000-0000-4000-8000-000000000005','경주',       '경주'),
  ('30000000-0000-4000-8000-000000000006','여수',       '여수'),
  ('30000000-0000-4000-8000-000000000007','양양',       '양양'),
  ('30000000-0000-4000-8000-000000000008','서핑',       '서핑'),
  ('30000000-0000-4000-8000-000000000009','카페',       '카페'),
  ('30000000-0000-4000-8000-000000000010','오션뷰',     '오션뷰'),
  ('30000000-0000-4000-8000-000000000011','일출',       '일출'),
  ('30000000-0000-4000-8000-000000000012','일몰',       '일몰'),
  ('30000000-0000-4000-8000-000000000013','가족여행',   '가족여행'),
  ('30000000-0000-4000-8000-000000000014','데이트',     '데이트'),
  ('30000000-0000-4000-8000-000000000015','한옥마을',   '한옥마을'),
  ('30000000-0000-4000-8000-000000000016','미식',       '미식'),
  ('30000000-0000-4000-8000-000000000017','사찰',       '사찰'),
  ('30000000-0000-4000-8000-000000000018','등산',       '등산'),
  ('30000000-0000-4000-8000-000000000019','해변',       '해변'),
  ('30000000-0000-4000-8000-000000000020','야경',       '야경'),
  ('30000000-0000-4000-8000-000000000021','드라이브',   '드라이브'),
  ('30000000-0000-4000-8000-000000000022','전주',       '전주')
ON CONFLICT (id) DO NOTHING;

-- ============================================================
-- Report Reasons (code table)
-- ============================================================
INSERT INTO community.report_reasons (code, display_name, is_active, sort_order) VALUES
  ('SPAM','스팸/광고',true,1),
  ('INAPPROPRIATE','부적절한 콘텐츠',true,2),
  ('HARASSMENT_OR_HATE','괴롭힘/혐오 표현',true,3),
  ('RIGHTS_VIOLATION','저작권/초상권 침해',true,4),
  ('OTHER','기타',true,5)
ON CONFLICT (code) DO NOTHING;

-- ============================================================
-- Posts (16 posts for pagination + search)
-- Pattern: 10000000-0000-4000-8000-0000000000NN
-- ============================================================
INSERT INTO community.posts (
  id, source_trip_id, source_trip_version, published_by_user_id,
  cover_media_file_id, visibility, title, summary, snapshot_version,
  snapshot, moderation_status, published_at
)
SELECT
  seed_id::uuid,
  seed_trip_id::uuid,
  seed_snapshot_version::bigint,
  seed_user_id::uuid,
  seed_cover_media_id::uuid,
  seed_visibility,
  seed_title,
  seed_summary,
  seed_snapshot_version::bigint,
  jsonb_build_object('days', '[]'::jsonb, 'routes', '[]'::jsonb, 'authorDisplay', NULL),
  seed_moderation_status,
  seed_published_at::timestamptz
FROM (VALUES
  -- Post 1
  ('10000000-0000-4000-8000-000000000001','c0000000-0000-4000-8000-000000000001','a0000000-0000-4000-8000-000000000002','b1000000-0000-4000-8000-000000000001','PUBLIC','제주도 3박4일 감성 여행 코스 정리','일출봉, 우도, 한라산까지. 스와이프로 모은 취향으로 짠 제주 코스입니다.',1,'{"days":4,"items":8}', 42, 8, 5, 3,'VISIBLE','2026-06-05 10:00:00+09'),
  -- Post 2
  ('10000000-0000-4000-8000-000000000002','c0000000-0000-4000-8000-000000000002','a0000000-0000-4000-8000-000000000003','b1000000-0000-4000-8000-000000000010','PUBLIC','부산 해운대 가족여행 후기','아이들과 함께한 부산 2박3일. 해운대부터 감천문화마을까지!',1,'{"days":3,"items":7}', 35, 5, 4, 1,'VISIBLE','2026-06-06 14:00:00+09'),
  -- Post 3
  ('10000000-0000-4000-8000-000000000003','c0000000-0000-4000-8000-000000000003','a0000000-0000-4000-8000-000000000004','b1000000-0000-4000-8000-000000000020','PUBLIC','강릉 바다 카페 투어 - 안목거리부터 정동진까지','커피 애호가라면 필수 코스. 로스터리 카페 총정리!',1,'{"days":2,"items":5}', 28, 3, 3, 1,'VISIBLE','2026-06-07 09:00:00+09'),
  -- Post 4
  ('10000000-0000-4000-8000-000000000004','c0000000-0000-4000-8000-000000000004','a0000000-0000-4000-8000-000000000005','b1000000-0000-4000-8000-000000000030','PUBLIC','경주 역사 탐방 2박3일 완벽 코스','불국사, 석굴암, 첨성대, 대릉원. 역사 좋아하면 필수!',1,'{"days":3,"items":5}', 22, 4, 2, 1,'VISIBLE','2026-06-08 16:00:00+09'),
  -- Post 5
  ('10000000-0000-4000-8000-000000000005','c0000000-0000-4000-8000-000000000005','a0000000-0000-4000-8000-000000000006',NULL,'PUBLIC','여수 밤바다 로맨틱 데이트 코스','케이블카 일몰 + 향일암 일출. 연인과 가기 좋은 곳.',1,'{"days":2,"items":3}', 18, 2, 2, 0,'VISIBLE','2026-06-09 20:00:00+09'),
  -- Post 6
  ('10000000-0000-4000-8000-000000000006','c0000000-0000-4000-8000-000000000006','a0000000-0000-4000-8000-000000000007',NULL,'PUBLIC','양양 서핑 입문기 - 초보자도 가능!','서피비치에서 첫 서핑. 장비 대여부터 꿀팁까지!',1,'{"days":2,"items":4}', 31, 6, 3, 0,'VISIBLE','2026-06-10 11:00:00+09'),
  -- Post 7
  ('10000000-0000-4000-8000-000000000007','c0000000-0000-4000-8000-000000000007','a0000000-0000-4000-8000-000000000008',NULL,'PUBLIC','전주 한옥마을 미식 여행 1박2일','비빔밥, 콩나물국밥, 핫도그. 전주 미식 총정리.',1,'{"days":1,"items":2}', 26, 3, 2, 0,'VISIBLE','2026-06-11 13:00:00+09'),
  -- Post 8
  ('10000000-0000-4000-8000-000000000008','c0000000-0000-4000-8000-000000000008','a0000000-0000-4000-8000-000000000009',NULL,'PUBLIC','거제·통영 남해안 드라이브 코스','외도 보타니아부터 한산도까지. 남해안 절경 드라이브.',1,'{"days":1,"items":2}', 15, 1, 1, 0,'VISIBLE','2026-06-12 15:00:00+09'),
  -- Post 9
  ('10000000-0000-4000-8000-000000000009','c0000000-0000-4000-8000-000000000009','a0000000-0000-4000-8000-000000000010',NULL,'PUBLIC','서울 도심 힐링 데이트 코스','북촌 한옥마을 → 성수동 카페거리. 도심 속 힐링.',1,'{"days":1,"items":2}', 19, 2, 1, 0,'VISIBLE','2026-06-13 10:00:00+09'),
  -- Post 10
  ('10000000-0000-4000-8000-000000000010','c0000000-0000-4000-8000-000000000011','a0000000-0000-4000-8000-000000000012',NULL,'PUBLIC','제주 서귀포 워케이션 1주일 후기','오설록, 산방산, 중문해변. 일하면서 쉬기 좋은 코스.',1,'{"days":2,"items":3}', 24, 4, 2, 0,'VISIBLE','2026-06-14 09:00:00+09'),
  -- Post 11
  ('10000000-0000-4000-8000-000000000011','c0000000-0000-4000-8000-000000000012','a0000000-0000-4000-8000-000000000013',NULL,'PUBLIC','담양 대나무숲 힐링 나들이','죽녹원 + 메타세쿼이아 가로수길. 힐링 100%',1,'{"days":1,"items":2}', 12, 1, 1, 0,'VISIBLE','2026-06-15 12:00:00+09'),
  -- Post 12
  ('10000000-0000-4000-8000-000000000012','c0000000-0000-4000-8000-000000000013','a0000000-0000-4000-8000-000000000014',NULL,'PUBLIC','순천만 습지 자연 탐방','국가정원부터 습지까지. 자연 좋아하면 필수 코스.',1,'{"days":1,"items":1}', 9, 0, 1, 0,'VISIBLE','2026-06-16 14:00:00+09'),
  -- Post 13
  ('10000000-0000-4000-8000-000000000013','c0000000-0000-4000-8000-000000000015','a0000000-0000-4000-8000-000000000001',NULL,'PUBLIC','부산 송정 감성 카페 투어','송정해변 + 감성 카페. 바다 보며 커피 한 잔.',1,'{"days":1,"items":1}', 14, 1, 0, 0,'VISIBLE','2026-06-17 16:00:00+09'),
  -- Post 14
  ('10000000-0000-4000-8000-000000000014','c0000000-0000-4000-8000-000000000016','a0000000-0000-4000-8000-000000000017',NULL,'PUBLIC','안동 하회마을 전통 체험','하회마을 + 도산서원. 전통 문화 여행.',1,'{"days":1,"items":1}', 7, 0, 0, 0,'VISIBLE','2026-06-18 11:00:00+09'),
  -- Post 15
  ('10000000-0000-4000-8000-000000000015','c0000000-0000-4000-8000-000000000017','a0000000-0000-4000-8000-000000000018',NULL,'PUBLIC','보령 머드축제 여름 여행','대천해수욕장 머드축제! 여름 필수 축제.',1,'{"days":1,"items":1}', 16, 2, 1, 0,'VISIBLE','2026-06-19 18:00:00+09'),
  -- Post 16 (UNLISTED visibility test)
  ('10000000-0000-4000-8000-000000000016','c0000000-0000-4000-8000-000000000020','a0000000-0000-4000-8000-000000000002',NULL,'UNLISTED','제주 동쪽 코스 드라이브 (언리스티드)','함덕, 김녕 사진 명소. 링크 공유용.',1,'{"days":1,"items":2}', 3, 0, 0, 0,'VISIBLE','2026-06-20 10:00:00+09')
) AS seed(
  seed_id, seed_trip_id, seed_user_id, seed_cover_media_id, seed_visibility,
  seed_title, seed_summary, seed_snapshot_version, ignored_snapshot,
  ignored_like_count, ignored_retrip_count, ignored_comment_count,
  ignored_media_count, seed_moderation_status, seed_published_at
)
ON CONFLICT (id) DO NOTHING;

-- ============================================================
-- Post Snapshot Days
-- ============================================================
INSERT INTO community.post_snapshot_days (id, post_id, group_type, day_number, date, title, sort_order) VALUES
  -- Post 1 (4 days)
  ('11000000-0000-4000-8000-000000000011','10000000-0000-4000-8000-000000000001','DAY',1,'2026-07-01','제주시 도착 & 동쪽 드라이브',0),
  ('11000000-0000-4000-8000-000000000012','10000000-0000-4000-8000-000000000001','DAY',2,'2026-07-02','우도 & 성산일출봉',1),
  ('11000000-0000-4000-8000-000000000013','10000000-0000-4000-8000-000000000001','DAY',3,'2026-07-03','서귀포 남쪽 코스',2),
  ('11000000-0000-4000-8000-000000000014','10000000-0000-4000-8000-000000000001','DAY',4,'2026-07-04','한라산 등반 & 귀가',3),
  -- Post 2 (3 days)
  ('11000000-0000-4000-8000-000000000021','10000000-0000-4000-8000-000000000002','DAY',1,'2026-07-10','해운대 & 광안리',0),
  ('11000000-0000-4000-8000-000000000022','10000000-0000-4000-8000-000000000002','DAY',2,'2026-07-11','기장 해안 & 감천',1),
  ('11000000-0000-4000-8000-000000000023','10000000-0000-4000-8000-000000000002','DAY',3,'2026-07-12','태종대 & 자갈치',2),
  -- Post 3 (2 days)
  ('11000000-0000-4000-8000-000000000031','10000000-0000-4000-8000-000000000003','DAY',1,'2026-08-01','경포대 & 안목 카페거리',0),
  ('11000000-0000-4000-8000-000000000032','10000000-0000-4000-8000-000000000003','DAY',2,'2026-08-02','정동진 & 강문해변',1),
  -- Post 6 (2 days)
  ('11000000-0000-4000-8000-000000000061','10000000-0000-4000-8000-000000000006','DAY',1,'2026-08-20','양양 서핑',0),
  ('11000000-0000-4000-8000-000000000062','10000000-0000-4000-8000-000000000006','DAY',2,'2026-08-21','속초 시장 & 설악산',1)
ON CONFLICT (id) DO NOTHING;

-- ============================================================
-- Post Snapshot Items
-- ============================================================
INSERT INTO community.post_snapshot_items (id, post_id, snapshot_day_id, sort_order, place_provider, external_place_id, source_status, place_name, address, lat, lng, thumbnail_url) VALUES
  ('12000000-0000-4000-8000-000000000111','10000000-0000-4000-8000-000000000001','11000000-0000-4000-8000-000000000011',0,'KTO','11897234','AVAILABLE','제주 공항','제주특별자치도 제주시 공항로 2',33.5069,126.4930,NULL),
  ('12000000-0000-4000-8000-000000000112','10000000-0000-4000-8000-000000000001','11000000-0000-4000-8000-000000000011',1,'KTO','27534592','AVAILABLE','제주 동문시장','제주특별자치도 동문로',33.5139,126.5400,NULL),
  ('12000000-0000-4000-8000-000000000113','10000000-0000-4000-8000-000000000001','11000000-0000-4000-8000-000000000011',2,'KTO','8239472','AVAILABLE','까사 빛나는 오브렐','제주 서귀포시 안덕면',33.2470,126.3500,NULL),
  ('12000000-0000-4000-8000-000000000121','10000000-0000-4000-8000-000000000001','11000000-0000-4000-8000-000000000012',0,'KTO','78923471','AVAILABLE','성산일출봉','제주 서귀포시 성산읍',33.4584,126.9418,NULL),
  ('12000000-0000-4000-8000-000000000122','10000000-0000-4000-8000-000000000001','11000000-0000-4000-8000-000000000012',1,'KTO','81234567','AVAILABLE','우도','제주 제주시 우도면',33.4960,126.9520,NULL),
  ('12000000-0000-4000-8000-000000000131','10000000-0000-4000-8000-000000000001','11000000-0000-4000-8000-000000000013',0,'KTO','26748591','AVAILABLE','정방폭포','제주 서귀포시',33.2385,126.4030,NULL),
  ('12000000-0000-4000-8000-000000000132','10000000-0000-4000-8000-000000000001','11000000-0000-4000-8000-000000000013',1,'KTO','89712346','AVAILABLE','주상절리대','제주 서귀포시',33.2340,126.4240,NULL),
  ('12000000-0000-4000-8000-000000000141','10000000-0000-4000-8000-000000000001','11000000-0000-4000-8000-000000000014',0,'KTO','24591827','AVAILABLE','한라산 국립공원','제주 제주시 1100로',33.3617,126.5330,NULL),
  ('12000000-0000-4000-8000-000000000211','10000000-0000-4000-8000-000000000002','11000000-0000-4000-8000-000000000021',0,'KTO','72384729','AVAILABLE','해운대 해수욕장','부산 해운대구',35.1587,129.1604,NULL),
  ('12000000-0000-4000-8000-000000000212','10000000-0000-4000-8000-000000000002','11000000-0000-4000-8000-000000000021',1,'KTO','21384710','AVAILABLE','광안리 해수욕장','부산 수영구',35.1531,129.1186,NULL),
  ('12000000-0000-4000-8000-000000000213','10000000-0000-4000-8000-000000000002','11000000-0000-4000-8000-000000000021',2,'KTO','84729103','AVAILABLE','더베이 101','부산 해운대구',35.1433,129.1594,NULL)
ON CONFLICT (id) DO NOTHING;

-- ============================================================
-- Post Snapshot Routes (selected)
-- ============================================================
INSERT INTO community.post_snapshot_routes (id, post_id, origin_snapshot_item_id, destination_snapshot_item_id, mode, geometry, distance_meters, duration_seconds) VALUES
  ('13000000-0000-4000-8000-000000000001','10000000-0000-4000-8000-000000000001','12000000-0000-4000-8000-000000000111','12000000-0000-4000-8000-000000000112','DRIVING','{"type":"LineString","coordinates":[[126.4930,33.5069],[126.5400,33.5139]]}',5800,720),
  ('13000000-0000-4000-8000-000000000002','10000000-0000-4000-8000-000000000001','12000000-0000-4000-8000-000000000112','12000000-0000-4000-8000-000000000113','DRIVING','{"type":"LineString","coordinates":[[126.5400,33.5139],[126.3500,33.2470]]}',38200,2400)
ON CONFLICT (id) DO NOTHING;

-- ============================================================
-- Post Media
-- ============================================================
INSERT INTO community.post_media (post_id, media_file_id, sort_order, caption)
SELECT post_id::uuid, media_file_id::uuid, sort_order, caption
FROM (VALUES
  ('10000000-0000-4000-8000-000000000001','b1000000-0000-4000-8000-000000000001',0,'일출봉 일출','a0000000-0000-4000-8000-000000000002'),
  ('10000000-0000-4000-8000-000000000001','b1000000-0000-4000-8000-000000000002',1,'우도 자전거','a0000000-0000-4000-8000-000000000002'),
  ('10000000-0000-4000-8000-000000000001','b1000000-0000-4000-8000-000000000003',2,'오브렐 노을','a0000000-0000-4000-8000-000000000002'),
  ('10000000-0000-4000-8000-000000000002','b1000000-0000-4000-8000-000000000010',0,'해운대 가족','a0000000-0000-4000-8000-000000000003'),
  ('10000000-0000-4000-8000-000000000003','b1000000-0000-4000-8000-000000000020',0,'안목 커피거리','a0000000-0000-4000-8000-000000000004'),
  ('10000000-0000-4000-8000-000000000004','b1000000-0000-4000-8000-000000000030',0,'불국사 아침','a0000000-0000-4000-8000-000000000005'),
  ('10000000-0000-4000-8000-000000000006','b1000000-0000-4000-8000-000000000040',0,'양양 서핑','a0000000-0000-4000-8000-000000000007'),
  ('10000000-0000-4000-8000-000000000005','b1000000-0000-4000-8000-000000000050',0,'여수 케이블카','a0000000-0000-4000-8000-000000000006')
) AS seed(post_id, media_file_id, sort_order, caption, ignored_created_by_user_id)
WHERE NOT EXISTS (
  SELECT 1 FROM community.post_media existing
  WHERE existing.post_id = seed.post_id::uuid
    AND existing.media_file_id = seed.media_file_id::uuid
);

-- ============================================================
-- Post Hashtags
-- ============================================================
INSERT INTO community.post_hashtags (post_id, hashtag_id)
SELECT post_id::uuid, hashtag_id::uuid
FROM (VALUES
  ('10000000-0000-4000-8000-000000000001','30000000-0000-4000-8000-000000000001',0),
  ('10000000-0000-4000-8000-000000000001','30000000-0000-4000-8000-000000000002',1),
  ('10000000-0000-4000-8000-000000000001','30000000-0000-4000-8000-000000000011',2),
  ('10000000-0000-4000-8000-000000000002','30000000-0000-4000-8000-000000000003',0),
  ('10000000-0000-4000-8000-000000000002','30000000-0000-4000-8000-000000000013',1),
  ('10000000-0000-4000-8000-000000000003','30000000-0000-4000-8000-000000000004',0),
  ('10000000-0000-4000-8000-000000000003','30000000-0000-4000-8000-000000000009',1),
  ('10000000-0000-4000-8000-000000000003','30000000-0000-4000-8000-000000000010',2),
  ('10000000-0000-4000-8000-000000000004','30000000-0000-4000-8000-000000000005',0),
  ('10000000-0000-4000-8000-000000000004','30000000-0000-4000-8000-000000000017',1),
  ('10000000-0000-4000-8000-000000000005','30000000-0000-4000-8000-000000000006',0),
  ('10000000-0000-4000-8000-000000000005','30000000-0000-4000-8000-000000000014',1),
  ('10000000-0000-4000-8000-000000000005','30000000-0000-4000-8000-000000000012',2),
  ('10000000-0000-4000-8000-000000000006','30000000-0000-4000-8000-000000000007',0),
  ('10000000-0000-4000-8000-000000000006','30000000-0000-4000-8000-000000000008',1),
  ('10000000-0000-4000-8000-000000000006','30000000-0000-4000-8000-000000000019',2),
  ('10000000-0000-4000-8000-000000000007','30000000-0000-4000-8000-000000000022',0),
  ('10000000-0000-4000-8000-000000000007','30000000-0000-4000-8000-000000000015',1),
  ('10000000-0000-4000-8000-000000000007','30000000-0000-4000-8000-000000000016',2),
  ('10000000-0000-4000-8000-000000000008','30000000-0000-4000-8000-000000000021',0),
  ('10000000-0000-4000-8000-000000000009','30000000-0000-4000-8000-000000000014',0),
  ('10000000-0000-4000-8000-000000000010','30000000-0000-4000-8000-000000000001',0),
  ('10000000-0000-4000-8000-000000000010','30000000-0000-4000-8000-000000000002',1),
  ('10000000-0000-4000-8000-000000000013','30000000-0000-4000-8000-000000000003',0),
  ('10000000-0000-4000-8000-000000000013','30000000-0000-4000-8000-000000000009',1),
  ('10000000-0000-4000-8000-000000000015','30000000-0000-4000-8000-000000000019',0)
) AS seed(post_id, hashtag_id, ignored_sort_order)
ON CONFLICT (post_id, hashtag_id) DO NOTHING;

-- ============================================================
-- Post Likes (50+ likes across posts)
-- ============================================================
INSERT INTO community.post_likes (post_id, user_id) VALUES
  ('10000000-0000-4000-8000-000000000001','a0000000-0000-4000-8000-000000000001'),
  ('10000000-0000-4000-8000-000000000001','a0000000-0000-4000-8000-000000000003'),
  ('10000000-0000-4000-8000-000000000001','a0000000-0000-4000-8000-000000000004'),
  ('10000000-0000-4000-8000-000000000001','a0000000-0000-4000-8000-000000000005'),
  ('10000000-0000-4000-8000-000000000001','a0000000-0000-4000-8000-000000000006'),
  ('10000000-0000-4000-8000-000000000001','a0000000-0000-4000-8000-000000000007'),
  ('10000000-0000-4000-8000-000000000001','a0000000-0000-4000-8000-000000000008'),
  ('10000000-0000-4000-8000-000000000001','a0000000-0000-4000-8000-000000000009'),
  ('10000000-0000-4000-8000-000000000001','a0000000-0000-4000-8000-000000000010'),
  ('10000000-0000-4000-8000-000000000001','a0000000-0000-4000-8000-000000000011'),
  ('10000000-0000-4000-8000-000000000001','a0000000-0000-4000-8000-000000000012'),
  ('10000000-0000-4000-8000-000000000001','a0000000-0000-4000-8000-000000000013'),
  ('10000000-0000-4000-8000-000000000001','a0000000-0000-4000-8000-000000000014'),
  ('10000000-0000-4000-8000-000000000002','a0000000-0000-4000-8000-000000000001'),
  ('10000000-0000-4000-8000-000000000002','a0000000-0000-4000-8000-000000000002'),
  ('10000000-0000-4000-8000-000000000002','a0000000-0000-4000-8000-000000000004'),
  ('10000000-0000-4000-8000-000000000002','a0000000-0000-4000-8000-000000000005'),
  ('10000000-0000-4000-8000-000000000002','a0000000-0000-4000-8000-000000000007'),
  ('10000000-0000-4000-8000-000000000002','a0000000-0000-4000-8000-000000000009'),
  ('10000000-0000-4000-8000-000000000002','a0000000-0000-4000-8000-000000000010'),
  ('10000000-0000-4000-8000-000000000003','a0000000-0000-4000-8000-000000000001'),
  ('10000000-0000-4000-8000-000000000003','a0000000-0000-4000-8000-000000000002'),
  ('10000000-0000-4000-8000-000000000003','a0000000-0000-4000-8000-000000000003'),
  ('10000000-0000-4000-8000-000000000003','a0000000-0000-4000-8000-000000000006'),
  ('10000000-0000-4000-8000-000000000003','a0000000-0000-4000-8000-000000000012'),
  ('10000000-0000-4000-8000-000000000004','a0000000-0000-4000-8000-000000000001'),
  ('10000000-0000-4000-8000-000000000004','a0000000-0000-4000-8000-000000000003'),
  ('10000000-0000-4000-8000-000000000004','a0000000-0000-4000-8000-000000000008'),
  ('10000000-0000-4000-8000-000000000004','a0000000-0000-4000-8000-000000000014'),
  ('10000000-0000-4000-8000-000000000005','a0000000-0000-4000-8000-000000000006'),
  ('10000000-0000-4000-8000-000000000005','a0000000-0000-4000-8000-000000000013'),
  ('10000000-0000-4000-8000-000000000006','a0000000-0000-4000-8000-000000000001'),
  ('10000000-0000-4000-8000-000000000006','a0000000-0000-4000-8000-000000000002'),
  ('10000000-0000-4000-8000-000000000006','a0000000-0000-4000-8000-000000000003'),
  ('10000000-0000-4000-8000-000000000006','a0000000-0000-4000-8000-000000000005'),
  ('10000000-0000-4000-8000-000000000006','a0000000-0000-4000-8000-000000000009'),
  ('10000000-0000-4000-8000-000000000007','a0000000-0000-4000-8000-000000000004'),
  ('10000000-0000-4000-8000-000000000007','a0000000-0000-4000-8000-000000000008'),
  ('10000000-0000-4000-8000-000000000009','a0000000-0000-4000-8000-000000000010'),
  ('10000000-0000-4000-8000-000000000009','a0000000-0000-4000-8000-000000000017'),
  ('10000000-0000-4000-8000-000000000010','a0000000-0000-4000-8000-000000000001'),
  ('10000000-0000-4000-8000-000000000010','a0000000-0000-4000-8000-000000000002'),
  ('10000000-0000-4000-8000-000000000010','a0000000-0000-4000-8000-000000000003'),
  ('10000000-0000-4000-8000-000000000010','a0000000-0000-4000-8000-000000000004'),
  ('10000000-0000-4000-8000-000000000015','a0000000-0000-4000-8000-000000000018'),
  ('10000000-0000-4000-8000-000000000015','a0000000-0000-4000-8000-000000000020')
ON CONFLICT (post_id, user_id) DO NOTHING;

-- ============================================================
-- Post Retrips
-- ============================================================
INSERT INTO community.post_retrips (id, post_id, user_id, new_trip_id, snapshot_version) VALUES
  ('14000000-0000-4000-8000-000000000001','10000000-0000-4000-8000-000000000001','a0000000-0000-4000-8000-000000000020','c0000000-0000-4000-8000-000000000020',1),
  ('14000000-0000-4000-8000-000000000002','10000000-0000-4000-8000-000000000006','a0000000-0000-4000-8000-000000000011','c0000000-0000-4000-8000-000000000010',1),
  ('14000000-0000-4000-8000-000000000003','10000000-0000-4000-8000-000000000002','a0000000-0000-4000-8000-000000000015','c0000000-0000-4000-8000-000000000014',1),
  ('14000000-0000-4000-8000-000000000004','10000000-0000-4000-8000-000000000004','a0000000-0000-4000-8000-000000000017','c0000000-0000-4000-8000-000000000016',1)
ON CONFLICT (id) DO NOTHING;

-- ============================================================
-- Post Comments (root + one-level replies)
-- ============================================================
INSERT INTO community.post_comments (id, post_id, parent_comment_id, author_user_id, content, depth, moderation_status, created_at) VALUES
  -- Post 1 comments
  ('15000000-0000-4000-8000-000000000001','10000000-0000-4000-8000-000000000001',NULL,'a0000000-0000-4000-8000-000000000003','우도 진짜 최고였어요! 자전거 꿀팁 감사합니다',0,'VISIBLE','2026-06-05 11:00:00+09'),
  ('15000000-0000-4000-8000-000000000002','10000000-0000-4000-8000-000000000001','15000000-0000-4000-8000-000000000001','a0000000-0000-4000-8000-000000000002','네네 전동자전거 빌리는 거 추천드려요!',1,'VISIBLE','2026-06-05 11:10:00+09'),
  ('15000000-0000-4000-8000-000000000003','10000000-0000-4000-8000-000000000001',NULL,'a0000000-0000-4000-8000-000000000004','한라산 관음사 코스 정보 너무 유용했어요. 감사합니다!',0,'VISIBLE','2026-06-05 12:00:00+09'),
  ('15000000-0000-4000-8000-000000000004','10000000-0000-4000-8000-000000000001',NULL,'a0000000-0000-4000-8000-000000000007','오브렐 카페 저도 가봤는데 진짜 예뻤어요',0,'VISIBLE','2026-06-05 13:00:00+09'),
  ('15000000-0000-4000-8000-000000000005','10000000-0000-4000-8000-000000000001',NULL,'a0000000-0000-4000-8000-000000000010','이번 여행에 그대로 따라갈게요! rip-trip 누름',0,'VISIBLE','2026-06-05 14:00:00+09'),
  -- Post 2 comments
  ('15000000-0000-4000-8000-000000000010','10000000-0000-4000-8000-000000000002',NULL,'a0000000-0000-4000-8000-000000000002','아이 친화 코스 진짜 좋네요. 저희도 가족여행 예정인데 참고할게요',0,'VISIBLE','2026-06-06 15:00:00+09'),
  ('15000000-0000-4000-8000-000000000011','10000000-0000-4000-8000-000000000002','15000000-0000-4000-8000-000000000010','a0000000-0000-4000-8000-000000000003','네! 더베이 101 야경도 아이들이 좋아해요',1,'VISIBLE','2026-06-06 15:10:00+09'),
  ('15000000-0000-4000-8000-000000000012','10000000-0000-4000-8000-000000000002',NULL,'a0000000-0000-4000-8000-000000000006','감천문화마을 사진 너무 예쁘네요',0,'VISIBLE','2026-06-06 16:00:00+09'),
  ('15000000-0000-4000-8000-000000000013','10000000-0000-4000-8000-000000000002',NULL,'a0000000-0000-4000-8000-000000000010','부산 갈 때마다 맛있는 거 많아서 좋아요',0,'VISIBLE','2026-06-06 17:00:00+09'),
  -- Post 3 comments
  ('15000000-0000-4000-8000-000000000020','10000000-0000-4000-8000-000000000003',NULL,'a0000000-0000-4000-8000-000000000007','강릉 카페 투어 꿈인데 이 코스 완벽하네요',0,'VISIBLE','2026-06-07 10:00:00+09'),
  ('15000000-0000-4000-8000-000000000021','10000000-0000-4000-8000-000000000003',NULL,'a0000000-0000-4000-8000-000000000012','토즈 커피 저도 강추요! 원두가 진짜 맛있어요',0,'VISIBLE','2026-06-07 11:00:00+09'),
  ('15000000-0000-4000-8000-000000000022','10000000-0000-4000-8000-000000000003',NULL,'a0000000-0000-4000-8000-000000000001','정동진 일출 보러 가고 싶어요',0,'VISIBLE','2026-06-07 12:00:00+09'),
  -- Post 4 comments
  ('15000000-0000-4000-8000-000000000030','10000000-0000-4000-8000-000000000004',NULL,'a0000000-0000-4000-8000-000000000008','불국사 새벽에 가는 거 진짜 추천이네요. 메모해둘게요',0,'VISIBLE','2026-06-08 17:00:00+09'),
  ('15000000-0000-4000-8000-000000000031','10000000-0000-4000-8000-000000000004',NULL,'a0000000-0000-4000-8000-000000000014','첨성대 야경 촬영 팁도 공유 부탁드려요',0,'VISIBLE','2026-06-08 18:00:00+09'),
  -- Post 5 comments
  ('15000000-0000-4000-8000-000000000040','10000000-0000-4000-8000-000000000005',NULL,'a0000000-0000-4000-8000-000000000013','여수 케이블카 일몰 진짜 최고죠!',0,'VISIBLE','2026-06-09 21:00:00+09'),
  ('15000000-0000-4000-8000-000000000041','10000000-0000-4000-8000-000000000005',NULL,'a0000000-0000-4000-8000-000000000002','향일암 일출 보고 싶어서 rip-trip 했어요',0,'VISIBLE','2026-06-09 22:00:00+09'),
  -- Post 6 comments
  ('15000000-0000-4000-8000-000000000050','10000000-0000-4000-8000-000000000006',NULL,'a0000000-0000-4000-8000-000000000009','초보 서핑 팁 너무 유용해요! 이번 주말 도전할게요',0,'VISIBLE','2026-06-10 12:00:00+09'),
  ('15000000-0000-4000-8000-000000000051','10000000-0000-4000-8000-000000000006','15000000-0000-4000-8000-000000000050','a0000000-0000-4000-8000-000000000007','웨트슈트 꼭 빌리세요! 물이 차가워요',1,'VISIBLE','2026-06-10 12:10:00+09'),
  ('15000000-0000-4000-8000-000000000052','10000000-0000-4000-8000-000000000006',NULL,'a0000000-0000-4000-8000-000000000011','양양 서핑 짱! 저도 작년에 다녀왔어요',0,'VISIBLE','2026-06-10 13:00:00+09'),
  -- Post 7 comments
  ('15000000-0000-4000-8000-000000000060','10000000-0000-4000-8000-000000000007',NULL,'a0000000-0000-4000-8000-000000000005','전주 비빔밥 진짜 맛있죠. 코스 공유 감사합니다',0,'VISIBLE','2026-06-11 14:00:00+09'),
  ('15000000-0000-4000-8000-000000000061','10000000-0000-4000-8000-000000000007',NULL,'a0000000-0000-4000-8000-000000000014','한옥마을 사진 명소 팁도 부탁드려요',0,'VISIBLE','2026-06-11 15:00:00+09'),
  -- Post 8 comment
  ('15000000-0000-4000-8000-000000000070','10000000-0000-4000-8000-000000000008',NULL,'a0000000-0000-4000-8000-000000000015','거제 외도 가고 싶어요! 배편 예약 꿀팁 감사',0,'VISIBLE','2026-06-12 16:00:00+09'),
  -- Post 9 comment
  ('15000000-0000-4000-8000-000000000080','10000000-0000-4000-8000-000000000009',NULL,'a0000000-0000-4000-8000-000000000018','성수동 카페 거리 저도 좋아해요!',0,'VISIBLE','2026-06-13 11:00:00+09'),
  -- Post 10 comments
  ('15000000-0000-4000-8000-000000000090','10000000-0000-4000-8000-000000000010',NULL,'a0000000-0000-4000-8000-000000000002','워케이션 코스 너무 좋아요. 제주로 가고 싶네요',0,'VISIBLE','2026-06-14 10:00:00+09'),
  ('15000000-0000-4000-8000-000000000091','10000000-0000-4000-8000-000000000010',NULL,'a0000000-0000-4000-8000-000000000020','오설록은 꼭 가야죠! 와이파이도 잘 됨',0,'VISIBLE','2026-06-14 11:00:00+09'),
  -- Post 11 comment
  ('15000000-0000-4000-8000-000000000100','10000000-0000-4000-8000-000000000011',NULL,'a0000000-0000-4000-8000-000000000019','담양 메타세쿼이아 가을에 가면 진짜 예뻐요',0,'VISIBLE','2026-06-15 13:00:00+09'),
  -- Post 12 comment
  ('15000000-0000-4000-8000-000000000110','10000000-0000-4000-8000-000000000012',NULL,'a0000000-0000-4000-8000-000000000004','순천만 습지 가을 철새 시즌 최고!',0,'VISIBLE','2026-06-16 15:00:00+09'),
  -- Post 15 comment
  ('15000000-0000-4000-8000-000000000120','10000000-0000-4000-8000-000000000015',NULL,'a0000000-0000-4000-8000-000000000020','머드축제 올해도 가야지!',0,'VISIBLE','2026-06-19 19:00:00+09')
ON CONFLICT (id) DO NOTHING;

-- ============================================================
-- Content Reports
-- ============================================================
INSERT INTO community.content_reports (id, reporter_user_id, target_type, target_id, reason_code, detail, status) VALUES
  ('16000000-0000-4000-8000-000000000001','a0000000-0000-4000-8000-000000000010','POST_COMMENT','15000000-0000-4000-8000-000000000005','SPAM','광고성 링크가 포함된 것 같습니다.','OPEN'),
  ('16000000-0000-4000-8000-000000000002','a0000000-0000-4000-8000-000000000003','POST','10000000-0000-4000-8000-000000000008','OTHER','내용이 다소 부실해 보입니다.','REVIEWING'),
  ('16000000-0000-4000-8000-000000000003','a0000000-0000-4000-8000-000000000007','POST_COMMENT','15000000-0000-4000-8000-000000000060','INAPPROPRIATE','부적절한 표현이 있습니다.','RESOLVED')
ON CONFLICT (id) DO NOTHING;

-- ============================================================
-- Moderation Actions
-- ============================================================
INSERT INTO community.moderation_actions (id, moderator_user_id, target_type, target_id, action, moderation_status, moderation_reason) VALUES
  ('18000000-0000-4000-8000-000000000001','a0000000-0000-4000-8000-000000000002','POST_COMMENT','15000000-0000-4000-8000-000000000060','HIDE','HIDDEN','커뮤니티 가이드라인 위반')
ON CONFLICT (id) DO NOTHING;

COMMIT;

-- END dev-seeds/10_community.sql

-- BEGIN dev-seeds/11_notification_collab_ops.sql

-- ============================================================
-- 11_notification_collab_ops.sql
-- notification.notifications, collab.collaboration_command_events,
-- ops.audit_logs
-- ============================================================

BEGIN;

-- ============================================================
-- Notifications (20+ for pagination)
-- ============================================================
INSERT INTO notification.notifications (id, recipient_user_id, actor_user_id, trip_id, type, title, body, payload, read_at, created_at) VALUES
  -- Trip invite notifications (u04, u07 accepted Trip 1)
  ('17000000-0000-4000-8000-000000000001','a0000000-0000-4000-8000-000000000004','a0000000-0000-4000-8000-000000000002','c0000000-0000-4000-8000-000000000001','TRIP_INVITE','새로운 트립 초대','박서연님이 "제주도 3박 4일 감성 여행"에 초대했어요.','{"trip_id":"c0000000-0000-4000-8000-000000000001","invite_code":"CODE-JEJU-001"}',NULL,'2026-05-28 09:00:00+09'),
  ('17000000-0000-4000-8000-000000000002','a0000000-0000-4000-8000-000000000007','a0000000-0000-4000-8000-000000000002','c0000000-0000-4000-8000-000000000001','TRIP_INVITE','새로운 트립 초대','박서연님이 "제주도 3박 4일 감성 여행"에 초대했어요.','{"trip_id":"c0000000-0000-4000-8000-000000000001","invite_code":"CODE-JEJU-002"}',NULL,'2026-05-29 14:00:00+09'),
  -- Trip 3 invite
  ('17000000-0000-4000-8000-000000000003','a0000000-0000-4000-8000-000000000012','a0000000-0000-4000-8000-000000000004','c0000000-0000-4000-8000-000000000003','TRIP_INVITE','새로운 트립 초대','최민서님이 "강릉 바다 카페 투어"에 초대했어요.','{"trip_id":"c0000000-0000-4000-8000-000000000003","invite_code":"CODE-GNG-001"}','2026-06-05 10:00:00+09','2026-06-05 09:00:00+09'),
  -- Trip 6 invite
  ('17000000-0000-4000-8000-000000000004','a0000000-0000-4000-8000-000000000011','a0000000-0000-4000-8000-000000000007','c0000000-0000-4000-8000-000000000006','TRIP_INVITE','새로운 트립 초대','윤서아님이 "속초·양양 서핑 여행"에 초대했어요.','{"trip_id":"c0000000-0000-4000-8000-000000000006","invite_code":"CODE-SURF-001"}','2026-06-08 15:00:00+09','2026-06-08 14:00:00+09'),
  -- Trip 2 invite
  ('17000000-0000-4000-8000-000000000005','a0000000-0000-4000-8000-000000000010','a0000000-0000-4000-8000-000000000003','c0000000-0000-4000-8000-000000000002','TRIP_INVITE','새로운 트립 초대','이도윤님이 "부산 해운대 가족여행"에 초대했어요.','{"trip_id":"c0000000-0000-4000-8000-000000000002","invite_code":"CODE-BUSAN-01"}',NULL,'2026-06-09 10:00:00+09'),
  -- Trip 1 pending invite
  ('17000000-0000-4000-8000-000000000006','a0000000-0000-4000-8000-000000000009','a0000000-0000-4000-8000-000000000002','c0000000-0000-4000-8000-000000000001','TRIP_INVITE','새로운 트립 초대','박서연님이 "제주도 3박 4일 감성 여행"에 초대했어요.','{"trip_id":"c0000000-0000-4000-8000-000000000001","invite_code":"CODE-JEJU-003"}',NULL,'2026-06-10 08:00:00+09'),
  -- Trip 4 pending invite
  ('17000000-0000-4000-8000-000000000007','a0000000-0000-4000-8000-000000000014','a0000000-0000-4000-8000-000000000005','c0000000-0000-4000-8000-000000000004','TRIP_INVITE','새로운 트립 초대','정예준님이 "경주 역사 탐방 2박 3일"에 초대했어요.','{"trip_id":"c0000000-0000-4000-8000-000000000004","invite_code":"CODE-GJ-001"}',NULL,'2026-06-10 09:00:00+09'),
  -- Trip 8 pending invite
  ('17000000-0000-4000-8000-000000000008','a0000000-0000-4000-8000-000000000020','a0000000-0000-4000-8000-000000000009','c0000000-0000-4000-8000-000000000008','TRIP_INVITE','새로운 트립 초대','임시우님이 "거제·통영 남해안 드라이브"에 초대했어요.','{"trip_id":"c0000000-0000-4000-8000-000000000008","invite_code":"CODE-GEO-001"}',NULL,'2026-06-11 11:00:00+09'),
  -- Comment notifications
  ('17000000-0000-4000-8000-000000000010','a0000000-0000-4000-8000-000000000002','a0000000-0000-4000-8000-000000000003',NULL,'POST_COMMENT','새로운 댓글','이도윤님이 회원님의 게시물에 댓글을 남겼어요.','{"post_id":"10000000-0000-4000-8000-000000000001","comment_id":"15000000-0000-4000-8000-000000000001"}',NULL,'2026-06-05 11:00:00+09'),
  ('17000000-0000-4000-8000-000000000011','a0000000-0000-4000-8000-000000000002','a0000000-0000-4000-8000-000000000004',NULL,'POST_COMMENT','새로운 댓글','최민서님이 회원님의 게시물에 댓글을 남겼어요.','{"post_id":"10000000-0000-4000-8000-000000000001","comment_id":"15000000-0000-4000-8000-000000000003"}','2026-06-05 13:00:00+09','2026-06-05 12:00:00+09'),
  ('17000000-0000-4000-8000-000000000012','a0000000-0000-4000-8000-000000000002','a0000000-0000-4000-8000-000000000007',NULL,'POST_COMMENT','새로운 댓글','윤서아님이 회원님의 게시물에 댓글을 남겼어요.','{"post_id":"10000000-0000-4000-8000-000000000001","comment_id":"15000000-0000-4000-8000-000000000004"}',NULL,'2026-06-05 13:00:00+09'),
  -- Like notifications
  ('17000000-0000-4000-8000-000000000020','a0000000-0000-4000-8000-000000000002','a0000000-0000-4000-8000-000000000001',NULL,'POST_LIKE','새로운 좋아요','김지훈님이 회원님의 게시물을 좋아합니다.','{"post_id":"10000000-0000-4000-8000-000000000001"}',NULL,'2026-06-05 10:30:00+09'),
  ('17000000-0000-4000-8000-000000000021','a0000000-0000-4000-8000-000000000002','a0000000-0000-4000-8000-000000000003',NULL,'POST_LIKE','새로운 좋아요','이도윤님이 회원님의 게시물을 좋아합니다.','{"post_id":"10000000-0000-4000-8000-000000000001"}',NULL,'2026-06-05 10:35:00+09'),
  -- Retrip notifications
  ('17000000-0000-4000-8000-000000000030','a0000000-0000-4000-8000-000000000002','a0000000-0000-4000-8000-000000000020',NULL,'POST_RETRIP','게시물이 rip-trip 되었어요','고서윤님이 회원님의 게시물을 rip-trip 했어요.','{"post_id":"10000000-0000-4000-8000-000000000001","new_trip_id":"c0000000-0000-4000-8000-000000000020"}',NULL,'2026-06-12 10:00:00+09'),
  ('17000000-0000-4000-8000-000000000031','a0000000-0000-4000-8000-000000000007','a0000000-0000-4000-8000-000000000011',NULL,'POST_RETRIP','게시물이 rip-trip 되었어요','오지호님이 회원님의 게시물을 rip-trip 했어요.','{"post_id":"10000000-0000-4000-8000-000000000006","new_trip_id":"c0000000-0000-4000-8000-000000000010"}',NULL,'2026-06-13 09:00:00+09'),
  -- Follow notifications
  ('17000000-0000-4000-8000-000000000040','a0000000-0000-4000-8000-000000000001','a0000000-0000-4000-8000-000000000002',NULL,'USER_FOLLOW','새로운 팔로워','박서연님이 회원님을 팔로우하기 시작했어요.','{"follower_user_id":"a0000000-0000-4000-8000-000000000002"}',NULL,'2026-05-20 10:00:00+09'),
  ('17000000-0000-4000-8000-000000000041','a0000000-0000-4000-8000-000000000001','a0000000-0000-4000-8000-000000000003',NULL,'USER_FOLLOW','새로운 팔로워','이도윤님이 회원님을 팔로우하기 시작했어요.','{"follower_user_id":"a0000000-0000-4000-8000-000000000003"}','2026-05-21 10:00:00+09','2026-05-21 09:00:00+09'),
  -- Trip member joined
  ('17000000-0000-4000-8000-000000000050','a0000000-0000-4000-8000-000000000002','a0000000-0000-4000-8000-000000000004','c0000000-0000-4000-8000-000000000001','TRIP_MEMBER_JOINED','새로운 멤버 합류','최민서님이 "제주도 3박 4일 감성 여행"에 합류했어요.','{"trip_id":"c0000000-0000-4000-8000-000000000001"}',NULL,'2026-05-28 10:00:00+09'),
  ('17000000-0000-4000-8000-000000000051','a0000000-0000-4000-8000-000000000002','a0000000-0000-4000-8000-000000000007','c0000000-0000-4000-8000-000000000001','TRIP_MEMBER_JOINED','새로운 멤버 합류','윤서아님이 "제주도 3박 4일 감성 여행"에 합류했어요.','{"trip_id":"c0000000-0000-4000-8000-000000000001"}',NULL,'2026-05-29 15:00:00+09'),
  -- Itinerary updated
  ('17000000-0000-4000-8000-000000000060','a0000000-0000-4000-8000-000000000001','a0000000-0000-4000-8000-000000000002','c0000000-0000-4000-8000-000000000001','ITINERARY_UPDATED','일정이 업데이트되었어요','박서연님이 일정을 수정했어요. Day 4에 한라산이 추가되었습니다.','{"trip_id":"c0000000-0000-4000-8000-000000000001","version":7}',NULL,'2026-06-03 11:50:00+09'),
  ('17000000-0000-4000-8000-000000000061','a0000000-0000-4000-8000-000000000004','a0000000-0000-4000-8000-000000000002','c0000000-0000-4000-8000-000000000001','ITINERARY_UPDATED','일정이 업데이트되었어요','박서연님이 일정을 수정했어요.','{"trip_id":"c0000000-0000-4000-8000-000000000001","version":7}','2026-06-03 12:00:00+09','2026-06-03 11:51:00+09')
ON CONFLICT (id) DO NOTHING;

-- ============================================================
-- Collaboration Command Events
-- ============================================================
INSERT INTO collab.collaboration_command_events (trip_id, actor_user_id, websocket_session_id, source, command_type, aggregate_type, aggregate_id, version_before, version_after, payload) VALUES
  ('c0000000-0000-4000-8000-000000000001','a0000000-0000-4000-8000-000000000002','ws_001','USER','ADD_ITINERARY_ITEM','itinerary.itinerary_items','e0101010-0000-4000-8000-000000000001',0,1,'{"place_name":"제주 공항"}'),
  ('c0000000-0000-4000-8000-000000000001','a0000000-0000-4000-8000-000000000002','ws_001','USER','ADD_ITINERARY_ITEM','itinerary.itinerary_items','e0101020-0000-4000-8000-000000000002',1,2,'{"place_name":"제주 동문시장"}'),
  ('c0000000-0000-4000-8000-000000000001','a0000000-0000-4000-8000-000000000004','ws_002','USER','ADD_ITINERARY_ITEM','itinerary.itinerary_items','e0101030-0000-4000-8000-000000000003',2,3,'{"place_name":"까사 빛나는 오브렐"}'),
  ('c0000000-0000-4000-8000-000000000001','a0000000-0000-4000-8000-000000000007','ws_003','USER','ADD_MAP_DRAWING','itinerary.map_drawings','4d000000-0000-4000-8000-000000000003',3,4,'{"label":"일출봉 사진 스팟!"}'),
  ('c0000000-0000-4000-8000-000000000001','a0000000-0000-4000-8000-000000000002','ws_004','USER','ADD_TRIP_ROUTE','itinerary.trip_routes','f2000000-0000-4000-8000-000000000001',4,5,'{"mode":"DRIVING"}'),
  ('c0000000-0000-4000-8000-000000000001','a0000000-0000-4000-8000-000000000002','ws_004','USER','ADD_TRIP_ROUTE','itinerary.trip_routes','f2000000-0000-4000-8000-000000000002',5,6,'{"mode":"DRIVING"}'),
  ('c0000000-0000-4000-8000-000000000001','a0000000-0000-4000-8000-000000000002','ws_005','AI_TOOL','ADD_ITINERARY_ITEM','itinerary.itinerary_items','e0104010-0000-4000-8000-000000000008',6,7,'{"place_name":"한라산 국립공원","source":"AI"}'),
  ('c0000000-0000-4000-8000-000000000001','a0000000-0000-4000-8000-000000000004','ws_006','USER','UPDATE_CHECKLIST_ITEM','planning.checklist_item_member_statuses','3e000000-0000-4000-8000-000000000005',7,7,'{"is_completed":true}'),
  ('c0000000-0000-4000-8000-000000000002','a0000000-0000-4000-8000-000000000003','ws_007','USER','ADD_ITINERARY_ITEM','itinerary.itinerary_items','e0201010-0000-4000-8000-000000000011',0,1,'{"place_name":"해운대 해수욕장"}'),
  ('c0000000-0000-4000-8000-000000000002','a0000000-0000-4000-8000-000000000006','ws_008','USER','ADD_ITINERARY_ITEM','itinerary.itinerary_items','e0201030-0000-4000-8000-000000000013',1,2,'{"place_name":"더베이 101"}'),
  ('c0000000-0000-4000-8000-000000000003','a0000000-0000-4000-8000-000000000004','ws_009','USER','ADD_ITINERARY_ITEM','itinerary.itinerary_items','e0301010-0000-4000-8000-000000000021',0,1,'{"place_name":"안목 커피거리"}'),
  ('c0000000-0000-4000-8000-000000000006','a0000000-0000-4000-8000-000000000007','ws_010','USER','ADD_ITINERARY_ITEM','itinerary.itinerary_items','e0601010-0000-4000-8000-000000000051',0,1,'{"place_name":"양양 해수욕장"}');

-- ============================================================
-- Audit Logs (ops.audit_logs)
-- ============================================================
INSERT INTO ops.audit_logs (actor_user_id, action, target_type, target_id, ip_address, user_agent, metadata) VALUES
  ('a0000000-0000-4000-8000-000000000001','LOGIN','auth.users','a0000000-0000-4000-8000-000000000001','203.0.113.1','Mozilla/5.0','{"provider":"LOCAL"}'),
  ('a0000000-0000-4000-8000-000000000002','LOGIN','auth.users','a0000000-0000-4000-8000-000000000002','203.0.113.2','Mozilla/5.0','{"provider":"LOCAL"}'),
  ('a0000000-0000-4000-8000-000000000002','CREATE_TRIP','trip.trips','c0000000-0000-4000-8000-000000000001','203.0.113.2','Mozilla/5.0','{"title":"제주도 3박 4일 감성 여행"}'),
  ('a0000000-0000-4000-8000-000000000002','SEND_INVITE','trip.trip_invites','f1000000-0000-4000-8000-000000000001','203.0.113.2','Mozilla/5.0','{"invitee":"a0000000-0000-4000-8000-000000000004"}'),
  ('a0000000-0000-4000-8000-000000000004','ACCEPT_INVITE','trip.trip_invites','f1000000-0000-4000-8000-000000000001','203.0.113.4','Mozilla/5.0','{}'),
  ('a0000000-0000-4000-8000-000000000002','PUBLISH_POST','community.posts','10000000-0000-4000-8000-000000000001','203.0.113.2','Mozilla/5.0','{"title":"제주도 3박4일 감성 여행 코스 정리"}'),
  ('a0000000-0000-4000-8000-000000000003','PUBLISH_POST','community.posts','10000000-0000-4000-8000-000000000002','203.0.113.3','Mozilla/5.0','{"title":"부산 해운대 가족여행 후기"}'),
  ('a0000000-0000-4000-8000-000000000002','AI_TOOL_CALL','ai.ai_tool_calls','b1000000-0000-4000-8000-000000000001','203.0.113.2','Mozilla/5.0','{"tool":"add_itinerary_item","status":"SUCCEEDED"}'),
  ('a0000000-0000-4000-8000-000000000016','SUSPEND_USER','auth.users','a0000000-0000-4000-8000-000000000016',NULL,NULL,'{"reason":"policy_violation"}'),
  ('a0000000-0000-4000-8000-000000000002','MODERATE_COMMENT','community.post_comments','15000000-0000-4000-8000-000000000060','203.0.113.2','Mozilla/5.0','{"action":"HIDE"}');

COMMIT;

-- END dev-seeds/11_notification_collab_ops.sql

-- BEGIN dev-seeds/12_local_user_enrichment.sql

-- Connect real locally registered users to deterministic demo data.
-- Seed-only users use the a0000000 prefix and are intentionally excluded.
BEGIN;

WITH local_users AS (
  SELECT id
  FROM auth.users
  WHERE id::text NOT LIKE 'a0000000-%'
), demo_trips AS (
  SELECT id
  FROM trip.trips
  WHERE id::text LIKE 'c0000000-%'
  ORDER BY id
  LIMIT 8
)
INSERT INTO trip.trip_members (id, trip_id, user_id, role, status)
SELECT gen_random_uuid(), trip.id, local_user.id, 'MEMBER', 'ACTIVE'
FROM local_users local_user
CROSS JOIN demo_trips trip
WHERE NOT EXISTS (
  SELECT 1
  FROM trip.trip_members member
  WHERE member.trip_id = trip.id
    AND member.user_id = local_user.id
)
ON CONFLICT DO NOTHING;

WITH local_users AS (
  SELECT id
  FROM auth.users
  WHERE id::text NOT LIKE 'a0000000-%'
), demo_users AS (
  SELECT id
  FROM auth.users
  WHERE id::text LIKE 'a0000000-%'
  ORDER BY id
  LIMIT 10
)
INSERT INTO social.user_follows (follower_user_id, following_user_id, status)
SELECT local_user.id, demo_user.id, 'ACTIVE'
FROM local_users local_user
CROSS JOIN demo_users demo_user
UNION ALL
SELECT demo_user.id, local_user.id, 'ACTIVE'
FROM local_users local_user
CROSS JOIN demo_users demo_user
ON CONFLICT (follower_user_id, following_user_id) DO NOTHING;

COMMIT;

-- END dev-seeds/12_local_user_enrichment.sql

-- BEGIN dev-seeds/99_disable_timestamp_defaults.sql

DO $$
DECLARE target record;
BEGIN
  IF to_regclass('public._dev_seed_added_defaults') IS NULL THEN
    RETURN;
  END IF;

  FOR target IN SELECT * FROM public._dev_seed_added_defaults LOOP
    EXECUTE format(
      'ALTER TABLE %I.%I ALTER COLUMN %I DROP DEFAULT',
      target.table_schema, target.table_name, target.column_name
    );
  END LOOP;
END $$;

DROP TABLE IF EXISTS public._dev_seed_added_defaults;

-- END dev-seeds/99_disable_timestamp_defaults.sql
\endif

-- BEGIN seeds/soomgil_demo_realistic_patch.sql

-- Realistic local demo patch.
-- Run after soomgil_demo_seoul_daejeon.sql. It is deterministic and safe to re-run.

BEGIN;

-- Give every profile a distinct combination of travel habits and interests.
WITH profile_context AS (
  SELECT u.user_id,
         row_number() OVER (ORDER BY u.user_id) AS rn,
         a.title AS favorite_place
  FROM auth.user_profiles u
  JOIN LATERAL (
    SELECT title
    FROM tourism_source.attractions
    ORDER BY md5(u.user_id::text || content_id::text)
    LIMIT 1
  ) a ON true
  WHERE u.user_id IN (SELECT md5('demo-user:' || n)::uuid FROM generate_series(1, 120) n)
), phrases AS (
  SELECT ARRAY[
    '주말 아침 첫차로 움직이는 편이에요.', '사람 적은 평일 여행을 좋아해요.',
    '맛집 하나와 산책길 하나면 충분해요.', '전시와 오래된 건물을 찾아다녀요.',
    '노을 시간에 맞춰 동선을 짜는 편입니다.', '아이와 무리 없는 코스를 기록해요.',
    '카메라 한 대 들고 골목을 오래 걷습니다.', '대중교통으로 갈 수 있는 곳을 모아요.',
    '시장과 동네 식당이 있는 여행을 좋아해요.', '숲길을 걷고 조용한 카페에서 쉬어요.',
    '친구들과 취향 투표로 일정을 정합니다.', '한 지역에 오래 머무는 느린 여행자예요.'
  ] openers,
  ARRAY[
    '요즘은 %s 주변을 더 천천히 보고 싶어요.', '%s에서 좋았던 시간을 다시 기록하는 중이에요.',
    '다음 목적지는 %s 근처로 정해두었습니다.', '%s처럼 걷기 좋은 장소를 추천받고 싶어요.',
    '%s의 계절별 풍경이 궁금합니다.', '%s에서 시작하는 반나절 코스를 만들고 있어요.',
    '최근 가장 기억에 남은 곳은 %s예요.', '%s 근처의 작은 가게를 찾는 재미에 빠졌어요.',
    '%s에 다시 가면 이번에는 골목부터 걸어볼 생각이에요.', '%s을 중심으로 친구들과 주말 계획을 짜고 있어요.'
  ] closers
)
UPDATE auth.user_profiles p
SET bio = phrases.openers[1 + ((c.rn - 1) % 12)] || ' ' ||
          format(phrases.closers[1 + (((c.rn - 1) / 12)::int % 10)], c.favorite_place),
    profile_image_url = 'https://daobk0bynum21.cloudfront.net/demo/profiles/' || p.user_id || '.png',
    updated_at = now()
FROM profile_context c CROSS JOIN phrases
WHERE p.user_id = c.user_id;

WITH names AS (
  SELECT ARRAY['하늘','서준','지민','유진','도현','서연','민재','지아','현준','수아',
    '예준','채원','도윤','예은','민준','지원','시우','나경','하준','다인',
    '재윤','소희','태윤','은서','준영','지안','승현','가은','현우','보민'] arr
), styles AS (
  SELECT ARRAY['주말산책','골목기록','느린여행','빛을담는'] arr
)
UPDATE auth.user_profiles p
SET display_name = styles.arr[1 + (((n - 21) / 30)::int % 4)] || ' ' ||
                   names.arr[1 + ((n - 21) % 30)],
    updated_at = now()
FROM generate_series(21, 120) n CROSS JOIN names CROSS JOIN styles
WHERE p.user_id = md5('demo-user:' || n)::uuid;

-- Keep demo01's dashboard focused: three active trips and one archived trip.
WITH demo_user AS (
  SELECT user_id
  FROM auth.user_email_addresses
  WHERE normalized_email = 'demo01@soomgil.local'
)
UPDATE trip.trip_members tm
SET status = 'REMOVED',
    left_at = now(),
    removed_by_user_id = NULL
FROM demo_user du
WHERE tm.user_id = du.user_id
  AND tm.status != 'REMOVED';

WITH demo_user AS (
  SELECT user_id
  FROM auth.user_email_addresses
  WHERE normalized_email = 'demo01@soomgil.local'
), visible_trips(trip_id) AS (
  VALUES
    ('dee764a6-e8d4-dc6c-7766-b4e13a939ea4'::uuid),
    ('c0000000-0000-4000-8000-000000000001'::uuid),
    ('c0000000-0000-4000-8000-000000000002'::uuid),
    ('c0000000-0000-4000-8000-000000000004'::uuid)
)
UPDATE trip.trip_members tm
SET status = 'ACTIVE',
    left_at = NULL,
    removed_by_user_id = NULL
FROM demo_user du, visible_trips v
WHERE tm.user_id = du.user_id
  AND tm.trip_id = v.trip_id;

-- Legacy showcase trips keep their original small party plus demo01 only.
WITH demo_users AS (
  SELECT md5('demo-user:' || n)::uuid AS user_id
  FROM generate_series(2, 120) n
), visible_legacy_trips(trip_id) AS (
  VALUES
    ('c0000000-0000-4000-8000-000000000001'::uuid),
    ('c0000000-0000-4000-8000-000000000002'::uuid),
    ('c0000000-0000-4000-8000-000000000004'::uuid)
)
UPDATE trip.trip_members tm
SET status = 'REMOVED',
    left_at = now(),
    removed_by_user_id = NULL
FROM demo_users du, visible_legacy_trips vt
WHERE tm.user_id = du.user_id
  AND tm.trip_id = vt.trip_id
  AND tm.status = 'ACTIVE';

WITH visible_trips(trip_id, trip_status) AS (
  VALUES
    ('dee764a6-e8d4-dc6c-7766-b4e13a939ea4'::uuid, 'ACTIVE'),
    ('c0000000-0000-4000-8000-000000000001'::uuid, 'ACTIVE'),
    ('c0000000-0000-4000-8000-000000000002'::uuid, 'ACTIVE'),
    ('c0000000-0000-4000-8000-000000000004'::uuid, 'ARCHIVED')
)
UPDATE trip.trips t
SET status = v.trip_status,
    updated_at = now()
FROM visible_trips v
WHERE t.id = v.trip_id;

-- Every visible demo01 trip has populated day groups and two concrete unscheduled options.
WITH visible_trips(trip_id, next_sort_order) AS (
  VALUES
    ('dee764a6-e8d4-dc6c-7766-b4e13a939ea4'::uuid, 3),
    ('c0000000-0000-4000-8000-000000000001'::uuid, 4),
    ('c0000000-0000-4000-8000-000000000002'::uuid, 3),
    ('c0000000-0000-4000-8000-000000000004'::uuid, 3)
)
INSERT INTO itinerary.itinerary_days
  (id, trip_id, group_type, day_number, date, title, sort_order, created_at, updated_at)
SELECT md5('demo-dashboard-unscheduled-day:' || v.trip_id)::uuid,
       v.trip_id, 'UNSCHEDULED', NULL, NULL, '미정', v.next_sort_order, now(), now()
FROM visible_trips v
WHERE NOT EXISTS (
  SELECT 1 FROM itinerary.itinerary_days d
  WHERE d.trip_id = v.trip_id AND d.group_type = 'UNSCHEDULED'
);

UPDATE itinerary.itinerary_days
SET title = '미정', updated_at = now()
WHERE group_type = 'UNSCHEDULED'
  AND trip_id IN (
    'dee764a6-e8d4-dc6c-7766-b4e13a939ea4'::uuid,
    'c0000000-0000-4000-8000-000000000001'::uuid,
    'c0000000-0000-4000-8000-000000000002'::uuid,
    'c0000000-0000-4000-8000-000000000004'::uuid
  );

UPDATE itinerary.itinerary_items i
SET deleted_at = now(), updated_at = now()
FROM itinerary.itinerary_days d
WHERE i.itinerary_day_id = d.id
  AND i.deleted_at IS NULL
  AND d.group_type = 'UNSCHEDULED'
  AND d.trip_id IN (
    'dee764a6-e8d4-dc6c-7766-b4e13a939ea4'::uuid,
    'c0000000-0000-4000-8000-000000000001'::uuid,
    'c0000000-0000-4000-8000-000000000002'::uuid,
    'c0000000-0000-4000-8000-000000000004'::uuid
  );

WITH places(trip_id, sort_order, external_place_id, place_name, address, lat, lng) AS (
  VALUES
    ('dee764a6-e8d4-dc6c-7766-b4e13a939ea4'::uuid, 0, 'dashboard-seoul-forest', '서울숲', '서울특별시 성동구 뚝섬로 273', 37.5444000, 127.0374000),
    ('dee764a6-e8d4-dc6c-7766-b4e13a939ea4'::uuid, 1, 'dashboard-seongsu-cafe', '성수동 카페거리', '서울특별시 성동구 성수동2가', 37.5446000, 127.0557000),
    ('c0000000-0000-4000-8000-000000000001'::uuid, 0, 'dashboard-hyeopjae', '협재해수욕장', '제주특별자치도 제주시 한림읍 협재리', 33.3940000, 126.2397000),
    ('c0000000-0000-4000-8000-000000000001'::uuid, 1, 'dashboard-camellia', '카멜리아힐', '제주특별자치도 서귀포시 안덕면 병악로 166', 33.2897000, 126.3689000),
    ('c0000000-0000-4000-8000-000000000002'::uuid, 0, 'dashboard-songdo-cablecar', '송도해상케이블카', '부산광역시 서구 송도해변로 171', 35.0768000, 129.0239000),
    ('c0000000-0000-4000-8000-000000000002'::uuid, 1, 'dashboard-huinnyeoul', '흰여울문화마을', '부산광역시 영도구 영선동4가 605-3', 35.0787000, 129.0443000),
    ('c0000000-0000-4000-8000-000000000004'::uuid, 0, 'dashboard-donggung', '동궁과 월지', '경상북도 경주시 원화로 102', 35.8348000, 129.2266000),
    ('c0000000-0000-4000-8000-000000000004'::uuid, 1, 'dashboard-hwangridan', '황리단길', '경상북도 경주시 포석로 일대', 35.8380000, 129.2090000)
), unscheduled_days AS (
  SELECT d.id, d.trip_id
  FROM itinerary.itinerary_days d
  WHERE d.group_type = 'UNSCHEDULED'
)
INSERT INTO itinerary.itinerary_items
  (id, trip_id, itinerary_day_id, sort_order, item_type, place_provider,
   external_place_id, place_name, address, lat, lng, thumbnail_url, source_status,
   created_at, updated_at)
SELECT md5('demo-dashboard-unscheduled-place:' || p.external_place_id)::uuid,
       p.trip_id, d.id, p.sort_order, 'PLACE', 'KTO', p.external_place_id,
       p.place_name, p.address, p.lat, p.lng,
       'https://daobk0bynum21.cloudfront.net/demo/legacy-places/' ||
         md5('KTO:' || p.external_place_id) || '/cover.jpg',
       'AVAILABLE', now(), now()
FROM places p
JOIN unscheduled_days d ON d.trip_id = p.trip_id
ON CONFLICT (id) DO UPDATE SET
  itinerary_day_id = EXCLUDED.itinerary_day_id,
  sort_order = EXCLUDED.sort_order,
  place_provider = EXCLUDED.place_provider,
  external_place_id = EXCLUDED.external_place_id,
  place_name = EXCLUDED.place_name,
  address = EXCLUDED.address,
  lat = EXCLUDED.lat,
  lng = EXCLUDED.lng,
  thumbnail_url = EXCLUDED.thumbnail_url,
  source_status = 'AVAILABLE',
  deleted_at = NULL,
  updated_at = now();

-- Normalize legacy demo place references to the only supported place provider.
UPDATE itinerary.itinerary_items
SET place_provider = 'KTO',
    updated_at = now()
WHERE place_provider = 'KAKAO';

UPDATE community.post_snapshot_items
SET place_provider = 'KTO'
WHERE place_provider = 'KAKAO';

-- Attribute two complete Seoul stories to demo01 without inflating the global post count.
WITH demo_user AS (
  SELECT user_id
  FROM auth.user_email_addresses
  WHERE normalized_email = 'demo01@soomgil.local'
)
UPDATE community.posts p
SET published_by_user_id = du.user_id,
    updated_at = now()
FROM demo_user du
WHERE p.id IN (
  md5('demo-post:palace-post')::uuid,
  md5('demo-post:night-post')::uuid
);

WITH demo_user AS (
  SELECT user_id
  FROM auth.user_email_addresses
  WHERE normalized_email = 'demo01@soomgil.local'
)
UPDATE media.media_files m
SET owner_user_id = du.user_id
FROM demo_user du
WHERE m.linked_resource_type = 'COMMUNITY_POST'
  AND m.linked_resource_id IN (
    md5('demo-post:palace-post')::uuid,
    md5('demo-post:night-post')::uuid
  );

-- Replace generated bulk titles and summaries with context-aware, individually different writing.
WITH post_context AS (
  SELECT g, p.id, p.source_trip_id, t.display_destination,
         COALESCE(items.place1, t.display_destination) AS place1,
         COALESCE(items.place2, items.place1, t.display_destination) AS place2
  FROM generate_series(1, 50) g
  JOIN community.posts p ON p.id = md5('demo-bulk-post:' || g)::uuid
  JOIN trip.trips t ON t.id = p.source_trip_id
  LEFT JOIN LATERAL (
    SELECT max(i.place_name) FILTER (WHERE i.rn = 1) AS place1,
           max(i.place_name) FILTER (WHERE i.rn = 2) AS place2
    FROM (
      SELECT ii.place_name, row_number() OVER (ORDER BY d.sort_order, ii.sort_order) rn
      FROM itinerary.itinerary_items ii
      JOIN itinerary.itinerary_days d ON d.id = ii.itinerary_day_id
      WHERE ii.trip_id = p.source_trip_id AND ii.deleted_at IS NULL
      LIMIT 2
    ) i
  ) items ON true
), copy AS (
  SELECT ARRAY[
    '%s 문 열자마자 들어가서 시작한 하루', '%s에서 뜻밖에 오래 머문 이유',
    '친구 셋이 직접 걸어본 %s 하루 코스', '비 오는 날에도 괜찮았던 %s 여행',
    '%s부터 %s까지, 서두르지 않은 주말', '사진보다 현장이 좋았던 %s 산책',
    '대중교통으로만 다녀온 %s 1박 2일', '%s 근처에서 찾은 조용한 장소들',
    '계획 절반만 지켰는데 더 좋았던 %s', '부모님과 천천히 둘러본 %s 여행'
  ] titles,
  ARRAY[
    ', 아침부터 늦은 점심까지', ', 비워둔 오후가 좋았던 날', ', 오래 남은 대화와 풍경',
    ', 예상 밖의 골목을 만나다', ', 다음 계절에 다시 걷고 싶은 길'
  ] title_endings,
  ARRAY[
    '%s은 오전에 가니 기다림이 짧았고, %s까지는 걸어서 이동했어요. 실제 소요 시간과 쉬어가기 좋았던 곳을 함께 적었습니다.',
    '유명한 장소를 많이 넣기보다 %s과 %s에 오래 머물렀습니다. 직접 걸어보니 좋았던 순서와 아쉬웠던 점까지 솔직하게 남겨요.',
    '%s에서 시작해 %s으로 넘어간 동선입니다. 일행마다 속도가 달라도 무리 없도록 중간 휴식 시간을 넉넉히 잡았어요.',
    '날씨가 흐려 계획을 바꿨지만 %s과 %s 덕분에 오히려 여유로운 하루가 됐어요. 비슷한 날씨에 쓸 수 있는 대안도 담았습니다.',
    '%s 주변은 점심 이후 붐벼 조금 일찍 움직였고, %s에서는 해 질 때까지 머물렀어요. 시간대별 분위기를 기록했습니다.',
    '처음 가는 사람도 따라가기 쉽도록 %s에서 %s까지 교통편과 도보 구간을 나눠 적었어요. 불필요했던 이동도 표시했습니다.',
    '%s을 중심으로 가까운 장소만 묶었습니다. %s까지 둘러봐도 일정이 빡빡하지 않아 대화하며 걷기 좋았어요.',
    '사진 촬영보다 함께 보내는 시간에 집중한 여행입니다. %s과 %s에서 기억에 남은 작은 순간들을 코스와 함께 정리했어요.',
    '%s은 기대 이상이었고 %s은 예상보다 사람이 많았습니다. 다음에 다시 간다면 바꾸고 싶은 순서도 덧붙였습니다.',
    '현지에서 추천받은 %s을 넣고 %s 주변 골목까지 걸었습니다. 관광지만 빠르게 도는 여행보다 동네 분위기를 느끼고 싶은 분께 맞아요.'
  ] summaries,
  ARRAY[
    ' 첫 방문에서 놓치기 쉬운 부분도 마지막에 따로 정리했습니다.',
    ' 실제 지출과 이동 시간은 일정 메모에서 확인할 수 있어요.',
    ' 일행 셋의 서로 다른 후기까지 장소별 기록에 남겼습니다.',
    ' 다시 간다면 바꾸고 싶은 한 가지도 숨기지 않고 적었어요.',
    ' 사진을 찍은 시간과 쉬어간 지점은 기록 탭에 표시해두었습니다.'
  ] summary_endings
)
UPDATE community.posts p
SET title = format(copy.titles[1 + ((c.g - 1) % 10)], c.place1, c.place2) ||
            copy.title_endings[1 + (((c.g - 1) / 10)::int % 5)],
    summary = format(copy.summaries[1 + (((c.g * 7) - 1) % 10)], c.place1, c.place2) ||
              copy.summary_endings[1 + (((c.g - 1) / 10)::int % 5)],
    updated_at = now()
FROM post_context c CROSS JOIN copy
WHERE p.id = c.id;

-- Remove the eight repeated expansion comments and rebuild six contextual comments per post.
DELETE FROM community.post_comments
WHERE post_id IN (SELECT md5('demo-bulk-post:' || g)::uuid FROM generate_series(1, 50) g);

WITH post_context AS (
  SELECT g, p.id AS post_id, p.published_by_user_id, p.published_at, t.display_destination,
         COALESCE(items.place1, t.display_destination) AS place1,
         COALESCE(items.place2, items.place1, t.display_destination) AS place2
  FROM generate_series(1, 50) g
  JOIN community.posts p ON p.id = md5('demo-bulk-post:' || g)::uuid
  JOIN trip.trips t ON t.id = p.source_trip_id
  LEFT JOIN LATERAL (
    SELECT max(i.place_name) FILTER (WHERE i.rn = 1) AS place1,
           max(i.place_name) FILTER (WHERE i.rn = 2) AS place2
    FROM (
      SELECT ii.place_name, row_number() OVER (ORDER BY d.sort_order, ii.sort_order) rn
      FROM itinerary.itinerary_items ii
      JOIN itinerary.itinerary_days d ON d.id = ii.itinerary_day_id
      WHERE ii.trip_id = p.source_trip_id AND ii.deleted_at IS NULL
      LIMIT 2
    ) i
  ) items ON true
), copy AS (
  SELECT ARRAY[
    '%s은 몇 시쯤 도착하셨어요? 주말 대기 시간이 궁금해요.', '%s에서 %s까지 실제로 걸으면 얼마나 걸렸나요?',
    '%s 주변에서 점심 먹기 괜찮았던 곳도 있었나요?', '%s은 아이와 같이 가도 이동이 힘들지 않을까요?',
    '%s 사진 빛이 정말 좋네요. 촬영 시간이 언제였는지 궁금해요.', '%s 근처 주차보다 대중교통이 더 편할까요?',
    '%s을 비 오는 날 가도 충분히 즐길 수 있을까요?', '%s에서 가장 오래 머문 구간은 어디였나요?',
    '%s 다음에 %s을 넣은 순서가 좋아 보여요. 반대로 가도 괜찮을까요?', '%s은 예약 없이 방문해도 되는지 알려주실 수 있나요?'
  ] questions,
  ARRAY[
    '%s은 생각보다 한적했어요. 코스 전체 분위기가 편안해 보여 저장했습니다.', '%s과 %s을 같은 날 묶을 생각을 못 했는데 동선이 자연스럽네요.',
    '저도 지난달 %s에 갔는데 계절이 달라서 사진 분위기가 완전히 다르네요.', '%s 근처는 잠깐 들르기만 했는데 다음에는 천천히 둘러봐야겠어요.',
    '이동 시간을 과장하지 않고 적어주셔서 계획 세우는 데 도움이 됐어요.', '%s에서 쉬어간 선택이 좋아 보여요. 일행에게 바로 공유했습니다.',
    '장소를 많이 넣지 않아 실제로 따라가기 좋은 일정 같아요.', '%s 주변 골목 이야기가 반갑네요. 저도 거기서 예상보다 오래 머물렀어요.',
    '사진만 봐도 그날 날씨와 분위기가 느껴져요. 기록 잘 보고 갑니다.', '%s 코스는 부모님과 가기에도 좋아 보여서 리트립했어요.'
  ] reactions,
  ARRAY[
    '%s 근처에서는 작은 골목으로 한 블록만 들어가도 훨씬 조용해요.', '%s은 마감 한 시간 전보다 오전 방문이 여유로웠습니다.',
    '%s에서 %s 방향으로 갈 때 버스보다 지하철 환승이 빨랐어요.', '%s 주변 공용 보관함을 쓰면 짐 들고 걷지 않아도 돼요.',
    '%s은 햇빛이 강해서 여름에는 모자나 양산을 챙기는 게 좋습니다.', '%s 근처 카페는 오후 두 시 전후로 자리가 빨리 차더라고요.',
    '%s은 평일 마지막 입장 시간도 꼭 확인하고 가세요.', '%s 주변은 저녁이 되면 분위기가 달라져 한 번 더 걷기 좋아요.',
    '%s에서 사진 찍을 때 정문보다 옆 산책로가 덜 붐볐어요.', '%s과 %s 사이에 잠깐 쉴 벤치가 많아 천천히 이동해도 괜찮습니다.'
  ] tips,
  ARRAY[
    '이번 주 토요일에 가려고 해서 미리 여쭤봐요.',
    '다음 달 부모님과 가기 전에 확인하고 싶어요.',
    '친구들과 오전 일정으로 잡아두었습니다.',
    '비슷한 코스로 혼자 걸어볼 계획이에요.',
    '기차 시간에 맞춰 동선을 조정하는 중입니다.'
  ] question_contexts,
  ARRAY[
    '주말 계획방에 바로 공유했어요.',
    '사진 좋아하는 친구가 특히 좋아할 것 같아요.',
    '다음 달 일정 후보에 넣어두었습니다.',
    '저희 일행 취향에도 잘 맞을 것 같아요.',
    '비슷한 속도로 여행하는 분들께도 추천하고 싶네요.'
  ] reaction_contexts,
  ARRAY[
    '지난주에 다녀온 기억이 나서 남겨봅니다.',
    '근처에서 일하는 친구에게 들은 내용도 같았어요.',
    '처음 가는 분들이 놓치기 쉬운 부분이더라고요.',
    '계절이 바뀌면 운영 시간이 달라질 수도 있어요.',
    '저희 일행도 이 정보 덕분에 이동이 편했습니다.'
  ] tip_contexts,
  ARRAY[
    '저희는 오전 %s부터 시작해서 기다림이 거의 없었어요. 점심 이후에는 사람이 조금 늘었습니다.',
    '%s까지 사진 찍으며 천천히 걸어서 약 한 시간 정도 걸렸어요. 빠르게 걸으면 더 짧아요.',
    '%s에서 두 블록 정도 떨어진 작은 식당을 이용했어요. 게시글 일정 메모에도 위치를 추가해둘게요.',
    '경사가 심한 구간은 없었지만 %s에서 한 번 쉬어가면 아이도 무리 없을 것 같아요.',
    '해 지기 한 시간 전쯤 %s에 도착했어요. 흐린 날에는 조금 더 일찍 가는 편이 좋습니다.',
    '저희는 대중교통을 이용했고 %s 입구까지 걷는 길도 어렵지 않았어요.',
    '실내 구간이 있어 괜찮지만 %s 주변 산책은 우산이 필요해요. 비가 세면 순서를 바꾸는 걸 추천합니다.',
    '%s에서 전시와 주변 길까지 합쳐 두 시간 가까이 머물렀어요.',
    '반대 순서도 가능하지만 저녁 풍경은 %s 쪽이 더 좋아서 지금 순서를 추천해요.',
    '저희가 갔을 때는 현장 입장이 가능했어요. 다만 주말에는 %s 공식 안내를 한 번 확인하는 게 안전합니다.'
  ] answers
), roots AS (
  SELECT c.*, slot,
         CASE slot
           WHEN 1 THEN format(copy.questions[1 + ((c.g - 1) % 10)], c.place1, c.place2)
           WHEN 2 THEN format(copy.reactions[1 + (((c.g * 3) - 1) % 10)], c.place1, c.place2)
           ELSE format(copy.tips[1 + (((c.g * 7) - 1) % 10)], c.place1, c.place2)
         END || ' ' || CASE slot
           WHEN 1 THEN copy.question_contexts[1 + (((c.g - 1) / 10)::int % 5)]
           WHEN 2 THEN copy.reaction_contexts[1 + (((c.g - 1) / 10)::int % 5)]
           ELSE copy.tip_contexts[1 + (((c.g - 1) / 10)::int % 5)]
         END AS content
  FROM post_context c CROSS JOIN generate_series(1, 3) slot CROSS JOIN copy
)
INSERT INTO community.post_comments
  (id, post_id, parent_comment_id, author_user_id, content, depth, moderation_status, created_at, updated_at)
SELECT md5('demo-real-comment:' || g || ':' || slot)::uuid, post_id, NULL,
       md5('demo-user:' || (1 + ((g * 19 + slot * 23) % 120)))::uuid,
       content, 0, 'VISIBLE', published_at + make_interval(hours => 5 + slot * 7),
       published_at + make_interval(hours => 5 + slot * 7)
FROM roots
ON CONFLICT (id) DO UPDATE SET content = EXCLUDED.content, updated_at = EXCLUDED.updated_at;

WITH post_context AS (
  SELECT g, p.id AS post_id, p.published_by_user_id, p.published_at,
         COALESCE(items.place1, t.display_destination) AS place1,
         COALESCE(items.place2, items.place1, t.display_destination) AS place2
  FROM generate_series(1, 50) g
  JOIN community.posts p ON p.id = md5('demo-bulk-post:' || g)::uuid
  JOIN trip.trips t ON t.id = p.source_trip_id
  LEFT JOIN LATERAL (
    SELECT max(i.place_name) FILTER (WHERE i.rn = 1) AS place1,
           max(i.place_name) FILTER (WHERE i.rn = 2) AS place2
    FROM (
      SELECT ii.place_name, row_number() OVER (ORDER BY d.sort_order, ii.sort_order) rn
      FROM itinerary.itinerary_items ii JOIN itinerary.itinerary_days d ON d.id = ii.itinerary_day_id
      WHERE ii.trip_id = p.source_trip_id AND ii.deleted_at IS NULL LIMIT 2
    ) i
  ) items ON true
), answers AS (
  SELECT ARRAY[
    '오전 일찍 움직여 기다림이 거의 없었어요. %s은 점심 무렵부터 사람이 조금 늘었습니다.',
    '사진 찍으며 천천히 걸어서 한 시간 정도 걸렸어요. %s에서 쉬어간 시간은 제외했습니다.',
    '%s 근처 골목의 작은 식당을 이용했어요. 위치를 일정 메모에 추가해둘게요.',
    '경사가 심하지는 않았지만 %s에서 한 번 쉬어가니 훨씬 편했습니다.',
    '해 지기 한 시간 전쯤 %s에 도착했어요. 그때부터 빛이 부드러워졌습니다.',
    '저희는 대중교통을 이용했고 %s 입구까지 걷는 길도 어렵지 않았어요.',
    '실내 구간은 괜찮지만 %s 주변을 걸으려면 우산이 필요해요.',
    '%s에서 전시와 주변 길까지 합쳐 두 시간 가까이 머물렀습니다.',
    '반대 순서도 가능하지만 저녁 풍경은 %s 쪽이 더 좋아 지금 순서를 추천해요.',
    '저희가 갔을 때는 현장 입장이 가능했어요. 주말에는 %s 공식 안내를 확인하는 게 안전합니다.'
  ] arr,
  ARRAY[
    '이번에는 친구 둘과 함께 움직였습니다.',
    '저희 일행은 걷는 속도가 조금 느린 편이에요.',
    '사진을 좋아하는 친구와 둘이 다녀왔습니다.',
    '아이와 함께라 휴식 시간을 넉넉히 잡았어요.',
    '부모님과 가는 일정이라 이동을 짧게 나눴습니다.',
    '세 명이 각자 보고 싶은 곳을 하나씩 골랐어요.',
    '혼자 다녀온 일정이라 현장에서 순서를 자주 바꿨습니다.',
    '오랜만에 만난 친구와 대화하며 천천히 걸었어요.',
    '당일치기라 돌아오는 기차 시간을 먼저 정해두었습니다.',
    '짐이 많지 않아 대부분 구간을 걸어서 이동했어요.'
  ] details,
  ARRAY[
    '도움이 되었으면 좋겠어요.',
    '다녀오신 뒤 분위기가 어땠는지도 궁금하네요.',
    '일정이 바뀌면 본문 메모도 같이 고쳐둘게요.',
    '무리하지 말고 중간에 꼭 쉬어가세요.',
    '교통편은 당일에 한 번 더 확인하는 걸 추천해요.'
  ] contexts
), replies AS (
  SELECT c.*, slot,
         CASE slot
           WHEN 1 THEN format(answers.arr[1 + ((c.g - 1) % 10)], c.place1, c.place2)
           WHEN 2 THEN format('맞아요. 특히 %s에서 잠깐 쉬어가니 일정이 훨씬 여유로웠어요. 다음에는 다른 계절에도 가보려고요.', c.place2)
           ELSE format('추가 팁 감사합니다! %s 주변 정보는 본문 일정 메모에도 반영해두었습니다.', c.place1)
         END || ' ' || answers.details[1 + ((c.g + slot * 3 - 1) % 10)] || ' ' ||
         answers.contexts[1 + ((((c.g - 1) / 10)::int + slot - 1) % 5)] AS content
  FROM post_context c CROSS JOIN generate_series(1, 3) slot CROSS JOIN answers
)
INSERT INTO community.post_comments
  (id, post_id, parent_comment_id, author_user_id, content, depth, moderation_status, created_at, updated_at)
SELECT md5('demo-real-reply:' || g || ':' || slot)::uuid, post_id,
       md5('demo-real-comment:' || g || ':' || slot)::uuid,
       CASE WHEN slot IN (1, 3) THEN published_by_user_id
            ELSE md5('demo-user:' || (1 + ((g * 29 + 41) % 120)))::uuid END,
       content, 1, 'VISIBLE', published_at + make_interval(hours => 9 + slot * 7),
       published_at + make_interval(hours => 9 + slot * 7)
FROM replies
ON CONFLICT (id) DO UPDATE SET content = EXCLUDED.content, updated_at = EXCLUDED.updated_at;

-- Turn the authored base exchanges into actual parent/reply relationships.
UPDATE community.post_comments reply
SET parent_comment_id = parent.id, depth = 1
FROM community.post_comments parent
WHERE (reply.id, parent.id) IN (
  VALUES
    (md5('demo-comment:palace-post:1:1')::uuid, md5('demo-comment:palace-post:11:1')::uuid),
    (md5('demo-comment:night-post:5:1')::uuid, md5('demo-comment:night-post:10:1')::uuid),
    (md5('demo-comment:seongsu-post:3:2')::uuid, md5('demo-comment:seongsu-post:15:2')::uuid),
    (md5('demo-comment:science-post:12:1')::uuid, md5('demo-comment:science-post:6:1')::uuid),
    (md5('demo-comment:green-post:8:1')::uuid, md5('demo-comment:green-post:17:1')::uuid),
    (md5('demo-comment:modern-post:7:4')::uuid, md5('demo-comment:modern-post:16:4')::uuid)
);

-- Give every demo post a different, believable like count and time distribution.
DELETE FROM community.post_likes
WHERE post_id IN (
  SELECT md5('demo-post:' || k)::uuid FROM (VALUES
    ('palace-post'), ('night-post'), ('seongsu-post'), ('science-post'), ('bread-post'),
    ('green-post'), ('modern-post'), ('family-post'), ('autumn-post')
  ) v(k)
  UNION ALL
  SELECT md5('demo-bulk-post:' || g)::uuid FROM generate_series(1, 50) g
);

WITH demo_posts AS (
  SELECT p.id, p.published_by_user_id, p.published_at,
         row_number() OVER (ORDER BY p.published_at, p.id) AS rn
  FROM community.posts p
  WHERE p.id IN (
    SELECT md5('demo-post:' || k)::uuid FROM (VALUES
      ('palace-post'), ('night-post'), ('seongsu-post'), ('science-post'), ('bread-post'),
      ('green-post'), ('modern-post'), ('family-post'), ('autumn-post')
    ) v(k)
    UNION ALL
    SELECT md5('demo-bulk-post:' || g)::uuid FROM generate_series(1, 50) g
  )
), candidates AS (
  SELECT p.*, u,
         row_number() OVER (PARTITION BY p.id ORDER BY md5(p.id::text || u::text)) AS like_rank,
         11 + ((p.rn * 37 + 13) % 91) AS target_count
  FROM demo_posts p CROSS JOIN generate_series(1, 120) u
  WHERE md5('demo-user:' || u)::uuid <> p.published_by_user_id
)
INSERT INTO community.post_likes(post_id, user_id, created_at)
SELECT id, md5('demo-user:' || u)::uuid,
       published_at + make_interval(hours => (like_rank * 5 + rn * 3)::int)
FROM candidates
WHERE like_rank <= target_count
ON CONFLICT DO NOTHING;

-- Diversify trip record writing using its actual place and capture time.
WITH copy AS (
  SELECT ARRAY[
    '%s에서 시작한 느린 아침', '%s, 계획보다 오래 머문 곳', '%s에서 우리끼리 찾은 장면',
    '비가 그친 뒤의 %s', '%s 골목 끝에서 만난 풍경', '%s에서 잠깐 쉬어간 시간',
    '해 질 무렵 다시 본 %s', '%s에서 남긴 여행의 온도', '%s, 돌아와서도 생각난 순간',
    '사람이 빠진 뒤의 %s', '%s에서 우연히 맞은 좋은 빛', '다음에도 걷고 싶은 %s'
  ] titles,
  ARRAY[
    '예정보다 일찍 도착해 조용한 %s을 천천히 둘러봤다. 서두르지 않아 주변 소리까지 오래 기억에 남는다.',
    '%s에서 사진을 찍다가 근처 길까지 걷게 됐다. 계획에는 없었지만 이번 여행에서 가장 좋았던 시간.',
    '함께 간 사람마다 좋았던 지점이 달랐던 %s. 잠깐 앉아 이야기를 나눈 순간이 사진보다 선명하다.',
    '날씨 때문에 순서를 바꿔 도착한 %s. 덕분에 사람이 적어 오히려 천천히 볼 수 있었다.',
    '%s을 보고 바로 이동하려 했지만 주변 풍경이 좋아 한참 더 머물렀다. 다음에는 다른 계절에 와보고 싶다.',
    '긴 이동 뒤 %s에서 쉬어갔다. 일정 사이에 비워둔 시간이 여행의 가장 좋은 장면이 되었다.',
    '%s에 도착했을 때 빛이 조금씩 바뀌고 있었다. 같은 장소도 시간에 따라 분위기가 완전히 달랐다.',
    '친구가 먼저 발견한 %s의 작은 풍경. 다 같이 걸었기에 남길 수 있었던 기록이다.',
    '%s은 기대했던 모습과 달랐지만 그래서 더 기억에 남는다. 직접 와봐야 알 수 있는 분위기가 있었다.',
    '마감이 가까워진 %s은 낮보다 조용했다. 짧게 보려던 계획을 바꿔 마지막까지 머물렀다.'
  ] captions
)
UPDATE record.trip_record_entries r
SET title = format(copy.titles[1 + (abs(hashtext(r.id::text)) % 12)], r.location_name),
    caption = format(copy.captions[1 + (abs(hashtext(r.id::text || 'caption')) % 10)], r.location_name),
    updated_at = now()
FROM copy
WHERE r.id IN (
  SELECT md5('demo-record:' || i.id)::uuid FROM itinerary.itinerary_items i
  UNION ALL
  SELECT md5('demo-bulk-record:' || i.id)::uuid FROM itinerary.itinerary_items i
);

UPDATE record.trip_record_media rm
SET caption = r.title
FROM record.trip_record_entries r
WHERE rm.record_entry_id = r.id
  AND (r.id IN (SELECT md5('demo-record:' || i.id)::uuid FROM itinerary.itinerary_items i)
       OR r.id IN (SELECT md5('demo-bulk-record:' || i.id)::uuid FROM itinerary.itinerary_items i));

-- Add portrait photos to demo01's Seoul records so the masonry feed exercises mixed ratios.
WITH demo_user AS (
  SELECT user_id
  FROM auth.user_email_addresses
  WHERE normalized_email = 'demo01@soomgil.local'
), portrait_targets AS (
  SELECT DISTINCT ON (r.id) r.id AS record_id, r.uploaded_by_user_id
  FROM record.trip_record_entries r
  JOIN record.trip_record_media rm ON rm.record_entry_id = r.id
  JOIN media.media_files existing ON existing.id = rm.media_file_id
  JOIN demo_user du ON du.user_id = r.uploaded_by_user_id
  JOIN trip.trips t ON t.id = r.trip_id
  WHERE r.status = 'ACTIVE'
    AND t.display_destination LIKE '서울%'
    AND existing.public_url IS NOT NULL
    AND existing.width >= existing.height
  ORDER BY r.id, existing.created_at
  LIMIT 5
)
INSERT INTO media.media_files
  (id, owner_user_id, storage_provider, bucket, object_key, public_url, mime_type,
   byte_size, width, height, linked_resource_type, linked_resource_id, status, created_at)
SELECT md5('demo-portrait-media:' || record_id)::uuid,
       uploaded_by_user_id,
       'S3_COMPATIBLE',
       'soomgil-media-dev-337872593610-ap-northeast-2-an',
       'demo/records/' || record_id || '/portrait-v2.jpg',
       'https://daobk0bynum21.cloudfront.net/demo/records/' || record_id || '/portrait-v2.jpg',
       'image/jpeg', 420000, 900, 1350, 'TRIP_RECORD', record_id, 'ACTIVE', now()
FROM portrait_targets
ON CONFLICT (id) DO UPDATE SET
  bucket = EXCLUDED.bucket,
  object_key = EXCLUDED.object_key,
  public_url = EXCLUDED.public_url,
  mime_type = EXCLUDED.mime_type,
  width = EXCLUDED.width,
  height = EXCLUDED.height,
  status = 'ACTIVE',
  deleted_at = NULL,
  purge_after_at = NULL,
  purged_at = NULL;

WITH demo_user AS (
  SELECT user_id
  FROM auth.user_email_addresses
  WHERE normalized_email = 'demo01@soomgil.local'
), portrait_targets AS (
  SELECT DISTINCT ON (r.id) r.id AS record_id
  FROM record.trip_record_entries r
  JOIN record.trip_record_media rm ON rm.record_entry_id = r.id
  JOIN media.media_files existing ON existing.id = rm.media_file_id
  JOIN demo_user du ON du.user_id = r.uploaded_by_user_id
  JOIN trip.trips t ON t.id = r.trip_id
  WHERE r.status = 'ACTIVE'
    AND t.display_destination LIKE '서울%'
    AND existing.public_url IS NOT NULL
    AND existing.width >= existing.height
  ORDER BY r.id, existing.created_at
  LIMIT 5
)
INSERT INTO record.trip_record_media
  (record_entry_id, media_file_id, sort_order, caption, created_at)
SELECT record_id,
       md5('demo-portrait-media:' || record_id)::uuid,
       1,
       '세로 구도로 남긴 여행 순간',
       now()
FROM portrait_targets
ON CONFLICT (record_entry_id, media_file_id) DO UPDATE SET caption = EXCLUDED.caption;

WITH ranked_portraits AS (
  SELECT rm.record_entry_id,
         rm.media_file_id,
         row_number() OVER (ORDER BY m.object_key, rm.media_file_id) AS rn
  FROM record.trip_record_media rm
  JOIN record.trip_record_entries r ON r.id = rm.record_entry_id
  JOIN media.media_files m ON m.id = rm.media_file_id
  JOIN auth.user_email_addresses e ON e.user_id = r.uploaded_by_user_id
  WHERE e.normalized_email = 'demo01@soomgil.local'
    AND m.object_key LIKE 'demo/records/%/portrait%.jpg'
    AND m.height > m.width
    AND m.status = 'ACTIVE'
)
DELETE FROM record.trip_record_media rm
USING ranked_portraits rp
WHERE rp.record_entry_id = rm.record_entry_id
  AND rp.media_file_id = rm.media_file_id
  AND rp.rn > 5;

-- Move one repeated landscape record photo to a fresh object key for cache-safe replacement.
UPDATE media.media_files
SET object_key = 'demo/records/babfeef3-afc7-faa3-2a4a-7b4d8f494a52/cover-v2.jpg',
    public_url = 'https://daobk0bynum21.cloudfront.net/demo/records/babfeef3-afc7-faa3-2a4a-7b4d8f494a52/cover-v2.jpg'
WHERE id = '2cbad789-f9b3-bbc8-e43a-fef0af5af740';

-- All demo URLs point to real objects uploaded by sync-demo-media.py.
UPDATE auth.user_profiles p
SET profile_image_url = 'https://daobk0bynum21.cloudfront.net/demo/profiles/' || p.user_id || '.png',
    updated_at = now()
WHERE p.user_id::text LIKE 'a0000000-%';

UPDATE media.media_files m
SET bucket = 'soomgil-media-dev-337872593610-ap-northeast-2-an',
    object_key = 'demo/profiles/' || m.linked_resource_id || '.png',
    public_url = 'https://daobk0bynum21.cloudfront.net/demo/profiles/' || m.linked_resource_id || '.png',
    mime_type = 'image/png'
WHERE m.linked_resource_type = 'auth.users'
  AND m.linked_resource_id::text LIKE 'a0000000-%';

UPDATE media.media_files m
SET bucket = 'soomgil-media-dev-337872593610-ap-northeast-2-an',
    object_key = 'demo/trips/' || m.linked_resource_id || '/' || m.id || '.jpg',
    public_url = 'https://daobk0bynum21.cloudfront.net/demo/trips/' || m.linked_resource_id || '/' || m.id || '.jpg'
WHERE m.linked_resource_type = 'trip.trips'
  AND m.linked_resource_id::text LIKE 'c0000000-%';

UPDATE tourism_source.attractions
SET first_image1 = 'https://daobk0bynum21.cloudfront.net/demo/places/' || content_id || '/cover.jpg',
    first_image2 = 'https://daobk0bynum21.cloudfront.net/demo/places/' || content_id || '/detail.jpg'
WHERE content_id BETWEEN 10001 AND 10040 OR content_id BETWEEN 20001 AND 20028;

UPDATE tourism_source.attraction_images ai
SET storage_provider = 'S3_COMPATIBLE',
    bucket = 'soomgil-media-dev-337872593610-ap-northeast-2-an',
    object_key = 'demo/places/' || a.content_id || '/cover.jpg',
    public_url = 'https://daobk0bynum21.cloudfront.net/demo/places/' || a.content_id || '/cover.jpg',
    updated_at = now()
FROM tourism_source.attractions a
WHERE ai.attraction_no = a.no
  AND (a.content_id BETWEEN 10001 AND 10040 OR a.content_id BETWEEN 20001 AND 20028);

UPDATE media.media_files
SET bucket = 'soomgil-media-dev-337872593610-ap-northeast-2-an',
    public_url = 'https://daobk0bynum21.cloudfront.net/' || object_key
WHERE object_key LIKE 'demo/%';

WITH posts_without_media AS (
  SELECT p.*
  FROM community.posts p
  WHERE p.deleted_at IS NULL
    AND p.cover_media_file_id IS NULL
    AND NOT EXISTS (SELECT 1 FROM community.post_media pm WHERE pm.post_id = p.id)
)
INSERT INTO media.media_files
  (id, owner_user_id, storage_provider, bucket, object_key, public_url, mime_type,
   byte_size, width, height, linked_resource_type, linked_resource_id, status, created_at)
SELECT md5('demo-legacy-community-cover:' || p.id)::uuid,
       p.published_by_user_id,
       'S3_COMPATIBLE',
       'soomgil-media-dev-337872593610-ap-northeast-2-an',
       'demo/legacy-community/' || p.id || '/cover.jpg',
       'https://daobk0bynum21.cloudfront.net/demo/legacy-community/' || p.id || '/cover.jpg',
       'image/jpeg', 420000, 1400, 900, 'COMMUNITY_POST', p.id, 'ACTIVE', p.published_at
FROM posts_without_media p
ON CONFLICT (id) DO UPDATE SET
  object_key = EXCLUDED.object_key,
  public_url = EXCLUDED.public_url,
  bucket = EXCLUDED.bucket;

WITH posts_without_media AS (
  SELECT p.*
  FROM community.posts p
  WHERE p.deleted_at IS NULL
    AND p.cover_media_file_id IS NULL
    AND NOT EXISTS (SELECT 1 FROM community.post_media pm WHERE pm.post_id = p.id)
)
INSERT INTO community.post_media
  (id, post_id, media_file_id, sort_order, caption, created_at)
SELECT md5('demo-legacy-community-post-media:' || p.id)::uuid,
       p.id,
       md5('demo-legacy-community-cover:' || p.id)::uuid,
       0,
       p.title,
       p.published_at
FROM posts_without_media p
ON CONFLICT (id) DO NOTHING;

UPDATE community.posts p
SET cover_media_file_id = (
      SELECT pm.media_file_id
      FROM community.post_media pm
      WHERE pm.post_id = p.id
      ORDER BY pm.sort_order, pm.created_at
      LIMIT 1
    ),
    updated_at = now()
WHERE p.cover_media_file_id IS NULL
  AND EXISTS (SELECT 1 FROM community.post_media pm WHERE pm.post_id = p.id);

UPDATE itinerary.itinerary_items i
SET thumbnail_url = a.first_image1, updated_at = now()
FROM tourism_source.attractions a
WHERE i.place_provider = 'KTO' AND i.external_place_id = a.content_id::text
  AND (a.content_id BETWEEN 10001 AND 10040 OR a.content_id BETWEEN 20001 AND 20028);

UPDATE itinerary.itinerary_items i
SET thumbnail_url = 'https://daobk0bynum21.cloudfront.net/demo/legacy-places/' ||
      md5(COALESCE(i.place_provider, 'CUSTOM') || ':' || COALESCE(i.external_place_id, i.id::text)) ||
      '/cover.jpg',
    updated_at = now()
WHERE i.thumbnail_url LIKE 'https://cdn.soomgil.test/%'
   OR (i.thumbnail_url IS NULL AND i.trip_id::text LIKE 'c0000000-%');

UPDATE community.post_snapshot_items i
SET thumbnail_url = a.first_image1
FROM tourism_source.attractions a
WHERE i.place_provider = 'KTO' AND i.external_place_id = a.content_id::text
  AND (a.content_id BETWEEN 10001 AND 10040 OR a.content_id BETWEEN 20001 AND 20028);

UPDATE community.post_snapshot_items i
SET thumbnail_url = 'https://daobk0bynum21.cloudfront.net/demo/legacy-places/' ||
      md5(COALESCE(i.place_provider, 'CUSTOM') || ':' || COALESCE(i.external_place_id, i.id::text)) ||
      '/cover.jpg'
WHERE i.thumbnail_url LIKE 'https://cdn.soomgil.test/%';

-- Refresh the immutable-looking post payload after replacing itinerary and profile images.
UPDATE community.posts p
SET snapshot = jsonb_build_object(
  'days', COALESCE((
    SELECT jsonb_agg(jsonb_build_object(
      'id', d.id, 'tripId', d.trip_id, 'groupType', d.group_type,
      'dayNumber', d.day_number, 'date', d.date, 'title', d.title, 'sortOrder', d.sort_order,
      'items', COALESCE((
        SELECT jsonb_agg(jsonb_build_object(
          'id', i.id, 'itineraryDayId', i.itinerary_day_id, 'sortOrder', i.sort_order,
          'itemType', i.item_type,
          'placeRef', jsonb_build_object('provider', i.place_provider, 'externalPlaceId', i.external_place_id),
          'placeName', i.place_name, 'address', i.address, 'lat', i.lat, 'lng', i.lng,
          'thumbnailUrl', i.thumbnail_url, 'sourceStatus', i.source_status
        ) ORDER BY i.sort_order)
        FROM itinerary.itinerary_items i
        WHERE i.itinerary_day_id = d.id AND i.deleted_at IS NULL
      ), '[]'::jsonb)
    ) ORDER BY d.sort_order)
    FROM itinerary.itinerary_days d WHERE d.trip_id = p.source_trip_id
  ), '[]'::jsonb),
  'routes', COALESCE((
    SELECT jsonb_agg(jsonb_build_object(
      'id', r.id, 'originItineraryItemId', r.origin_itinerary_item_id,
      'destinationItineraryItemId', r.destination_itinerary_item_id,
      'mode', r.mode, 'provider', r.provider, 'providerProfile', r.provider_profile,
      'geometryFormat', r.geometry_format, 'geometry', r.geometry,
      'distanceMeters', r.distance_meters, 'durationSeconds', r.duration_seconds,
      'confidence', r.confidence
    ) ORDER BY r.created_at)
    FROM itinerary.trip_routes r WHERE r.trip_id = p.source_trip_id AND r.deleted_at IS NULL
  ), '[]'::jsonb),
  'authorDisplay', (
    SELECT jsonb_build_object('id', u.user_id, 'displayName', u.display_name,
      'profileImageUrl', u.profile_image_url)
    FROM auth.user_profiles u WHERE u.user_id = p.published_by_user_id
  )
)
WHERE p.id IN (SELECT md5('demo-bulk-post:' || g)::uuid FROM generate_series(1, 50) g)
   OR p.id IN (SELECT md5('demo-post:' || k)::uuid FROM (VALUES
     ('palace-post'), ('night-post'), ('seongsu-post'), ('science-post'), ('bread-post'),
     ('green-post'), ('modern-post'), ('family-post'), ('autumn-post')) v(k));

UPDATE community.post_media pm
SET caption = CASE pm.sort_order
  WHEN 0 THEN p.title || '의 대표 장면'
  ELSE p.title || '에서 오래 기억에 남은 순간'
END
FROM community.posts p
WHERE pm.post_id = p.id
  AND (p.id IN (SELECT md5('demo-bulk-post:' || g)::uuid FROM generate_series(1, 50) g)
       OR p.id IN (SELECT md5('demo-post:' || k)::uuid FROM (VALUES
         ('palace-post'), ('night-post'), ('seongsu-post'), ('science-post'), ('bread-post'),
         ('green-post'), ('modern-post'), ('family-post'), ('autumn-post')) v(k)));

COMMIT;

SELECT 'demo_users' metric, count(*) value FROM auth.users
WHERE id IN (SELECT md5('demo-user:' || n)::uuid FROM generate_series(1, 120) n)
UNION ALL SELECT 'demo_posts', count(*) FROM community.posts
WHERE id IN (SELECT md5('demo-bulk-post:' || g)::uuid FROM generate_series(1, 50) g)
   OR id IN (SELECT md5('demo-post:' || k)::uuid FROM (VALUES
     ('palace-post'), ('night-post'), ('seongsu-post'), ('science-post'), ('bread-post'),
     ('green-post'), ('modern-post'), ('family-post'), ('autumn-post')) v(k))
UNION ALL SELECT 'demo_comments', count(*) FROM community.post_comments
WHERE post_id IN (SELECT md5('demo-bulk-post:' || g)::uuid FROM generate_series(1, 50) g)
   OR post_id IN (SELECT md5('demo-post:' || k)::uuid FROM (VALUES
     ('palace-post'), ('night-post'), ('seongsu-post'), ('science-post'), ('bread-post'),
     ('green-post'), ('modern-post'), ('family-post'), ('autumn-post')) v(k))
UNION ALL SELECT 'demo_likes', count(*) FROM community.post_likes
WHERE post_id IN (SELECT md5('demo-bulk-post:' || g)::uuid FROM generate_series(1, 50) g)
   OR post_id IN (SELECT md5('demo-post:' || k)::uuid FROM (VALUES
     ('palace-post'), ('night-post'), ('seongsu-post'), ('science-post'), ('bread-post'),
     ('green-post'), ('modern-post'), ('family-post'), ('autumn-post')) v(k));

-- END seeds/soomgil_demo_realistic_patch.sql

-- BEGIN seeds/soomgil_demo_kto_places.sql


-- Snapshot captured from KorService2 searchKeyword2/detailImage2 on 2026-06-24.
-- These are the only itinerary places visible to demo01 after the realistic patch.
BEGIN;

CREATE TEMP TABLE demo_kto_places (
  item_id uuid PRIMARY KEY,
  content_id text NOT NULL,
  title text NOT NULL,
  address text NOT NULL,
  lat numeric(10, 7) NOT NULL,
  lng numeric(10, 7) NOT NULL,
  image_url text NOT NULL
) ON COMMIT DROP;

INSERT INTO demo_kto_places VALUES
  ('d4714833-c902-4ad3-3a50-b765306a89a2', '126508', '경복궁', '서울특별시 종로구 사직로 161 (세종로)', 37.5760307, 126.9767219, 'https://tong.visitkorea.or.kr/cms/resource/98/3487598_image2_1.jpg'),
  ('cfa947f9-d2c0-0e32-6622-23a620ef101c', '126537', '북촌한옥마을', '서울특별시 종로구 계동길 37 (계동)', 37.5790529, 126.9867060, 'https://tong.visitkorea.or.kr/cms/resource/04/3304404_image2_1.jpg'),
  ('0f1a0846-8b80-8a48-8a83-fb7580c62b14', '2650046', '익선동 한옥거리', '서울특별시 종로구 익선동', 37.5734657, 126.9897757, 'https://tong.visitkorea.or.kr/cms/resource/54/3497254_image2_1.jpg'),
  ('b41daeb9-be11-d4cb-6ff0-3a28d72a43b1', '129507', '청계천', '서울특별시 종로구 창신동', 37.5696470, 127.0050743, 'https://tong.visitkorea.or.kr/cms/resource_photo/34/3538134_image2_1.jpg'),
  ('e7cd594c-9fab-7212-3978-40a65e361c1f', '126509', '덕수궁', '서울특별시 중구 세종대로 99 (정동)', 37.5650549, 126.9765746, 'https://tong.visitkorea.or.kr/cms/resource/44/3584644_image2_1.jpg'),
  ('6b651785-82cc-d234-2e7f-4a1e677e3f62', '2470006', '동대문디자인플라자 DDP', '서울특별시 중구 을지로 281 (을지로7가)', 37.5661076, 127.0095710, 'https://tong.visitkorea.or.kr/cms/resource/06/3539606_image2_1.jpg'),
  ('509bfb21-4ee2-c7ba-be7f-792a1db015fd', '126535', '남산서울타워', '서울특별시 용산구 남산공원길 105', 37.5510545, 126.9878821, 'https://tong.visitkorea.or.kr/cms/resource/70/3089670_image2_1.jpg'),
  ('61b92819-5a2f-2136-67d3-6cc2549d01bc', '129703', '국립중앙박물관', '서울특별시 용산구 서빙고로 137 (용산동6가)', 37.5211168, 126.9791124, 'https://tong.visitkorea.or.kr/cms/resource/12/3495012_image2_1.jpg'),
  ('9da3e29b-bd51-597d-bffb-8d065e6c8e6d', '128611', '서울숲', '서울특별시 성동구 뚝섬로 273', 37.5430716, 127.0417984, 'https://tong.visitkorea.or.kr/cms/resource_photo/99/3580599_image2_1.jpg'),
  ('52034fdc-fa2c-a033-894e-a978b975de76', '2650231', '성수동 수제화거리', '서울특별시 성동구 성수동2가 289-30', 37.5444527, 127.0572145, 'https://tong.visitkorea.or.kr/cms/resource/78/2933778_image2_1.bmp'),

  ('e0101010-0000-4000-8000-000000000001', '228853', '용두암', '제주특별자치도 제주시 용두암길 15 (용담이동)', 33.5147813, 126.5125099, 'https://tong.visitkorea.or.kr/cms/resource/68/3011868_image2_1.jpg'),
  ('e0101020-0000-4000-8000-000000000002', '1013246', '동문재래시장', '제주특별자치도 제주시 관덕로14길 20', 33.5115624, 126.5260588, 'https://tong.visitkorea.or.kr/cms/resource/38/2678438_image2_1.jpg'),
  ('e0101030-0000-4000-8000-000000000003', '2660802', '오설록 티뮤지엄', '제주특별자치도 서귀포시 안덕면 신화역사로 15', 33.3060818, 126.2893922, 'https://tong.visitkorea.or.kr/cms/resource/57/3497257_image2_1.jpg'),
  ('e0102010-0000-4000-8000-000000000004', '126435', '성산일출봉', '제주특별자치도 서귀포시 성산읍 일출로 284-12', 33.4581111, 126.9415156, 'https://tong.visitkorea.or.kr/cms/resource/00/2613500_image2_1.jpg'),
  ('e0102020-0000-4000-8000-000000000005', '598696', '소머리오름(우도봉)', '제주특별자치도 제주시 우도면 연평리', 33.4915606, 126.9651406, 'https://tong.visitkorea.or.kr/cms/resource/92/3527092_image2_1.jpg'),
  ('e0103010-0000-4000-8000-000000000006', '126437', '정방폭포', '제주특별자치도 서귀포시 칠십리로214번길 37', 33.2450398, 126.5716053, 'https://tong.visitkorea.or.kr/cms/resource/78/2665278_image2_1.jpg'),
  ('e0103020-0000-4000-8000-000000000007', '127053', '대포주상절리', '제주특별자치도 서귀포시 이어도로 36-24 (중문동)', 33.2389326, 126.4264985, 'https://tong.visitkorea.or.kr/cms/resource/61/3535261_image2_1.jpg'),
  ('e0104010-0000-4000-8000-000000000008', '127635', '한라산', '제주특별자치도 서귀포시 토평동', 33.3618000, 126.5300000, 'https://tong.visitkorea.or.kr/cms/resource_photo/41/3460441_image2_1.jpg'),
  ('e12cd370-9bc8-af79-58a7-8c5dbd27e2f9', '127490', '협재해수욕장', '제주특별자치도 제주시 한림읍 한림로 329-10', 33.3937765, 126.2394419, 'https://tong.visitkorea.or.kr/cms/resource/66/3096066_image2_1.jpg'),
  ('739a712e-2996-7952-36e7-13ddddf90631', '741109', '카멜리아힐', '제주특별자치도 서귀포시 안덕면 병악로 166', 33.2898683, 126.3682547, 'https://tong.visitkorea.or.kr/cms/resource/84/4064284_image2_1.jpg'),

  ('e0201010-0000-4000-8000-000000000011', '126081', '해운대해수욕장', '부산광역시 해운대구 해운대해변로 264', 35.1590840, 129.1602786, 'https://tong.visitkorea.or.kr/cms/resource/34/3090534_image2_1.JPG'),
  ('e0201020-0000-4000-8000-000000000012', '126078', '광안리해수욕장', '부산광역시 수영구 광안해변로 219 (광안동)', 35.1538131, 129.1185478, 'https://tong.visitkorea.or.kr/cms/resource/45/3311245_image2_1.jpg'),
  ('e0201030-0000-4000-8000-000000000013', '2350092', '더베이101', '부산광역시 해운대구 동백로 52', 35.1566217, 129.1520976, 'https://tong.visitkorea.or.kr/cms/resource/41/3407941_image2_1.png'),
  ('e0202010-0000-4000-8000-000000000014', '126848', '해동용궁사', '부산광역시 기장군 기장읍 용궁길 86', 35.1882429, 129.2235302, 'https://tong.visitkorea.or.kr/cms/resource/35/3499335_image2_1.jpg'),
  ('e0202020-0000-4000-8000-000000000015', '1997221', '부산 감천문화마을', '부산광역시 사하구 감내2로 203', 35.0974607, 129.0105970, 'https://tong.visitkorea.or.kr/cms/resource/91/3365491_image2_1.jpg'),
  ('e0203010-0000-4000-8000-000000000016', '126658', '태종대', '부산광역시 영도구 전망로 24 (동삼동)', 35.0596949, 129.0798057, 'https://tong.visitkorea.or.kr/cms/resource/83/3506383_image2_1.jpg'),
  ('e0203020-0000-4000-8000-000000000017', '132190', '부산 자갈치시장', '부산광역시 중구 자갈치해안로 52 (남포동4가)', 35.0966512, 129.0306042, 'https://tong.visitkorea.or.kr/cms/resource/13/2941313_image2_1.bmp'),
  ('9592b84b-5546-1719-bf92-2732c62348e1', '2504464', '부산 송도해상케이블카', '부산광역시 서구 송도해변로 171', 35.0766810, 129.0234248, 'https://tong.visitkorea.or.kr/cms/resource/11/3413711_image2_1.jpg'),
  ('2e140291-68e1-f464-0f27-bf3b2faf7148', '2684712', '흰여울문화마을', '부산광역시 영도구 영선동4가 605-3', 35.0783000, 129.0453000, 'https://tong.visitkorea.or.kr/cms/resource/74/3495874_image2_1.jpg'),

  ('e0401010-0000-4000-8000-000000000031', '126166', '불국사', '경상북도 경주시 불국로 385 (진현동)', 35.7923023, 129.3317254, 'https://tong.visitkorea.or.kr/cms/resource/70/3506170_image2_1.jpg'),
  ('e0401020-0000-4000-8000-000000000032', '126216', '석굴암', '경상북도 경주시 석굴로 238 석굴암', 35.7893407, 129.3507517, 'https://tong.visitkorea.or.kr/cms/resource/69/3581269_image2_1.jpg'),
  ('e0402010-0000-4000-8000-000000000033', '1492402', '경주 대릉원 일원', '경상북도 경주시 황남동 31-1', 35.8382000, 129.2128000, 'https://tong.visitkorea.or.kr/cms/resource/71/4056771_image2_1.jpg'),
  ('e0402020-0000-4000-8000-000000000034', '126207', '첨성대', '경상북도 경주시 첨성로 140-25', 35.8343303, 129.2185345, 'https://tong.visitkorea.or.kr/cms/resource/81/3554381_image2_1.jpg'),
  ('e0403010-0000-4000-8000-000000000035', '126230', '경주 보문관광단지', '경상북도 경주시 보문로 446 (신평동)', 35.8436980, 129.2869680, 'https://tong.visitkorea.or.kr/cms/resource/85/3479385_image2_1.jpg'),
  ('b9d2c1f5-339a-8d84-1e41-ec4f668e3d64', '128526', '경주 동궁과 월지', '경상북도 경주시 원화로 102 (인왕동)', 35.8352024, 129.2283747, 'https://tong.visitkorea.or.kr/cms/resource/62/2612562_image2_1.jpg'),
  ('bf225c07-82cc-64ef-d591-d572548692b4', '2658227', '경주 황리단길', '경상북도 경주시 포석로 1080 (황남동)', 35.8374083, 129.2099537, 'https://tong.visitkorea.or.kr/cms/resource/62/3480062_image2_1.jpg');

UPDATE itinerary.itinerary_items i
SET item_type = 'PLACE',
    place_provider = 'KTO',
    external_place_id = p.content_id,
    place_name = p.title,
    address = p.address,
    lat = p.lat,
    lng = p.lng,
    thumbnail_url = p.image_url,
    source_status = 'AVAILABLE',
    updated_at = now()
FROM demo_kto_places p
WHERE i.id = p.item_id;

DO $$
DECLARE
  expected_count integer;
  updated_count integer;
BEGIN
  SELECT count(*) INTO expected_count FROM demo_kto_places;
  SELECT count(*) INTO updated_count
  FROM itinerary.itinerary_items i
  JOIN demo_kto_places p
    ON p.item_id = i.id
   AND p.content_id = i.external_place_id
   AND i.place_provider = 'KTO';

  IF updated_count <> expected_count THEN
    RAISE EXCEPTION 'Expected to update % KTO demo places, updated %', expected_count, updated_count;
  END IF;
END $$;

COMMIT;

-- END seeds/soomgil_demo_kto_places.sql
